timeframe,dataset,precision_macro,recall_macro,f1_macro,roc_auc,brier,log_loss,ECE,MCE
M15,IS,1.0,1.0,1.0,1.0,3.065726339457342e-09,0.00010428997885957165,5.532453755521357e-05,5.578619766177795e-05
M15,OOS,1.0,1.0,1.0,1.0,3.0745712642499257e-09,0.00010789725294141442,5.5356843709574444e-05,5.6106988138404645e-05
M5,IS,1.0,1.0,1.0,1.0,4.194029568083124e-09,0.00010314846193991965,6.47364063305414e-05,6.50306345718843e-05
M5,OOS,1.0,1.0,1.0,1.0,4.217244775617246e-09,0.00010395883195693728,6.488512715243378e-05,6.555700637174911e-05
