entry_hour,trades,net_pnl_cents,mean_pnl_cents,win_rate,timeframe,filter_preset,segment,experiment_name
1,3,-48.78400357225928,-16.261334524086426,0.0,M15,loose,IS,baseline_all_day
2,6,-91.69319235904368,-15.28219872650728,0.16666666666666666,M15,loose,IS,baseline_all_day
3,8,-143.42710549116873,-17.92838818639609,0.25,M15,loose,IS,baseline_all_day
4,7,-149.78371594445434,-21.39767370635062,0.14285714285714285,M15,loose,IS,baseline_all_day
5,12,-99.80038788605725,-8.31669899050477,0.3333333333333333,M15,loose,IS,baseline_all_day
6,6,81.20058680448892,13.533431134081487,1.0,M15,loose,IS,baseline_all_day
7,2,-0.7636462529762866,-0.3818231264881433,0.5,M15,loose,IS,baseline_all_day
8,5,0.854557492443746,0.1709114984887492,0.4,M15,loose,IS,baseline_all_day
9,2,-55.930622856421905,-27.965311428210953,0.0,M15,loose,IS,baseline_all_day
10,2,-67.19169038467953,-33.595845192339766,0.0,M15,loose,IS,baseline_all_day
11,1,13.570794957372527,13.570794957372527,1.0,M15,loose,IS,baseline_all_day
12,4,37.91050617054225,9.477626542635562,0.75,M15,loose,IS,baseline_all_day
13,8,62.64969715188727,7.831212143985908,0.625,M15,loose,IS,baseline_all_day
14,4,0.3530387925593459,0.08825969813983647,0.5,M15,loose,IS,baseline_all_day
16,2,-81.09655191694401,-40.548275958472004,0.0,M15,loose,IS,baseline_all_day
17,5,13.969405586499306,2.793881117299861,0.6,M15,loose,IS,baseline_all_day
18,3,-64.42924658326774,-21.476415527755915,0.3333333333333333,M15,loose,IS,baseline_all_day
19,2,39.13311072217766,19.56655536108883,0.5,M15,loose,IS,baseline_all_day
20,3,18.578250435839436,6.192750145279812,0.6666666666666666,M15,loose,IS,baseline_all_day
21,3,46.17796386009559,15.392654620031863,0.6666666666666666,M15,loose,IS,baseline_all_day
23,2,-44.187043197071034,-22.093521598535517,0.0,M15,loose,IS,baseline_all_day
7,7,-101.3623251868512,-14.48033216955017,0.14285714285714285,M15,loose,IS,session_only
8,11,5.761239855619351,0.5237490777835774,0.36363636363636365,M15,loose,IS,session_only
9,6,-187.99850952553243,-31.333084920922072,0.0,M15,loose,IS,session_only
10,6,-98.00439705156805,-16.33406617526134,0.16666666666666666,M15,loose,IS,session_only
11,7,-22.662254075903547,-3.2374648679862212,0.42857142857142855,M15,loose,IS,session_only
12,5,28.264082032605984,5.652816406521197,0.6,M15,loose,IS,session_only
13,10,42.91084775480613,4.291084775480613,0.5,M15,loose,IS,session_only
14,13,-33.30406677276642,-2.5618512902128012,0.38461538461538464,M15,loose,IS,session_only
15,4,-114.35000082893566,-28.587500207233916,0.0,M15,loose,IS,session_only
16,4,-55.96666226623711,-13.991665566559277,0.25,M15,loose,IS,session_only
17,5,13.969405586499306,2.793881117299861,0.6,M15,loose,IS,session_only
18,3,-64.42924658326774,-21.476415527755915,0.3333333333333333,M15,loose,IS,session_only
19,2,39.13311072217766,19.56655536108883,0.5,M15,loose,IS,session_only
20,5,46.800558562358674,9.360111712471735,0.6,M15,loose,IS,session_only
2,2,4.10597651279204,2.05298825639602,0.5,M15,loose,IS,volume_only
3,9,7.555058579359866,0.8394509532622073,0.3333333333333333,M15,loose,IS,volume_only
4,8,0.10224420508166077,0.012780525635207596,0.375,M15,loose,IS,volume_only
5,3,-7.470184318040083,-2.4900614393466944,0.3333333333333333,M15,loose,IS,volume_only
6,3,-25.57055424986629,-8.523518083288764,0.0,M15,loose,IS,volume_only
7,6,-51.97110480016818,-8.661850800028029,0.0,M15,loose,IS,volume_only
8,8,-50.41105661051006,-6.301382076313757,0.125,M15,loose,IS,volume_only
9,4,-12.944088624435608,-3.236022156108902,0.25,M15,loose,IS,volume_only
10,15,33375.9008196562,2225.0600546437468,0.4,M15,loose,IS,volume_only
11,7,2.5038368963532776,0.3576909851933254,0.42857142857142855,M15,loose,IS,volume_only
12,7,-21.81856639635953,-3.1169380566227898,0.2857142857142857,M15,loose,IS,volume_only
13,15,-74.56262957642593,-4.970841971761729,0.26666666666666666,M15,loose,IS,volume_only
14,13,-23.73141754225344,-1.8254936570964184,0.38461538461538464,M15,loose,IS,volume_only
15,6,-50.4960460767461,-8.416007679457683,0.16666666666666666,M15,loose,IS,volume_only
16,4,-54.3037426893261,-13.575935672331525,0.0,M15,loose,IS,volume_only
17,6,13.489005401902432,2.2481675669837387,0.3333333333333333,M15,loose,IS,volume_only
18,3,7.343016813674694,2.447672271224898,0.3333333333333333,M15,loose,IS,volume_only
19,2,-24.466221852912895,-12.233110926456447,0.0,M15,loose,IS,volume_only
20,3,-158.70735252435225,-52.90245084145075,0.0,M15,loose,IS,volume_only
21,1,-9.292921796345581,-9.292921796345581,0.0,M15,loose,IS,volume_only
2,3,17.748157546666334,5.916052515555445,0.3333333333333333,M15,loose,IS,atr_only
3,6,-77.51161505357686,-12.918602508929476,0.16666666666666666,M15,loose,IS,atr_only
4,7,-84.19142341184852,-12.027346201692646,0.2857142857142857,M15,loose,IS,atr_only
5,5,-108.64761437979269,-21.729522875958537,0.0,M15,loose,IS,atr_only
8,7,6.315252625522589,0.902178946503227,0.42857142857142855,M15,loose,IS,atr_only
9,2,-55.930622856421905,-27.965311428210953,0.0,M15,loose,IS,atr_only
10,4,-31.487778075957067,-7.871944518989267,0.25,M15,loose,IS,atr_only
11,7,-22.662254075903547,-3.2374648679862212,0.42857142857142855,M15,loose,IS,atr_only
12,5,28.264082032605984,5.652816406521197,0.6,M15,loose,IS,atr_only
13,10,42.91084775480613,4.291084775480613,0.5,M15,loose,IS,atr_only
14,7,20.89084944581373,2.9844070636876756,0.5714285714285714,M15,loose,IS,atr_only
15,2,-64.84209532842215,-32.42104766421107,0.0,M15,loose,IS,atr_only
16,2,-81.09655191694401,-40.548275958472004,0.0,M15,loose,IS,atr_only
17,5,13.969405586499306,2.793881117299861,0.6,M15,loose,IS,atr_only
18,3,-64.42924658326774,-21.476415527755915,0.3333333333333333,M15,loose,IS,atr_only
19,2,39.13311072217766,19.56655536108883,0.5,M15,loose,IS,atr_only
20,5,46.800558562358674,9.360111712471735,0.6,M15,loose,IS,atr_only
21,7,-94.41065603274637,-13.487236576106625,0.2857142857142857,M15,loose,IS,atr_only
22,2,-56.80401467411684,-28.40200733705842,0.0,M15,loose,IS,atr_only
0,4,-68.80184323349113,-17.20046080837278,0.0,M15,loose,IS,adx_only
1,3,-16.649483281489665,-5.549827760496555,0.0,M15,loose,IS,adx_only
2,3,-1.8538108431266664,-0.6179369477088889,0.3333333333333333,M15,loose,IS,adx_only
3,7,-20.928480121724533,-2.989782874532076,0.2857142857142857,M15,loose,IS,adx_only
4,9,39.38678383820843,4.376309315356492,0.4444444444444444,M15,loose,IS,adx_only
5,9,-24.122096494561447,-2.680232943840161,0.2222222222222222,M15,loose,IS,adx_only
6,6,-6.186068286388036,-1.0310113810646726,0.3333333333333333,M15,loose,IS,adx_only
7,3,-26.707684779967167,-8.902561593322389,0.0,M15,loose,IS,adx_only
8,5,-23.283256248346333,-4.656651249669267,0.2,M15,loose,IS,adx_only
9,4,-12.944088624435608,-3.236022156108902,0.25,M15,loose,IS,adx_only
10,11,33392.69021833222,3035.699110757475,0.45454545454545453,M15,loose,IS,adx_only
11,12,-23.225425380605884,-1.9354521150504904,0.3333333333333333,M15,loose,IS,adx_only
12,10,-26.049569243728,-2.6049569243728,0.3,M15,loose,IS,adx_only
13,14,-44.170562923104626,-3.1550402087931877,0.2857142857142857,M15,loose,IS,adx_only
14,14,-11.567577612122477,-0.8262555437230341,0.42857142857142855,M15,loose,IS,adx_only
15,3,-41.74658644426927,-13.915528814756422,0.0,M15,loose,IS,adx_only
16,2,-32.388249317464215,-16.194124658732107,0.0,M15,loose,IS,adx_only
17,5,27.03787653190375,5.40757530638075,0.4,M15,loose,IS,adx_only
18,3,7.343016813674694,2.447672271224898,0.3333333333333333,M15,loose,IS,adx_only
19,2,-24.466221852912895,-12.233110926456447,0.0,M15,loose,IS,adx_only
20,5,-177.17588436642473,-35.435176873284945,0.0,M15,loose,IS,adx_only
21,3,-3.231033621318602,-1.0770112071062006,0.3333333333333333,M15,loose,IS,adx_only
22,3,-30.144828191760098,-10.048276063920033,0.0,M15,loose,IS,adx_only
23,1,-8.314238367261169,-8.314238367261169,0.0,M15,loose,IS,adx_only
2,2,4.10597651279204,2.05298825639602,0.5,M15,loose,IS,volume_atr
3,4,-12.7163964884312,-3.1790991221078,0.25,M15,loose,IS,volume_atr
4,3,-29.631403327912267,-9.877134442637422,0.0,M15,loose,IS,volume_atr
5,1,-10.215767404852159,-10.215767404852159,0.0,M15,loose,IS,volume_atr
6,1,-9.543249266930616,-9.543249266930616,0.0,M15,loose,IS,volume_atr
7,3,-29.26066999624254,-9.75355666541418,0.0,M15,loose,IS,volume_atr
8,4,-14.99300179009424,-3.74825044752356,0.25,M15,loose,IS,volume_atr
9,3,-3.6223181483637745,-1.2074393827879248,0.3333333333333333,M15,loose,IS,volume_atr
10,9,33387.01036006539,3709.667817785043,0.4444444444444444,M15,loose,IS,volume_atr
11,4,-62.5455515835165,-15.636387895879125,0.25,M15,loose,IS,volume_atr
12,4,-61.715741692778465,-15.428935423194616,0.25,M15,loose,IS,volume_atr
13,10,-124.48002338835522,-12.448002338835522,0.2,M15,loose,IS,volume_atr
14,8,-23.252443820756525,-2.9065554775945657,0.375,M15,loose,IS,volume_atr
15,4,-55.44668515647572,-13.86167128911893,0.0,M15,loose,IS,volume_atr
16,2,-32.388249317464215,-16.194124658732107,0.0,M15,loose,IS,volume_atr
17,2,66.56520802077011,33.28260401038506,1.0,M15,loose,IS,volume_atr
18,1,31.626107713836973,31.626107713836973,1.0,M15,loose,IS,volume_atr
19,1,-14.096942376772859,-14.096942376772859,0.0,M15,loose,IS,volume_atr
20,3,-158.70735252435225,-52.90245084145075,0.0,M15,loose,IS,volume_atr
21,1,-9.292921796345581,-9.292921796345581,0.0,M15,loose,IS,volume_atr
2,2,4.10597651279204,2.05298825639602,0.5,M15,loose,IS,adaptive_quality
3,6,-35.6332917545069,-5.938881959084483,0.16666666666666666,M15,loose,IS,adaptive_quality
4,4,-15.647500960349134,-3.9118752400872836,0.25,M15,loose,IS,adaptive_quality
5,1,-10.215767404852159,-10.215767404852159,0.0,M15,loose,IS,adaptive_quality
6,2,-18.72074816055374,-9.36037408027687,0.0,M15,loose,IS,adaptive_quality
7,2,-19.589790070713207,-9.794895035356603,0.0,M15,loose,IS,adaptive_quality
8,4,-14.99300179009424,-3.74825044752356,0.25,M15,loose,IS,adaptive_quality
9,4,-12.944088624435608,-3.236022156108902,0.25,M15,loose,IS,adaptive_quality
10,11,33392.69021833222,3035.699110757475,0.45454545454545453,M15,loose,IS,adaptive_quality
11,4,-62.5455515835165,-15.636387895879125,0.25,M15,loose,IS,adaptive_quality
12,5,-46.110650651689866,-9.222130130337973,0.4,M15,loose,IS,adaptive_quality
13,11,-134.12192645988398,-12.192902405443999,0.18181818181818182,M15,loose,IS,adaptive_quality
14,8,-23.252443820756525,-2.9065554775945657,0.375,M15,loose,IS,adaptive_quality
15,3,-41.74658644426927,-13.915528814756422,0.0,M15,loose,IS,adaptive_quality
16,2,-32.388249317464215,-16.194124658732107,0.0,M15,loose,IS,adaptive_quality
17,2,66.56520802077011,33.28260401038506,1.0,M15,loose,IS,adaptive_quality
18,1,31.626107713836973,31.626107713836973,1.0,M15,loose,IS,adaptive_quality
19,1,-14.096942376772859,-14.096942376772859,0.0,M15,loose,IS,adaptive_quality
20,3,-158.70735252435225,-52.90245084145075,0.0,M15,loose,IS,adaptive_quality
21,1,-9.292921796345581,-9.292921796345581,0.0,M15,loose,IS,adaptive_quality
7,2,-19.589790070713207,-9.794895035356603,0.0,M15,loose,IS,session_plus_adaptive
8,5,-23.283256248346333,-4.656651249669267,0.2,M15,loose,IS,session_plus_adaptive
9,4,-12.944088624435608,-3.236022156108902,0.25,M15,loose,IS,session_plus_adaptive
10,11,33392.69021833222,3035.699110757475,0.45454545454545453,M15,loose,IS,session_plus_adaptive
11,8,-52.57263948411946,-6.571579935514933,0.375,M15,loose,IS,session_plus_adaptive
12,5,-46.110650651689866,-9.222130130337973,0.4,M15,loose,IS,session_plus_adaptive
13,13,-153.86077585696512,-11.835444296689625,0.15384615384615385,M15,loose,IS,session_plus_adaptive
14,8,-23.252443820756525,-2.9065554775945657,0.375,M15,loose,IS,session_plus_adaptive
15,3,-41.74658644426927,-13.915528814756422,0.0,M15,loose,IS,session_plus_adaptive
16,2,-32.388249317464215,-16.194124658732107,0.0,M15,loose,IS,session_plus_adaptive
17,5,27.03787653190375,5.40757530638075,0.4,M15,loose,IS,session_plus_adaptive
18,3,7.343016813674694,2.447672271224898,0.3333333333333333,M15,loose,IS,session_plus_adaptive
19,2,-24.466221852912895,-12.233110926456447,0.0,M15,loose,IS,session_plus_adaptive
20,3,-158.70735252435225,-52.90245084145075,0.0,M15,loose,IS,session_plus_adaptive
16,4,-403.19686515469584,-100.79921628867396,0.0,M15,loose,OOS,baseline_all_day
22,2,-180.4062525962945,-90.20312629814725,0.0,M15,loose,OOS,baseline_all_day
16,4,-403.19686515469584,-100.79921628867396,0.0,M15,loose,OOS,session_only
17,2,-232.6509746711963,-116.32548733559815,0.0,M15,loose,OOS,session_only
16,4,-403.19686515469584,-100.79921628867396,0.0,M15,loose,OOS,volume_only
22,2,-180.4062525962945,-90.20312629814725,0.0,M15,loose,OOS,volume_only
16,4,-403.19686515469584,-100.79921628867396,0.0,M15,loose,OOS,atr_only
22,2,-180.4062525962945,-90.20312629814725,0.0,M15,loose,OOS,atr_only
16,2,-223.14769843524118,-111.57384921762059,0.0,M15,loose,OOS,adx_only
17,2,-232.6509746711963,-116.32548733559815,0.0,M15,loose,OOS,adx_only
22,2,-180.4062525962945,-90.20312629814725,0.0,M15,loose,OOS,adx_only
16,4,-403.19686515469584,-100.79921628867396,0.0,M15,loose,OOS,volume_atr
22,2,-180.4062525962945,-90.20312629814725,0.0,M15,loose,OOS,volume_atr
16,2,-223.14769843524118,-111.57384921762059,0.0,M15,loose,OOS,adaptive_quality
17,2,-232.6509746711963,-116.32548733559815,0.0,M15,loose,OOS,adaptive_quality
22,2,-180.4062525962945,-90.20312629814725,0.0,M15,loose,OOS,adaptive_quality
7,17,12944.176447903455,761.4221439943209,0.29411764705882354,M15,loose,OOS,session_plus_adaptive
8,18,-107.01315270884152,-5.945175150491195,0.3333333333333333,M15,loose,OOS,session_plus_adaptive
9,24,157.27916390436803,6.553298496015334,0.4583333333333333,M15,loose,OOS,session_plus_adaptive
10,27,-144.10843384958753,-5.337349401836575,0.4074074074074074,M15,loose,OOS,session_plus_adaptive
11,27,-488.81316237432657,-18.104191199049133,0.18518518518518517,M15,loose,OOS,session_plus_adaptive
12,21,509.75687456821106,24.274136884200527,0.5714285714285714,M15,loose,OOS,session_plus_adaptive
13,18,158.81175076735417,8.822875042630788,0.4444444444444444,M15,loose,OOS,session_plus_adaptive
14,18,502.63218607427007,27.92401033745945,0.5,M15,loose,OOS,session_plus_adaptive
15,21,229.10541322975405,10.90978158236924,0.5714285714285714,M15,loose,OOS,session_plus_adaptive
16,17,-322.54187720092887,-18.97305160005464,0.29411764705882354,M15,loose,OOS,session_plus_adaptive
17,22,-623.5823447155599,-28.34465203252545,0.18181818181818182,M15,loose,OOS,session_plus_adaptive
18,16,-278.4099345589402,-17.400620909933764,0.3125,M15,loose,OOS,session_plus_adaptive
19,9,-90.77933957014466,-10.08659328557163,0.3333333333333333,M15,loose,OOS,session_plus_adaptive
20,18,281.2654085048689,15.625856028048272,0.5,M15,loose,OOS,session_plus_adaptive
1,3,-48.78400357225928,-16.261334524086426,0.0,M15,moderate,IS,baseline_all_day
2,6,-91.69319235904368,-15.28219872650728,0.16666666666666666,M15,moderate,IS,baseline_all_day
3,8,-143.42710549116873,-17.92838818639609,0.25,M15,moderate,IS,baseline_all_day
4,7,-149.78371594445434,-21.39767370635062,0.14285714285714285,M15,moderate,IS,baseline_all_day
5,12,-99.80038788605725,-8.31669899050477,0.3333333333333333,M15,moderate,IS,baseline_all_day
6,6,81.20058680448892,13.533431134081487,1.0,M15,moderate,IS,baseline_all_day
7,2,-0.7636462529762866,-0.3818231264881433,0.5,M15,moderate,IS,baseline_all_day
8,5,0.854557492443746,0.1709114984887492,0.4,M15,moderate,IS,baseline_all_day
9,2,-55.930622856421905,-27.965311428210953,0.0,M15,moderate,IS,baseline_all_day
10,2,-67.19169038467953,-33.595845192339766,0.0,M15,moderate,IS,baseline_all_day
11,1,13.570794957372527,13.570794957372527,1.0,M15,moderate,IS,baseline_all_day
12,4,37.91050617054225,9.477626542635562,0.75,M15,moderate,IS,baseline_all_day
13,8,62.64969715188727,7.831212143985908,0.625,M15,moderate,IS,baseline_all_day
14,4,0.3530387925593459,0.08825969813983647,0.5,M15,moderate,IS,baseline_all_day
16,2,-81.09655191694401,-40.548275958472004,0.0,M15,moderate,IS,baseline_all_day
17,5,13.969405586499306,2.793881117299861,0.6,M15,moderate,IS,baseline_all_day
18,3,-64.42924658326774,-21.476415527755915,0.3333333333333333,M15,moderate,IS,baseline_all_day
19,2,39.13311072217766,19.56655536108883,0.5,M15,moderate,IS,baseline_all_day
20,3,18.578250435839436,6.192750145279812,0.6666666666666666,M15,moderate,IS,baseline_all_day
21,3,46.17796386009559,15.392654620031863,0.6666666666666666,M15,moderate,IS,baseline_all_day
23,2,-44.187043197071034,-22.093521598535517,0.0,M15,moderate,IS,baseline_all_day
7,7,-101.3623251868512,-14.48033216955017,0.14285714285714285,M15,moderate,IS,session_only
8,11,5.761239855619351,0.5237490777835774,0.36363636363636365,M15,moderate,IS,session_only
9,6,-187.99850952553243,-31.333084920922072,0.0,M15,moderate,IS,session_only
10,6,-98.00439705156805,-16.33406617526134,0.16666666666666666,M15,moderate,IS,session_only
11,7,-22.662254075903547,-3.2374648679862212,0.42857142857142855,M15,moderate,IS,session_only
12,5,28.264082032605984,5.652816406521197,0.6,M15,moderate,IS,session_only
13,10,42.91084775480613,4.291084775480613,0.5,M15,moderate,IS,session_only
14,13,-33.30406677276642,-2.5618512902128012,0.38461538461538464,M15,moderate,IS,session_only
15,4,-114.35000082893566,-28.587500207233916,0.0,M15,moderate,IS,session_only
16,4,-55.96666226623711,-13.991665566559277,0.25,M15,moderate,IS,session_only
17,5,13.969405586499306,2.793881117299861,0.6,M15,moderate,IS,session_only
18,3,-64.42924658326774,-21.476415527755915,0.3333333333333333,M15,moderate,IS,session_only
19,2,39.13311072217766,19.56655536108883,0.5,M15,moderate,IS,session_only
20,5,46.800558562358674,9.360111712471735,0.6,M15,moderate,IS,session_only
2,2,4.10597651279204,2.05298825639602,0.5,M15,moderate,IS,volume_only
3,9,7.555058579359866,0.8394509532622073,0.3333333333333333,M15,moderate,IS,volume_only
4,7,-15.401598579942402,-2.2002283685632,0.2857142857142857,M15,moderate,IS,volume_only
5,2,-25.401124499367143,-12.700562249683571,0.0,M15,moderate,IS,volume_only
6,2,-16.027304982935675,-8.013652491467838,0.0,M15,moderate,IS,volume_only
7,5,-42.30022487463884,-8.460044974927769,0.0,M15,moderate,IS,volume_only
8,8,-50.41105661051006,-6.301382076313757,0.125,M15,moderate,IS,volume_only
9,4,-12.944088624435608,-3.236022156108902,0.25,M15,moderate,IS,volume_only
10,14,33386.86330429065,2384.775950306475,0.42857142857142855,M15,moderate,IS,volume_only
11,4,6.975339476052795,1.7438348690131988,0.5,M15,moderate,IS,volume_only
12,7,-52.83353407374307,-7.547647724820438,0.14285714285714285,M15,moderate,IS,volume_only
13,15,-70.38070679067005,-4.692047119378003,0.26666666666666666,M15,moderate,IS,volume_only
14,13,-23.73141754225344,-1.8254936570964184,0.38461538461538464,M15,moderate,IS,volume_only
15,6,-50.4960460767461,-8.416007679457683,0.16666666666666666,M15,moderate,IS,volume_only
16,4,-54.3037426893261,-13.575935672331525,0.0,M15,moderate,IS,volume_only
17,6,13.489005401902432,2.2481675669837387,0.3333333333333333,M15,moderate,IS,volume_only
18,2,19.268393913753243,9.634196956876622,0.5,M15,moderate,IS,volume_only
19,2,-24.466221852912895,-12.233110926456447,0.0,M15,moderate,IS,volume_only
20,3,-158.70735252435225,-52.90245084145075,0.0,M15,moderate,IS,volume_only
2,3,17.748157546666334,5.916052515555445,0.3333333333333333,M15,moderate,IS,atr_only
3,6,-77.51161505357686,-12.918602508929476,0.16666666666666666,M15,moderate,IS,atr_only
4,7,-84.19142341184852,-12.027346201692646,0.2857142857142857,M15,moderate,IS,atr_only
5,5,-108.64761437979269,-21.729522875958537,0.0,M15,moderate,IS,atr_only
8,5,4.484129209790808,0.8968258419581616,0.4,M15,moderate,IS,atr_only
9,2,-55.930622856421905,-27.965311428210953,0.0,M15,moderate,IS,atr_only
10,4,-31.487778075957067,-7.871944518989267,0.25,M15,moderate,IS,atr_only
11,7,-22.662254075903547,-3.2374648679862212,0.42857142857142855,M15,moderate,IS,atr_only
12,5,28.264082032605984,5.652816406521197,0.6,M15,moderate,IS,atr_only
13,7,55.535160594613444,7.933594370659064,0.5714285714285714,M15,moderate,IS,atr_only
14,6,0.6374978552776156,0.10624964254626927,0.5,M15,moderate,IS,atr_only
15,2,-64.84209532842215,-32.42104766421107,0.0,M15,moderate,IS,atr_only
16,2,-81.09655191694401,-40.548275958472004,0.0,M15,moderate,IS,atr_only
17,5,13.969405586499306,2.793881117299861,0.6,M15,moderate,IS,atr_only
18,3,-64.42924658326774,-21.476415527755915,0.3333333333333333,M15,moderate,IS,atr_only
19,2,39.13311072217766,19.56655536108883,0.5,M15,moderate,IS,atr_only
20,5,46.800558562358674,9.360111712471735,0.6,M15,moderate,IS,atr_only
21,7,-94.41065603274637,-13.487236576106625,0.2857142857142857,M15,moderate,IS,atr_only
22,2,-56.80401467411684,-28.40200733705842,0.0,M15,moderate,IS,atr_only
0,3,-61.59194369108718,-20.53064789702906,0.0,M15,moderate,IS,adx_only
1,3,-16.649483281489665,-5.549827760496555,0.0,M15,moderate,IS,adx_only
2,3,-1.8538108431266664,-0.6179369477088889,0.3333333333333333,M15,moderate,IS,adx_only
3,7,-20.928480121724533,-2.989782874532076,0.2857142857142857,M15,moderate,IS,adx_only
4,8,49.10005324261874,6.137506655327343,0.5,M15,moderate,IS,adx_only
5,8,-42.05303667588851,-5.256629584486063,0.125,M15,moderate,IS,adx_only
6,5,0.8661009574188938,0.17322019148377876,0.4,M15,moderate,IS,adx_only
7,1,-7.11789470925396,-7.11789470925396,0.0,M15,moderate,IS,adx_only
8,5,-23.283256248346333,-4.656651249669267,0.2,M15,moderate,IS,adx_only
9,3,-28.564423645248098,-9.521474548416032,0.0,M15,moderate,IS,adx_only
10,11,33392.69021833222,3035.699110757475,0.45454545454545453,M15,moderate,IS,adx_only
11,8,-33.19833748000292,-4.149792185000365,0.25,M15,moderate,IS,adx_only
12,10,-27.316373804351315,-2.7316373804351315,0.3,M15,moderate,IS,adx_only
13,12,-24.431713526023486,-2.035976127168624,0.3333333333333333,M15,moderate,IS,adx_only
14,17,-33.27863036909548,-1.9575664922997342,0.35294117647058826,M15,moderate,IS,adx_only
15,4,-49.99790402768667,-12.499476006921668,0.0,M15,moderate,IS,adx_only
16,2,-32.388249317464215,-16.194124658732107,0.0,M15,moderate,IS,adx_only
17,4,40.292185438333945,10.073046359583486,0.5,M15,moderate,IS,adx_only
18,3,7.343016813674694,2.447672271224898,0.3333333333333333,M15,moderate,IS,adx_only
19,2,-24.466221852912895,-12.233110926456447,0.0,M15,moderate,IS,adx_only
20,5,-177.17588436642473,-35.435176873284945,0.0,M15,moderate,IS,adx_only
21,2,6.061888175026979,3.0309440875134896,0.5,M15,moderate,IS,adx_only
22,3,-30.144828191760098,-10.048276063920033,0.0,M15,moderate,IS,adx_only
23,2,-16.846008304032694,-8.423004152016347,0.0,M15,moderate,IS,adx_only
2,2,4.10597651279204,2.05298825639602,0.5,M15,moderate,IS,volume_atr
3,6,-35.6332917545069,-5.938881959084483,0.16666666666666666,M15,moderate,IS,volume_atr
4,4,-41.05178771935698,-10.262946929839245,0.0,M15,moderate,IS,volume_atr
5,1,-10.215767404852159,-10.215767404852159,0.0,M15,moderate,IS,volume_atr
6,1,-9.177498893623124,-9.177498893623124,0.0,M15,moderate,IS,volume_atr
7,2,-19.589790070713207,-9.794895035356603,0.0,M15,moderate,IS,volume_atr
8,4,-14.99300179009424,-3.74825044752356,0.25,M15,moderate,IS,volume_atr
9,4,-12.944088624435608,-3.236022156108902,0.25,M15,moderate,IS,volume_atr
10,13,33398.18405697391,2569.0910813056853,0.46153846153846156,M15,moderate,IS,volume_atr
11,1,-11.127377065868131,-11.127377065868131,0.0,M15,moderate,IS,volume_atr
12,3,-51.75467167132865,-17.251557223776217,0.3333333333333333,M15,moderate,IS,volume_atr
13,7,-91.10554696675536,-13.015078138107908,0.14285714285714285,M15,moderate,IS,volume_atr
14,9,-62.60783906093366,-6.956426562325962,0.3333333333333333,M15,moderate,IS,volume_atr
15,4,-55.44668515647572,-13.86167128911893,0.0,M15,moderate,IS,volume_atr
16,2,-32.388249317464215,-16.194124658732107,0.0,M15,moderate,IS,volume_atr
17,2,64.25820259985812,32.12910129992906,0.5,M15,moderate,IS,volume_atr
19,1,-14.096942376772859,-14.096942376772859,0.0,M15,moderate,IS,volume_atr
20,3,-158.70735252435225,-52.90245084145075,0.0,M15,moderate,IS,volume_atr
2,2,4.10597651279204,2.05298825639602,0.5,M15,moderate,IS,adaptive_quality
3,6,-35.6332917545069,-5.938881959084483,0.16666666666666666,M15,moderate,IS,adaptive_quality
4,5,4.212114798451694,0.8424229596903388,0.4,M15,moderate,IS,adaptive_quality
5,1,-10.215767404852159,-10.215767404852159,0.0,M15,moderate,IS,adaptive_quality
6,1,-9.177498893623124,-9.177498893623124,0.0,M15,moderate,IS,adaptive_quality
8,4,-14.99300179009424,-3.74825044752356,0.25,M15,moderate,IS,adaptive_quality
9,3,-28.564423645248098,-9.521474548416032,0.0,M15,moderate,IS,adaptive_quality
10,11,33392.69021833222,3035.699110757475,0.45454545454545453,M15,moderate,IS,adaptive_quality
11,1,-11.127377065868131,-11.127377065868131,0.0,M15,moderate,IS,adaptive_quality
12,2,-66.55235939538215,-33.27617969769108,0.0,M15,moderate,IS,adaptive_quality
13,7,-91.10554696675536,-13.015078138107908,0.14285714285714285,M15,moderate,IS,adaptive_quality
14,9,-62.60783906093366,-6.956426562325962,0.3333333333333333,M15,moderate,IS,adaptive_quality
15,3,-41.74658644426927,-13.915528814756422,0.0,M15,moderate,IS,adaptive_quality
16,2,-32.388249317464215,-16.194124658732107,0.0,M15,moderate,IS,adaptive_quality
17,4,37.98518001742195,9.496295004355488,0.25,M15,moderate,IS,adaptive_quality
18,1,-12.35771380008373,-12.35771380008373,0.0,M15,moderate,IS,adaptive_quality
19,2,-24.466221852912895,-12.233110926456447,0.0,M15,moderate,IS,adaptive_quality
20,3,-158.70735252435225,-52.90245084145075,0.0,M15,moderate,IS,adaptive_quality
7,3,-22.710434803925637,-7.5701449346418785,0.0,M15,moderate,IS,session_plus_adaptive
8,8,-50.41105661051006,-6.301382076313757,0.125,M15,moderate,IS,session_plus_adaptive
9,3,-28.564423645248098,-9.521474548416032,0.0,M15,moderate,IS,session_plus_adaptive
10,11,33392.69021833222,3035.699110757475,0.45454545454545453,M15,moderate,IS,session_plus_adaptive
11,1,-11.127377065868131,-11.127377065868131,0.0,M15,moderate,IS,session_plus_adaptive
12,2,-66.55235939538215,-33.27617969769108,0.0,M15,moderate,IS,session_plus_adaptive
13,7,-91.10554696675536,-13.015078138107908,0.14285714285714285,M15,moderate,IS,session_plus_adaptive
14,12,-42.070028407679274,-3.5058357006399397,0.4166666666666667,M15,moderate,IS,session_plus_adaptive
15,3,-41.74658644426927,-13.915528814756422,0.0,M15,moderate,IS,session_plus_adaptive
16,3,-40.787650703168765,-13.595883567722922,0.0,M15,moderate,IS,session_plus_adaptive
17,4,37.98518001742195,9.496295004355488,0.25,M15,moderate,IS,session_plus_adaptive
18,1,-12.35771380008373,-12.35771380008373,0.0,M15,moderate,IS,session_plus_adaptive
19,2,-24.466221852912895,-12.233110926456447,0.0,M15,moderate,IS,session_plus_adaptive
20,3,-158.70735252435225,-52.90245084145075,0.0,M15,moderate,IS,session_plus_adaptive
16,4,-403.19686515469584,-100.79921628867396,0.0,M15,moderate,OOS,baseline_all_day
22,2,-180.4062525962945,-90.20312629814725,0.0,M15,moderate,OOS,baseline_all_day
16,4,-403.19686515469584,-100.79921628867396,0.0,M15,moderate,OOS,session_only
17,2,-232.6509746711963,-116.32548733559815,0.0,M15,moderate,OOS,session_only
16,4,-403.19686515469584,-100.79921628867396,0.0,M15,moderate,OOS,volume_only
22,2,-180.4062525962945,-90.20312629814725,0.0,M15,moderate,OOS,volume_only
16,4,-403.19686515469584,-100.79921628867396,0.0,M15,moderate,OOS,atr_only
22,2,-180.4062525962945,-90.20312629814725,0.0,M15,moderate,OOS,atr_only
16,2,-223.14769843524118,-111.57384921762059,0.0,M15,moderate,OOS,adx_only
17,2,-232.6509746711963,-116.32548733559815,0.0,M15,moderate,OOS,adx_only
22,2,-180.4062525962945,-90.20312629814725,0.0,M15,moderate,OOS,adx_only
16,4,-403.19686515469584,-100.79921628867396,0.0,M15,moderate,OOS,volume_atr
22,2,-180.4062525962945,-90.20312629814725,0.0,M15,moderate,OOS,volume_atr
16,2,-223.14769843524118,-111.57384921762059,0.0,M15,moderate,OOS,adaptive_quality
17,2,-232.6509746711963,-116.32548733559815,0.0,M15,moderate,OOS,adaptive_quality
22,2,-180.4062525962945,-90.20312629814725,0.0,M15,moderate,OOS,adaptive_quality
7,21,13180.693469203261,627.6520699620601,0.38095238095238093,M15,moderate,OOS,session_plus_adaptive
8,15,-354.20089963537976,-23.613393309025316,0.2,M15,moderate,OOS,session_plus_adaptive
9,21,313.7142319022041,14.938772947724006,0.42857142857142855,M15,moderate,OOS,session_plus_adaptive
10,24,209.2201873594513,8.717507806643804,0.5,M15,moderate,OOS,session_plus_adaptive
11,30,-445.3728440960549,-14.845761469868497,0.2,M15,moderate,OOS,session_plus_adaptive
12,18,753.1784365794556,41.84324647663642,0.6111111111111112,M15,moderate,OOS,session_plus_adaptive
13,17,37.774402978548096,2.2220237046204763,0.4117647058823529,M15,moderate,OOS,session_plus_adaptive
14,22,396.60753369644226,18.027615168020102,0.45454545454545453,M15,moderate,OOS,session_plus_adaptive
15,28,18.19786321184438,0.6499236861372992,0.4642857142857143,M15,moderate,OOS,session_plus_adaptive
16,21,-518.341215699329,-24.682915033301384,0.2857142857142857,M15,moderate,OOS,session_plus_adaptive
17,29,-704.6705879991987,-24.29898579307582,0.27586206896551724,M15,moderate,OOS,session_plus_adaptive
18,23,-630.4071461675903,-27.409006355112624,0.30434782608695654,M15,moderate,OOS,session_plus_adaptive
19,9,185.7741913337577,20.641576814861967,0.4444444444444444,M15,moderate,OOS,session_plus_adaptive
20,15,289.48536818603316,19.299024545735545,0.5333333333333333,M15,moderate,OOS,session_plus_adaptive
1,3,-48.78400357225928,-16.261334524086426,0.0,M15,balanced,IS,baseline_all_day
2,6,-91.69319235904368,-15.28219872650728,0.16666666666666666,M15,balanced,IS,baseline_all_day
3,8,-143.42710549116873,-17.92838818639609,0.25,M15,balanced,IS,baseline_all_day
4,7,-149.78371594445434,-21.39767370635062,0.14285714285714285,M15,balanced,IS,baseline_all_day
5,12,-99.80038788605725,-8.31669899050477,0.3333333333333333,M15,balanced,IS,baseline_all_day
6,6,81.20058680448892,13.533431134081487,1.0,M15,balanced,IS,baseline_all_day
7,2,-0.7636462529762866,-0.3818231264881433,0.5,M15,balanced,IS,baseline_all_day
8,5,0.854557492443746,0.1709114984887492,0.4,M15,balanced,IS,baseline_all_day
9,2,-55.930622856421905,-27.965311428210953,0.0,M15,balanced,IS,baseline_all_day
10,2,-67.19169038467953,-33.595845192339766,0.0,M15,balanced,IS,baseline_all_day
11,1,13.570794957372527,13.570794957372527,1.0,M15,balanced,IS,baseline_all_day
12,4,37.91050617054225,9.477626542635562,0.75,M15,balanced,IS,baseline_all_day
13,8,62.64969715188727,7.831212143985908,0.625,M15,balanced,IS,baseline_all_day
14,4,0.3530387925593459,0.08825969813983647,0.5,M15,balanced,IS,baseline_all_day
16,2,-81.09655191694401,-40.548275958472004,0.0,M15,balanced,IS,baseline_all_day
17,5,13.969405586499306,2.793881117299861,0.6,M15,balanced,IS,baseline_all_day
18,3,-64.42924658326774,-21.476415527755915,0.3333333333333333,M15,balanced,IS,baseline_all_day
19,2,39.13311072217766,19.56655536108883,0.5,M15,balanced,IS,baseline_all_day
20,3,18.578250435839436,6.192750145279812,0.6666666666666666,M15,balanced,IS,baseline_all_day
21,3,46.17796386009559,15.392654620031863,0.6666666666666666,M15,balanced,IS,baseline_all_day
23,2,-44.187043197071034,-22.093521598535517,0.0,M15,balanced,IS,baseline_all_day
7,7,-101.3623251868512,-14.48033216955017,0.14285714285714285,M15,balanced,IS,session_only
8,11,5.761239855619351,0.5237490777835774,0.36363636363636365,M15,balanced,IS,session_only
9,6,-187.99850952553243,-31.333084920922072,0.0,M15,balanced,IS,session_only
10,6,-98.00439705156805,-16.33406617526134,0.16666666666666666,M15,balanced,IS,session_only
11,7,-22.662254075903547,-3.2374648679862212,0.42857142857142855,M15,balanced,IS,session_only
12,5,28.264082032605984,5.652816406521197,0.6,M15,balanced,IS,session_only
13,10,42.91084775480613,4.291084775480613,0.5,M15,balanced,IS,session_only
14,13,-33.30406677276642,-2.5618512902128012,0.38461538461538464,M15,balanced,IS,session_only
15,4,-114.35000082893566,-28.587500207233916,0.0,M15,balanced,IS,session_only
16,4,-55.96666226623711,-13.991665566559277,0.25,M15,balanced,IS,session_only
17,5,13.969405586499306,2.793881117299861,0.6,M15,balanced,IS,session_only
18,3,-64.42924658326774,-21.476415527755915,0.3333333333333333,M15,balanced,IS,session_only
19,2,39.13311072217766,19.56655536108883,0.5,M15,balanced,IS,session_only
20,5,46.800558562358674,9.360111712471735,0.6,M15,balanced,IS,session_only
3,5,-17.7124963217193,-3.54249926434386,0.4,M15,balanced,IS,volume_only
5,1,-15.185357094514984,-15.185357094514984,0.0,M15,balanced,IS,volume_only
7,2,-58.89490244222543,-29.447451221112715,0.0,M15,balanced,IS,volume_only
8,2,32.56270663410305,16.281353317051526,0.5,M15,balanced,IS,volume_only
9,2,-57.12870834320711,-28.564354171603554,0.0,M15,balanced,IS,volume_only
10,4,-124.21214146137572,-31.05303536534393,0.0,M15,balanced,IS,volume_only
13,8,-91.5803814409901,-11.447547680123762,0.25,M15,balanced,IS,volume_only
14,7,-134.56144421923455,-19.22306345989065,0.14285714285714285,M15,balanced,IS,volume_only
17,2,66.56520802077011,33.28260401038506,1.0,M15,balanced,IS,volume_only
18,1,31.626107713836973,31.626107713836973,1.0,M15,balanced,IS,volume_only
20,2,-145.43598552155345,-72.71799276077672,0.0,M15,balanced,IS,volume_only
2,2,-53.319461116834646,-26.659730558417323,0.0,M15,balanced,IS,atr_only
3,7,-158.1319171239511,-22.59027387485016,0.14285714285714285,M15,balanced,IS,atr_only
4,7,-149.78371594445434,-21.39767370635062,0.14285714285714285,M15,balanced,IS,atr_only
5,5,-108.64761437979269,-21.729522875958537,0.0,M15,balanced,IS,atr_only
8,6,-36.96714308147875,-6.161190513579792,0.3333333333333333,M15,balanced,IS,atr_only
9,2,-55.930622856421905,-27.965311428210953,0.0,M15,balanced,IS,atr_only
10,2,-67.19169038467953,-33.595845192339766,0.0,M15,balanced,IS,atr_only
11,1,13.570794957372527,13.570794957372527,1.0,M15,balanced,IS,atr_only
12,4,37.91050617054225,9.477626542635562,0.75,M15,balanced,IS,atr_only
13,5,75.27400999169458,15.054801998338917,0.8,M15,balanced,IS,atr_only
14,2,-4.554076952131254,-2.277038476065627,0.5,M15,balanced,IS,atr_only
16,2,-81.09655191694401,-40.548275958472004,0.0,M15,balanced,IS,atr_only
17,5,13.969405586499306,2.793881117299861,0.6,M15,balanced,IS,atr_only
18,3,-64.42924658326774,-21.476415527755915,0.3333333333333333,M15,balanced,IS,atr_only
19,2,39.13311072217766,19.56655536108883,0.5,M15,balanced,IS,atr_only
20,3,18.578250435839436,6.192750145279812,0.6666666666666666,M15,balanced,IS,atr_only
21,3,46.17796386009559,15.392654620031863,0.6666666666666666,M15,balanced,IS,atr_only
0,2,-39.31983742855664,-19.65991871427832,0.0,M15,balanced,IS,adx_only
3,2,37.88442858129656,18.94221429064828,0.5,M15,balanced,IS,adx_only
4,3,-17.2231386303838,-5.741046210127934,0.3333333333333333,M15,balanced,IS,adx_only
5,4,-115.29681932022413,-28.824204830056033,0.0,M15,balanced,IS,adx_only
6,6,-5.673779562898744,-0.9456299271497907,0.5,M15,balanced,IS,adx_only
9,2,-57.12870834320711,-28.564354171603554,0.0,M15,balanced,IS,adx_only
11,2,-66.76426239520879,-33.382131197604394,0.0,M15,balanced,IS,adx_only
12,2,46.85487998224744,23.42743999112372,0.5,M15,balanced,IS,adx_only
13,6,-67.59209507163632,-11.265349178606053,0.16666666666666666,M15,balanced,IS,adx_only
14,7,-123.82120292494164,-17.688743274991662,0.14285714285714285,M15,balanced,IS,adx_only
16,2,-97.2245534321064,-48.6122767160532,0.0,M15,balanced,IS,adx_only
3,2,-60.900846655586065,-30.450423327793033,0.0,M15,balanced,IS,volume_atr
7,2,-58.89490244222543,-29.447451221112715,0.0,M15,balanced,IS,volume_atr
8,2,32.56270663410305,16.281353317051526,0.5,M15,balanced,IS,volume_atr
9,2,-57.12870834320711,-28.564354171603554,0.0,M15,balanced,IS,volume_atr
10,2,-62.03740668367573,-31.018703341837863,0.0,M15,balanced,IS,volume_atr
13,4,-126.46217268819782,-31.615543172049456,0.0,M15,balanced,IS,volume_atr
14,6,-120.80138402992361,-20.133564004987267,0.16666666666666666,M15,balanced,IS,volume_atr
17,2,64.25820259985812,32.12910129992906,0.5,M15,balanced,IS,volume_atr
20,2,-145.43598552155345,-72.71799276077672,0.0,M15,balanced,IS,volume_atr
2,2,-53.319461116834646,-26.659730558417323,0.0,M15,balanced,IS,adaptive_quality
3,6,-71.06787168406754,-11.844645280677923,0.16666666666666666,M15,balanced,IS,adaptive_quality
4,4,-59.09173793510945,-14.772934483777362,0.25,M15,balanced,IS,adaptive_quality
5,2,-84.73477676831862,-42.36738838415931,0.0,M15,balanced,IS,adaptive_quality
9,2,-57.12870834320711,-28.564354171603554,0.0,M15,balanced,IS,adaptive_quality
11,2,-66.76426239520879,-33.382131197604394,0.0,M15,balanced,IS,adaptive_quality
12,2,46.85487998224744,23.42743999112372,0.5,M15,balanced,IS,adaptive_quality
13,2,31.67468832652048,15.83734416326024,0.5,M15,balanced,IS,adaptive_quality
14,6,-108.47496707909613,-18.079161179849354,0.16666666666666666,M15,balanced,IS,adaptive_quality
16,2,-97.2245534321064,-48.6122767160532,0.0,M15,balanced,IS,adaptive_quality
7,2,-45.90465067422883,-22.952325337114416,0.0,M15,balanced,IS,session_plus_adaptive
8,2,27.366470075990037,13.683235037995019,0.5,M15,balanced,IS,session_plus_adaptive
9,4,-112.56093469467487,-28.140233673668718,0.0,M15,balanced,IS,session_plus_adaptive
10,2,-63.93257476306644,-31.96628738153322,0.0,M15,balanced,IS,session_plus_adaptive
11,2,-66.76426239520879,-33.382131197604394,0.0,M15,balanced,IS,session_plus_adaptive
12,2,46.85487998224744,23.42743999112372,0.5,M15,balanced,IS,session_plus_adaptive
13,6,58.623428093615075,9.770571348935846,0.5,M15,balanced,IS,session_plus_adaptive
14,8,-172.50829171709938,-21.563536464637423,0.125,M15,balanced,IS,session_plus_adaptive
16,4,-70.73413367719695,-17.683533419299238,0.25,M15,balanced,IS,session_plus_adaptive
17,2,-77.32984301592296,-38.66492150796148,0.0,M15,balanced,IS,session_plus_adaptive
18,2,-91.00629034553094,-45.50314517276547,0.0,M15,balanced,IS,session_plus_adaptive
16,4,-403.19686515469584,-100.79921628867396,0.0,M15,balanced,OOS,baseline_all_day
22,2,-180.4062525962945,-90.20312629814725,0.0,M15,balanced,OOS,baseline_all_day
16,4,-403.19686515469584,-100.79921628867396,0.0,M15,balanced,OOS,session_only
17,2,-232.6509746711963,-116.32548733559815,0.0,M15,balanced,OOS,session_only
16,4,-403.19686515469584,-100.79921628867396,0.0,M15,balanced,OOS,volume_only
22,2,-180.4062525962945,-90.20312629814725,0.0,M15,balanced,OOS,volume_only
16,4,-403.19686515469584,-100.79921628867396,0.0,M15,balanced,OOS,atr_only
22,2,-180.4062525962945,-90.20312629814725,0.0,M15,balanced,OOS,atr_only
5,2,-188.9641524673425,-94.48207623367125,0.0,M15,balanced,OOS,adx_only
6,2,-192.2776186646115,-96.13880933230575,0.0,M15,balanced,OOS,adx_only
9,2,-170.15984504765584,-85.07992252382792,0.0,M15,balanced,OOS,adx_only
16,4,-403.19686515469584,-100.79921628867396,0.0,M15,balanced,OOS,volume_atr
22,2,-180.4062525962945,-90.20312629814725,0.0,M15,balanced,OOS,volume_atr
6,2,-192.2776186646115,-96.13880933230575,0.0,M15,balanced,OOS,adaptive_quality
9,2,-170.15984504765584,-85.07992252382792,0.0,M15,balanced,OOS,adaptive_quality
11,2,-189.90930412146554,-94.95465206073277,0.0,M15,balanced,OOS,adaptive_quality
8,2,-164.678294666719,-82.3391473333595,0.0,M15,balanced,OOS,session_plus_adaptive
9,2,-166.69771325854526,-83.34885662927263,0.0,M15,balanced,OOS,session_plus_adaptive
11,2,-189.90930412146554,-94.95465206073277,0.0,M15,balanced,OOS,session_plus_adaptive
1,3,-48.78400357225928,-16.261334524086426,0.0,M15,strict,IS,baseline_all_day
2,6,-91.69319235904368,-15.28219872650728,0.16666666666666666,M15,strict,IS,baseline_all_day
3,8,-143.42710549116873,-17.92838818639609,0.25,M15,strict,IS,baseline_all_day
4,7,-149.78371594445434,-21.39767370635062,0.14285714285714285,M15,strict,IS,baseline_all_day
5,12,-99.80038788605725,-8.31669899050477,0.3333333333333333,M15,strict,IS,baseline_all_day
6,6,81.20058680448892,13.533431134081487,1.0,M15,strict,IS,baseline_all_day
7,2,-0.7636462529762866,-0.3818231264881433,0.5,M15,strict,IS,baseline_all_day
8,5,0.854557492443746,0.1709114984887492,0.4,M15,strict,IS,baseline_all_day
9,2,-55.930622856421905,-27.965311428210953,0.0,M15,strict,IS,baseline_all_day
10,2,-67.19169038467953,-33.595845192339766,0.0,M15,strict,IS,baseline_all_day
11,1,13.570794957372527,13.570794957372527,1.0,M15,strict,IS,baseline_all_day
12,4,37.91050617054225,9.477626542635562,0.75,M15,strict,IS,baseline_all_day
13,8,62.64969715188727,7.831212143985908,0.625,M15,strict,IS,baseline_all_day
14,4,0.3530387925593459,0.08825969813983647,0.5,M15,strict,IS,baseline_all_day
16,2,-81.09655191694401,-40.548275958472004,0.0,M15,strict,IS,baseline_all_day
17,5,13.969405586499306,2.793881117299861,0.6,M15,strict,IS,baseline_all_day
18,3,-64.42924658326774,-21.476415527755915,0.3333333333333333,M15,strict,IS,baseline_all_day
19,2,39.13311072217766,19.56655536108883,0.5,M15,strict,IS,baseline_all_day
20,3,18.578250435839436,6.192750145279812,0.6666666666666666,M15,strict,IS,baseline_all_day
21,3,46.17796386009559,15.392654620031863,0.6666666666666666,M15,strict,IS,baseline_all_day
23,2,-44.187043197071034,-22.093521598535517,0.0,M15,strict,IS,baseline_all_day
7,7,-101.3623251868512,-14.48033216955017,0.14285714285714285,M15,strict,IS,session_only
8,11,5.761239855619351,0.5237490777835774,0.36363636363636365,M15,strict,IS,session_only
9,6,-187.99850952553243,-31.333084920922072,0.0,M15,strict,IS,session_only
10,6,-98.00439705156805,-16.33406617526134,0.16666666666666666,M15,strict,IS,session_only
11,7,-22.662254075903547,-3.2374648679862212,0.42857142857142855,M15,strict,IS,session_only
12,5,28.264082032605984,5.652816406521197,0.6,M15,strict,IS,session_only
13,10,42.91084775480613,4.291084775480613,0.5,M15,strict,IS,session_only
14,13,-33.30406677276642,-2.5618512902128012,0.38461538461538464,M15,strict,IS,session_only
15,4,-114.35000082893566,-28.587500207233916,0.0,M15,strict,IS,session_only
16,4,-55.96666226623711,-13.991665566559277,0.25,M15,strict,IS,session_only
17,5,13.969405586499306,2.793881117299861,0.6,M15,strict,IS,session_only
18,3,-64.42924658326774,-21.476415527755915,0.3333333333333333,M15,strict,IS,session_only
19,2,39.13311072217766,19.56655536108883,0.5,M15,strict,IS,session_only
20,5,46.800558562358674,9.360111712471735,0.6,M15,strict,IS,session_only
3,2,28.4835387010844,14.2417693505422,0.5,M15,strict,IS,volume_only
4,2,-59.402663843893606,-29.701331921946803,0.0,M15,strict,IS,volume_only
7,4,-121.6022744399379,-30.400568609984475,0.0,M15,strict,IS,volume_only
8,4,68.050906204694,17.0127265511735,0.5,M15,strict,IS,volume_only
9,2,-60.91930658117235,-30.459653290586175,0.0,M15,strict,IS,volume_only
10,4,-128.9594897772713,-32.239872444317825,0.0,M15,strict,IS,volume_only
12,2,-57.71098212380821,-28.855491061904104,0.0,M15,strict,IS,volume_only
13,1,17.13747948699165,17.13747948699165,1.0,M15,strict,IS,volume_only
14,16,-245.3270530085183,-15.332940813032394,0.1875,M15,strict,IS,volume_only
15,2,-82.20059227323873,-41.10029613661936,0.0,M15,strict,IS,volume_only
17,2,66.56520802077011,33.28260401038506,1.0,M15,strict,IS,volume_only
3,7,-165.41309108594305,-23.63044158370615,0.14285714285714285,M15,strict,IS,atr_only
4,5,-89.67757624735441,-17.935515249470882,0.2,M15,strict,IS,atr_only
5,3,-52.71050416009075,-17.570168053363584,0.0,M15,strict,IS,atr_only
8,3,46.2472048746622,15.415734958220733,0.6666666666666666,M15,strict,IS,atr_only
9,2,-55.930622856421905,-27.965311428210953,0.0,M15,strict,IS,atr_only
10,2,-67.19169038467953,-33.595845192339766,0.0,M15,strict,IS,atr_only
11,3,-38.3671615022331,-12.7890538340777,0.3333333333333333,M15,strict,IS,atr_only
12,3,13.29836959383556,4.432789864611853,0.6666666666666666,M15,strict,IS,atr_only
13,7,15.713145200775216,2.244735028682174,0.5714285714285714,M15,strict,IS,atr_only
14,4,-73.93073554455896,-18.48268388613974,0.25,M15,strict,IS,atr_only
16,2,-81.09655191694401,-40.548275958472004,0.0,M15,strict,IS,atr_only
17,4,-10.764634995152846,-2.6911587487882116,0.5,M15,strict,IS,atr_only
18,3,-64.42924658326774,-21.476415527755915,0.3333333333333333,M15,strict,IS,atr_only
19,2,39.13311072217766,19.56655536108883,0.5,M15,strict,IS,atr_only
20,3,18.578250435839436,6.192750145279812,0.6666666666666666,M15,strict,IS,atr_only
21,3,46.17796386009559,15.392654620031863,0.6666666666666666,M15,strict,IS,atr_only
1,2,-36.496033292987704,-18.248016646493852,0.0,M15,strict,IS,adx_only
2,3,17.748157546666334,5.916052515555445,0.3333333333333333,M15,strict,IS,adx_only
3,5,9.552430386306696,1.9104860772613392,0.2,M15,strict,IS,adx_only
4,5,-11.73698579487791,-2.347397158975582,0.4,M15,strict,IS,adx_only
5,6,-125.84124651333241,-20.9735410855554,0.16666666666666666,M15,strict,IS,adx_only
6,2,-61.69117267126239,-30.845586335631197,0.0,M15,strict,IS,adx_only
9,2,-57.12870834320711,-28.564354171603554,0.0,M15,strict,IS,adx_only
11,2,-65.46862420811522,-32.73431210405761,0.0,M15,strict,IS,adx_only
12,2,46.85487998224744,23.42743999112372,0.5,M15,strict,IS,adx_only
13,2,-73.53644700392579,-36.76822350196289,0.0,M15,strict,IS,adx_only
14,4,8.714625661991704,2.178656415497926,0.25,M15,strict,IS,adx_only
16,2,-97.2245534321064,-48.6122767160532,0.0,M15,strict,IS,adx_only
18,2,-71.5522626004713,-35.77613130023565,0.0,M15,strict,IS,adx_only
3,6,-78.3490456460595,-13.05817427434325,0.16666666666666666,M15,strict,IS,volume_atr
4,1,-18.10427426870774,-18.10427426870774,0.0,M15,strict,IS,volume_atr
5,2,-85.3687212848672,-42.6843606424336,0.0,M15,strict,IS,volume_atr
8,4,68.050906204694,17.0127265511735,0.5,M15,strict,IS,volume_atr
10,4,-128.9594897772713,-32.239872444317825,0.0,M15,strict,IS,volume_atr
12,2,-57.71098212380821,-28.855491061904104,0.0,M15,strict,IS,volume_atr
13,2,-69.39846530253817,-34.699232651269085,0.0,M15,strict,IS,volume_atr
14,12,-221.08670842076663,-18.42389236839722,0.16666666666666666,M15,strict,IS,volume_atr
17,2,64.25820259985812,32.12910129992906,0.5,M15,strict,IS,volume_atr
3,6,-78.3490456460595,-13.05817427434325,0.16666666666666666,M15,strict,IS,adaptive_quality
4,1,-18.10427426870774,-18.10427426870774,0.0,M15,strict,IS,adaptive_quality
5,2,-85.3687212848672,-42.6843606424336,0.0,M15,strict,IS,adaptive_quality
7,2,-45.90465067422883,-22.952325337114416,0.0,M15,strict,IS,adaptive_quality
8,2,27.366470075990037,13.683235037995019,0.5,M15,strict,IS,adaptive_quality
9,2,-90.76850881814607,-45.38425440907304,0.0,M15,strict,IS,adaptive_quality
11,4,-36.93754262474158,-9.234385656185395,0.25,M15,strict,IS,adaptive_quality
12,2,47.986066786520496,23.993033393260248,0.5,M15,strict,IS,adaptive_quality
13,8,-338.32543337332027,-42.29067917166503,0.0,M15,strict,IS,adaptive_quality
14,2,51.64422809099506,25.82211404549753,0.5,M15,strict,IS,adaptive_quality
7,2,-45.90465067422883,-22.952325337114416,0.0,M15,strict,IS,session_plus_adaptive
8,2,27.366470075990037,13.683235037995019,0.5,M15,strict,IS,session_plus_adaptive
9,2,-90.76850881814607,-45.38425440907304,0.0,M15,strict,IS,session_plus_adaptive
10,2,-81.75820063194806,-40.87910031597403,0.0,M15,strict,IS,session_plus_adaptive
11,4,-36.93754262474158,-9.234385656185395,0.25,M15,strict,IS,session_plus_adaptive
12,2,47.986066786520496,23.993033393260248,0.5,M15,strict,IS,session_plus_adaptive
13,8,-338.32543337332027,-42.29067917166503,0.0,M15,strict,IS,session_plus_adaptive
14,4,-57.403686705415566,-14.350921676353892,0.25,M15,strict,IS,session_plus_adaptive
16,4,-403.19686515469584,-100.79921628867396,0.0,M15,strict,OOS,baseline_all_day
22,2,-180.4062525962945,-90.20312629814725,0.0,M15,strict,OOS,baseline_all_day
16,4,-403.19686515469584,-100.79921628867396,0.0,M15,strict,OOS,session_only
17,2,-232.6509746711963,-116.32548733559815,0.0,M15,strict,OOS,session_only
16,4,-403.19686515469584,-100.79921628867396,0.0,M15,strict,OOS,volume_only
22,2,-180.4062525962945,-90.20312629814725,0.0,M15,strict,OOS,volume_only
1,3,71.38379607862589,23.794598692875297,0.6666666666666666,M15,strict,OOS,atr_only
2,8,-23.592981512101687,-2.949122689012711,0.5,M15,strict,OOS,atr_only
3,13,-182.72777715622396,-14.055982858171074,0.3076923076923077,M15,strict,OOS,atr_only
4,23,-165.99722464366096,-7.217270636680911,0.391304347826087,M15,strict,OOS,atr_only
5,14,207.41144464370336,14.815103188835954,0.5714285714285714,M15,strict,OOS,atr_only
6,15,-96.93283355297353,-6.462188903531569,0.4666666666666667,M15,strict,OOS,atr_only
7,6,-1.9034113947873266,-0.31723523246455443,0.5,M15,strict,OOS,atr_only
8,3,-104.19077963038035,-34.73025987679345,0.0,M15,strict,OOS,atr_only
9,8,-30.72494893095609,-3.840618616369511,0.375,M15,strict,OOS,atr_only
10,14,13392.20643322571,956.5861738018365,0.5,M15,strict,OOS,atr_only
11,8,-50.883731702424484,-6.3604664628030605,0.25,M15,strict,OOS,atr_only
12,13,33.44191815103841,2.5724552423875697,0.5384615384615384,M15,strict,OOS,atr_only
13,8,-204.6298648757329,-25.57873310946661,0.125,M15,strict,OOS,atr_only
14,11,185.67462531107594,16.879511391915994,0.5454545454545454,M15,strict,OOS,atr_only
15,15,168.57665403119427,11.238443602079618,0.6,M15,strict,OOS,atr_only
16,8,-217.81826263759285,-27.227282829699107,0.25,M15,strict,OOS,atr_only
17,3,68.8888454354128,22.962948478470935,0.3333333333333333,M15,strict,OOS,atr_only
18,2,-173.63537422696027,-86.81768711348013,0.0,M15,strict,OOS,atr_only
20,6,130.19790396831013,21.69965066138502,0.5,M15,strict,OOS,atr_only
21,5,64.62588716071878,12.925177432143755,0.6,M15,strict,OOS,atr_only
22,12,-270.01205906609357,-22.501004922174463,0.25,M15,strict,OOS,atr_only
23,7,-66.19073498777652,-9.455819283968074,0.2857142857142857,M15,strict,OOS,atr_only
7,2,-171.70052258143187,-85.85026129071593,0.0,M15,strict,OOS,adx_only
9,2,-170.15984504765584,-85.07992252382792,0.0,M15,strict,OOS,adx_only
11,2,-189.90930412146554,-94.95465206073277,0.0,M15,strict,OOS,adx_only
3,3,-247.95279990114977,-82.65093330038326,0.0,M15,strict,OOS,volume_atr
4,4,16.609675952613543,4.152418988153386,0.5,M15,strict,OOS,volume_atr
8,2,-64.3161980714649,-32.15809903573245,0.0,M15,strict,OOS,volume_atr
9,2,6.411879853740174,3.205939926870087,0.5,M15,strict,OOS,volume_atr
10,1,-35.7244904833442,-35.7244904833442,0.0,M15,strict,OOS,volume_atr
11,1,-38.55917801879514,-38.55917801879514,0.0,M15,strict,OOS,volume_atr
14,2,-184.1111545541753,-92.05557727708765,0.0,M15,strict,OOS,volume_atr
15,4,96.83903258607643,24.209758146519107,0.75,M15,strict,OOS,volume_atr
16,3,-134.02190712800802,-44.67396904266934,0.3333333333333333,M15,strict,OOS,volume_atr
17,2,101.22100847283036,50.61050423641518,0.5,M15,strict,OOS,volume_atr
20,2,7.346281252785047,3.6731406263925237,0.5,M15,strict,OOS,volume_atr
21,3,45.33866164686515,15.112887215621717,0.6666666666666666,M15,strict,OOS,volume_atr
22,2,-180.4062525962945,-90.20312629814725,0.0,M15,strict,OOS,volume_atr
5,2,-232.2596033757327,-116.12980168786635,0.0,M15,strict,OOS,adaptive_quality
8,2,-164.678294666719,-82.3391473333595,0.0,M15,strict,OOS,adaptive_quality
9,2,-166.69771325854526,-83.34885662927263,0.0,M15,strict,OOS,adaptive_quality
11,2,88.37894605928341,44.189473029641704,0.5,M15,strict,OOS,adaptive_quality
14,2,-119.49890620333463,-59.749453101667314,0.0,M15,strict,OOS,adaptive_quality
8,2,-164.678294666719,-82.3391473333595,0.0,M15,strict,OOS,session_plus_adaptive
9,2,-166.69771325854526,-83.34885662927263,0.0,M15,strict,OOS,session_plus_adaptive
11,2,88.37894605928341,44.189473029641704,0.5,M15,strict,OOS,session_plus_adaptive
14,2,-119.49890620333463,-59.749453101667314,0.0,M15,strict,OOS,session_plus_adaptive
15,4,-262.95828298501874,-65.73957074625469,0.0,M15,strict,OOS,session_plus_adaptive
0,4,-18.658059750159737,-4.664514937539934,0.25,M5,loose,IS,baseline_all_day
1,1,5.905578070887714,5.905578070887714,1.0,M5,loose,IS,baseline_all_day
2,16,-76.52244379037711,-4.782652736898569,0.375,M5,loose,IS,baseline_all_day
3,20,-198.1857468245198,-9.90928734122599,0.25,M5,loose,IS,baseline_all_day
4,14,-145.72555520825972,-10.408968229161408,0.21428571428571427,M5,loose,IS,baseline_all_day
5,16,49.25820798499444,3.0786379990621526,0.75,M5,loose,IS,baseline_all_day
6,9,-1.0162069479429192,-0.1129118831047688,0.5555555555555556,M5,loose,IS,baseline_all_day
7,13,37.84662543347167,2.911278879497821,0.6923076923076923,M5,loose,IS,baseline_all_day
8,21,36.63497042739891,1.74452240130471,0.5714285714285714,M5,loose,IS,baseline_all_day
9,11,-115.06200196958616,-10.460181997235106,0.2727272727272727,M5,loose,IS,baseline_all_day
10,8,-119.9713700357006,-14.996421254462575,0.125,M5,loose,IS,baseline_all_day
11,10,44.85373660546884,4.485373660546884,0.7,M5,loose,IS,baseline_all_day
12,14,34.11042555243057,2.436458968030755,0.6428571428571429,M5,loose,IS,baseline_all_day
13,28,104.26954547097012,3.7239123382489328,0.7142857142857143,M5,loose,IS,baseline_all_day
14,6,2.378415904368012,0.396402650728002,0.5,M5,loose,IS,baseline_all_day
17,14,5.535115951115586,0.3953654250796847,0.6428571428571429,M5,loose,IS,baseline_all_day
18,18,-330.1463758703221,-18.341465326129008,0.2777777777777778,M5,loose,IS,baseline_all_day
19,17,99.9534552390378,5.879615014061047,0.7058823529411765,M5,loose,IS,baseline_all_day
20,14,-30.816396936302226,-2.201171209735873,0.42857142857142855,M5,loose,IS,baseline_all_day
21,15,50.58090133699352,3.3720600891329013,0.7333333333333333,M5,loose,IS,baseline_all_day
22,10,26.89421337488966,2.689421337488966,0.7,M5,loose,IS,baseline_all_day
23,5,12.656545588988592,2.5313091177977185,0.6,M5,loose,IS,baseline_all_day
7,22,-40.16087356353182,-1.8254942528878102,0.5,M5,loose,IS,session_only
8,29,30.144484083912175,1.0394649684107646,0.5862068965517241,M5,loose,IS,session_only
9,16,-106.24840816267351,-6.640525510167095,0.375,M5,loose,IS,session_only
10,12,-164.62649197719657,-13.718874331433048,0.25,M5,loose,IS,session_only
11,12,37.02157201889804,3.0851310015748368,0.6666666666666666,M5,loose,IS,session_only
12,17,64.39310205173115,3.7878295324547735,0.6470588235294118,M5,loose,IS,session_only
13,32,5.980352158212554,0.18688600494414231,0.625,M5,loose,IS,session_only
14,15,-65.27536250187495,-4.35169083345833,0.26666666666666666,M5,loose,IS,session_only
15,2,-41.844283613581865,-20.922141806790933,0.0,M5,loose,IS,session_only
16,2,11.42892244741688,5.71446122370844,0.5,M5,loose,IS,session_only
17,14,5.535115951115586,0.3953654250796847,0.6428571428571429,M5,loose,IS,session_only
18,20,-306.87452275881697,-15.343726137940848,0.3,M5,loose,IS,session_only
19,19,116.63391618767491,6.138627167772364,0.6842105263157895,M5,loose,IS,session_only
20,16,-74.9687098206823,-4.685544363792644,0.375,M5,loose,IS,session_only
3,7,33489.64231640195,4784.23461662885,0.5714285714285714,M5,loose,IS,volume_only
5,2,-51.499965843277096,-25.749982921638548,0.0,M5,loose,IS,volume_only
10,2,-21.376452240165236,-10.688226120082618,0.0,M5,loose,IS,volume_only
11,2,1.48304143587211,0.741520717936055,0.5,M5,loose,IS,volume_only
12,4,-86.4490744856812,-21.6122686214203,0.0,M5,loose,IS,volume_only
13,4,-42.223473176313746,-10.555868294078437,0.25,M5,loose,IS,volume_only
17,7,-38.5514415356738,-5.507348790810544,0.5714285714285714,M5,loose,IS,volume_only
18,2,35.73017328259084,17.86508664129542,1.0,M5,loose,IS,volume_only
19,2,-88.37701688456946,-44.18850844228473,0.0,M5,loose,IS,volume_only
20,6,-211.85160277513205,-35.30860046252201,0.0,M5,loose,IS,volume_only
2,10,-33.16928822718182,-3.3169288227181823,0.2,M5,loose,IS,atr_only
3,18,-235.9843123901146,-13.11023957722859,0.2222222222222222,M5,loose,IS,atr_only
4,13,-77.14359138037707,-5.934122413875159,0.3076923076923077,M5,loose,IS,atr_only
5,18,46.26779375086244,2.5704329861590245,0.6666666666666666,M5,loose,IS,atr_only
6,7,-10.405462673074908,-1.4864946675821298,0.42857142857142855,M5,loose,IS,atr_only
7,5,15.881237042972316,3.176247408594463,0.8,M5,loose,IS,atr_only
8,17,41.025617625873565,2.413271625051386,0.5882352941176471,M5,loose,IS,atr_only
9,11,-115.06200196958616,-10.460181997235106,0.2727272727272727,M5,loose,IS,atr_only
10,8,-119.9713700357006,-14.996421254462575,0.125,M5,loose,IS,atr_only
11,10,44.85373660546884,4.485373660546884,0.7,M5,loose,IS,atr_only
12,14,34.11042555243057,2.436458968030755,0.6428571428571429,M5,loose,IS,atr_only
13,26,52.05753051857755,2.002212712252983,0.6923076923076923,M5,loose,IS,atr_only
14,4,20.35049100148626,5.087622750371565,0.75,M5,loose,IS,atr_only
17,14,5.535115951115586,0.3953654250796847,0.6428571428571429,M5,loose,IS,atr_only
18,16,-265.9000338197757,-16.61875211373598,0.3125,M5,loose,IS,atr_only
19,13,35.10554453305758,2.700426502542891,0.6153846153846154,M5,loose,IS,atr_only
20,3,21.37778600879301,7.12592866959767,0.6666666666666666,M5,loose,IS,atr_only
21,2,-1.22630264757845,-0.613151323789225,0.5,M5,loose,IS,atr_only
22,1,9.120485404810097,9.120485404810097,1.0,M5,loose,IS,atr_only
23,2,-5.374091738617608,-2.687045869308804,0.5,M5,loose,IS,atr_only
0,4,-26.404735652681666,-6.601183913170416,0.25,M5,loose,IS,adx_only
2,1,-5.719543285354121,-5.719543285354121,0.0,M5,loose,IS,adx_only
3,6,33523.14206151344,5587.190343585574,0.6666666666666666,M5,loose,IS,adx_only
5,4,-44.45759960842224,-11.11439990210556,0.25,M5,loose,IS,adx_only
6,2,6.318278442654446,3.159139221327223,0.5,M5,loose,IS,adx_only
10,2,-21.376452240165236,-10.688226120082618,0.0,M5,loose,IS,adx_only
11,3,-6.7106814177532215,-2.2368938059177403,0.3333333333333333,M5,loose,IS,adx_only
12,5,-94.70710592579508,-18.941421185159015,0.0,M5,loose,IS,adx_only
13,4,-44.13265833777132,-11.03316458444283,0.25,M5,loose,IS,adx_only
17,7,-38.5514415356738,-5.507348790810544,0.5714285714285714,M5,loose,IS,adx_only
18,2,35.73017328259084,17.86508664129542,1.0,M5,loose,IS,adx_only
19,2,-88.37701688456946,-44.18850844228473,0.0,M5,loose,IS,adx_only
20,6,-211.85160277513205,-35.30860046252201,0.0,M5,loose,IS,adx_only
3,12,-7.556323006842831,-0.6296935839035692,0.5,M5,loose,IS,volume_atr
5,7,-89.47613024824932,-12.782304321178474,0.0,M5,loose,IS,volume_atr
6,2,-13.134057569418474,-6.567028784709237,0.0,M5,loose,IS,volume_atr
7,6,-39.276758554874505,-6.546126425812417,0.0,M5,loose,IS,volume_atr
8,2,1.5109964739303905,0.7554982369651952,0.5,M5,loose,IS,volume_atr
9,3,-24.657220685876382,-8.219073561958794,0.0,M5,loose,IS,volume_atr
10,15,-41.58088445303292,-2.772058963535528,0.3333333333333333,M5,loose,IS,volume_atr
11,5,-22.01072344072145,-4.40214468814429,0.2,M5,loose,IS,volume_atr
12,6,-102.86643858501975,-17.144406430836625,0.0,M5,loose,IS,volume_atr
13,17,-103.64121704830723,-6.0965421793121894,0.17647058823529413,M5,loose,IS,volume_atr
14,4,-17.349553588878734,-4.337388397219684,0.25,M5,loose,IS,volume_atr
17,10,-20.708396598288346,-2.0708396598288346,0.6,M5,loose,IS,volume_atr
18,8,33542.1920404582,4192.774005057275,0.625,M5,loose,IS,volume_atr
19,3,-25.380346262627427,-8.460115420875809,0.0,M5,loose,IS,volume_atr
20,4,-74.2770085794973,-18.569252144874326,0.0,M5,loose,IS,volume_atr
3,12,-7.556323006842831,-0.6296935839035692,0.5,M5,loose,IS,adaptive_quality
5,7,-89.47613024824932,-12.782304321178474,0.0,M5,loose,IS,adaptive_quality
6,2,-13.134057569418474,-6.567028784709237,0.0,M5,loose,IS,adaptive_quality
7,4,-25.652101086138828,-6.413025271534707,0.0,M5,loose,IS,adaptive_quality
8,2,1.5109964739303905,0.7554982369651952,0.5,M5,loose,IS,adaptive_quality
9,3,-24.657220685876382,-8.219073561958794,0.0,M5,loose,IS,adaptive_quality
10,15,-41.58088445303292,-2.772058963535528,0.3333333333333333,M5,loose,IS,adaptive_quality
11,5,-22.01072344072145,-4.40214468814429,0.2,M5,loose,IS,adaptive_quality
12,7,-109.76196904898188,-15.680281292711697,0.0,M5,loose,IS,adaptive_quality
13,17,-103.64121704830723,-6.0965421793121894,0.17647058823529413,M5,loose,IS,adaptive_quality
14,4,-17.349553588878734,-4.337388397219684,0.25,M5,loose,IS,adaptive_quality
17,10,-20.708396598288346,-2.0708396598288346,0.6,M5,loose,IS,adaptive_quality
18,8,33542.1920404582,4192.774005057275,0.625,M5,loose,IS,adaptive_quality
19,3,-25.380346262627427,-8.460115420875809,0.0,M5,loose,IS,adaptive_quality
20,4,-74.2770085794973,-18.569252144874326,0.0,M5,loose,IS,adaptive_quality
7,4,-25.652101086138828,-6.413025271534707,0.0,M5,loose,IS,session_plus_adaptive
8,2,1.5109964739303905,0.7554982369651952,0.5,M5,loose,IS,session_plus_adaptive
9,3,-24.657220685876382,-8.219073561958794,0.0,M5,loose,IS,session_plus_adaptive
10,15,-84.99006140449637,-5.6660040936330915,0.3333333333333333,M5,loose,IS,session_plus_adaptive
11,1,-7.830544635853585,-7.830544635853585,0.0,M5,loose,IS,session_plus_adaptive
12,6,-166.65934300021945,-27.776557166703242,0.0,M5,loose,IS,session_plus_adaptive
13,15,-161.39776949468796,-10.759851299645865,0.06666666666666667,M5,loose,IS,session_plus_adaptive
14,5,12.634708639338896,2.5269417278677793,0.4,M5,loose,IS,session_plus_adaptive
17,10,-20.708396598288346,-2.0708396598288346,0.6,M5,loose,IS,session_plus_adaptive
18,8,33542.1920404582,4192.774005057275,0.625,M5,loose,IS,session_plus_adaptive
19,3,-25.380346262627427,-8.460115420875809,0.0,M5,loose,IS,session_plus_adaptive
20,4,-74.2770085794973,-18.569252144874326,0.0,M5,loose,IS,session_plus_adaptive
0,12,-442.5102566966234,-36.875854724718614,0.16666666666666666,M5,loose,OOS,baseline_all_day
1,188,187.65663984860112,0.9981736162159633,0.4521276595744681,M5,loose,OOS,baseline_all_day
2,222,13515.228909531816,60.87940950239557,0.44144144144144143,M5,loose,OOS,baseline_all_day
3,235,466.8972787293751,1.9867969307632982,0.4851063829787234,M5,loose,OOS,baseline_all_day
4,235,899.4661198895392,3.827515403785273,0.5063829787234042,M5,loose,OOS,baseline_all_day
5,242,3167.531112270499,13.088971538307847,0.5702479338842975,M5,loose,OOS,baseline_all_day
6,204,1102.3848219722731,5.403847166530751,0.5245098039215687,M5,loose,OOS,baseline_all_day
7,217,1000.9383168569184,4.6126189716908685,0.5253456221198156,M5,loose,OOS,baseline_all_day
8,193,523.0762906791006,2.7102398480782415,0.49222797927461137,M5,loose,OOS,baseline_all_day
9,195,1259.3772597336374,6.458344921710961,0.5538461538461539,M5,loose,OOS,baseline_all_day
10,206,825.0450317741161,4.005072969777262,0.5194174757281553,M5,loose,OOS,baseline_all_day
11,204,884.310007001468,4.334852975497392,0.4803921568627451,M5,loose,OOS,baseline_all_day
12,202,417.53457412009084,2.0670028421786677,0.48514851485148514,M5,loose,OOS,baseline_all_day
13,179,711.8951191467477,3.977067704730434,0.5307262569832403,M5,loose,OOS,baseline_all_day
14,209,432.45349859248563,2.069155495657826,0.4784688995215311,M5,loose,OOS,baseline_all_day
15,201,552.2768924559568,2.7476462311241634,0.5074626865671642,M5,loose,OOS,baseline_all_day
16,114,998.0980835251466,8.755246346711813,0.543859649122807,M5,loose,OOS,baseline_all_day
17,50,296.0185255633223,5.920370511266446,0.48,M5,loose,OOS,baseline_all_day
18,78,1103.0834745511038,14.142095827578254,0.5897435897435898,M5,loose,OOS,baseline_all_day
19,162,1062.669350781025,6.5596873505001545,0.5185185185185185,M5,loose,OOS,baseline_all_day
20,237,2481.081447889501,10.468698092360762,0.5569620253164557,M5,loose,OOS,baseline_all_day
21,208,-168.91367623631595,-0.8120849819053652,0.4519230769230769,M5,loose,OOS,baseline_all_day
22,222,-170.07330597534747,-0.7660959728619255,0.47297297297297297,M5,loose,OOS,baseline_all_day
23,168,-27.659225679344672,-0.16463824809133734,0.4523809523809524,M5,loose,OOS,baseline_all_day
7,222,13791.163332571696,62.12235735392656,0.5225225225225225,M5,loose,OOS,session_only
8,196,378.8896050686526,1.933110229942105,0.4897959183673469,M5,loose,OOS,session_only
9,201,1258.7225706541903,6.26230134653826,0.5472636815920398,M5,loose,OOS,session_only
10,206,698.9396320475316,3.3929108351821924,0.5145631067961165,M5,loose,OOS,session_only
11,203,841.8001112320962,4.146798577498011,0.47783251231527096,M5,loose,OOS,session_only
12,204,647.1722738998415,3.172413107352164,0.4950980392156863,M5,loose,OOS,session_only
13,177,453.8452987396522,2.5640977329923853,0.5084745762711864,M5,loose,OOS,session_only
14,211,464.5618081491466,2.201714730564676,0.4786729857819905,M5,loose,OOS,session_only
15,202,568.3956989987655,2.813840094053295,0.504950495049505,M5,loose,OOS,session_only
16,116,996.553888370272,8.590981796295448,0.5431034482758621,M5,loose,OOS,session_only
17,52,339.3718647438254,6.526382014304335,0.4807692307692308,M5,loose,OOS,session_only
18,79,1132.663727787367,14.33751554161224,0.5949367088607594,M5,loose,OOS,session_only
19,164,1151.7036037075104,7.022582949436039,0.5182926829268293,M5,loose,OOS,session_only
20,238,2480.0898858397886,10.420545738822641,0.5546218487394958,M5,loose,OOS,session_only
0,6,-391.9293748813834,-65.32156248023057,0.0,M5,loose,OOS,volume_only
1,30,-173.7133566045577,-5.790445220151923,0.3,M5,loose,OOS,volume_only
2,79,13304.026098455952,168.40539365134117,0.4177215189873418,M5,loose,OOS,volume_only
3,193,13.937055679361947,0.07221272372726398,0.46632124352331605,M5,loose,OOS,volume_only
4,215,892.4103672822912,4.1507458943362385,0.5069767441860465,M5,loose,OOS,volume_only
5,171,2851.375142028064,16.674708432912656,0.5789473684210527,M5,loose,OOS,volume_only
6,81,-50.640687830764364,-0.6251936769230169,0.48148148148148145,M5,loose,OOS,volume_only
7,94,94.07338331118808,1.0007806735232774,0.4574468085106383,M5,loose,OOS,volume_only
8,138,214.71560374951878,1.5559101720979622,0.4782608695652174,M5,loose,OOS,volume_only
9,148,963.6106972460584,6.510883089500394,0.5540540540540541,M5,loose,OOS,volume_only
10,164,436.9090468797276,2.6640795541446805,0.49390243902439024,M5,loose,OOS,volume_only
11,145,954.8466158153406,6.585149074588555,0.496551724137931,M5,loose,OOS,volume_only
12,117,-132.4509113982458,-1.1320590717798786,0.4358974358974359,M5,loose,OOS,volume_only
13,113,3.9739675939563313,0.035167854813772846,0.49557522123893805,M5,loose,OOS,volume_only
14,162,110.85510592885839,0.6842907773386321,0.4691358024691358,M5,loose,OOS,volume_only
15,180,335.5936869541529,1.8644093719675159,0.5,M5,loose,OOS,volume_only
16,111,855.2446867407889,7.704907087754855,0.5315315315315315,M5,loose,OOS,volume_only
17,49,338.9689422298943,6.917733514895803,0.4897959183673469,M5,loose,OOS,volume_only
18,71,1028.1743250939326,14.481328522449754,0.5915492957746479,M5,loose,OOS,volume_only
19,136,1064.0737498711223,7.824071690228841,0.5367647058823529,M5,loose,OOS,volume_only
20,191,1929.0898145824667,10.099946673206633,0.5549738219895288,M5,loose,OOS,volume_only
21,158,-572.0973489881817,-3.620869297393555,0.43670886075949367,M5,loose,OOS,volume_only
22,156,-82.6713103389011,-0.5299442970442377,0.46153846153846156,M5,loose,OOS,volume_only
23,25,198.43899538258484,7.937559815303393,0.48,M5,loose,OOS,volume_only
0,10,-377.2293481051747,-37.72293481051747,0.2,M5,loose,OOS,atr_only
1,122,310.541029304095,2.545418272984385,0.4426229508196721,M5,loose,OOS,atr_only
2,152,13496.941879105543,88.79567025727331,0.4407894736842105,M5,loose,OOS,atr_only
3,216,144.56453530377985,0.6692802560360178,0.47685185185185186,M5,loose,OOS,atr_only
4,227,1231.652789244099,5.425783212529071,0.5198237885462555,M5,loose,OOS,atr_only
5,236,3451.9181571580702,14.626771852364705,0.5805084745762712,M5,loose,OOS,atr_only
6,194,997.3472905619838,5.140965415267957,0.5309278350515464,M5,loose,OOS,atr_only
7,188,976.7959382093977,5.195723075581903,0.5372340425531915,M5,loose,OOS,atr_only
8,172,172.95096963322067,1.0055288932163993,0.47674418604651164,M5,loose,OOS,atr_only
9,182,1177.0107133495821,6.467091831591111,0.554945054945055,M5,loose,OOS,atr_only
10,199,760.7099168314016,3.8226628986502593,0.5175879396984925,M5,loose,OOS,atr_only
11,199,921.483806665974,4.6305718927938395,0.4824120603015075,M5,loose,OOS,atr_only
12,189,527.454663168246,2.7907654135886033,0.48677248677248675,M5,loose,OOS,atr_only
13,174,505.0173049598652,2.9023983043670416,0.5229885057471264,M5,loose,OOS,atr_only
14,197,212.9176366240972,1.080800185909123,0.467005076142132,M5,loose,OOS,atr_only
15,191,544.9751440874115,2.853273005693254,0.5078534031413613,M5,loose,OOS,atr_only
16,114,998.0980835251466,8.755246346711813,0.543859649122807,M5,loose,OOS,atr_only
17,50,296.0185255633223,5.920370511266446,0.48,M5,loose,OOS,atr_only
18,78,1103.0834745511038,14.142095827578254,0.5897435897435898,M5,loose,OOS,atr_only
19,156,1279.2744773713002,8.200477419046797,0.5384615384615384,M5,loose,OOS,atr_only
20,228,2567.146072099731,11.259412596928644,0.5657894736842105,M5,loose,OOS,atr_only
21,161,-126.43381206767117,-0.7853031805445414,0.453416149068323,M5,loose,OOS,atr_only
22,141,-364.7458451042712,-2.5868499652785193,0.45390070921985815,M5,loose,OOS,atr_only
23,78,675.0539225308057,8.654537468343664,0.5256410256410257,M5,loose,OOS,atr_only
0,12,-442.5102566966234,-36.875854724718614,0.16666666666666666,M5,loose,OOS,adx_only
1,133,734.6300575436089,5.5235342672451795,0.48872180451127817,M5,loose,OOS,adx_only
2,167,13861.165988088715,83.00099394065099,0.4550898203592814,M5,loose,OOS,adx_only
3,161,215.1877528220848,1.3365698933048746,0.453416149068323,M5,loose,OOS,adx_only
4,163,1107.6376006408009,6.7953227033177965,0.5214723926380368,M5,loose,OOS,adx_only
5,186,2818.679011143631,15.154188231955006,0.5860215053763441,M5,loose,OOS,adx_only
6,177,998.8575951217626,5.6432632492754955,0.5254237288135594,M5,loose,OOS,adx_only
7,168,311.3766990928434,1.8534327326954965,0.4880952380952381,M5,loose,OOS,adx_only
8,136,653.5525777761632,4.805533660118847,0.5220588235294118,M5,loose,OOS,adx_only
9,149,1116.0586515038267,7.49032652015991,0.5704697986577181,M5,loose,OOS,adx_only
10,173,1115.8293317445714,6.449880530315442,0.5375722543352601,M5,loose,OOS,adx_only
11,162,968.0962974024442,5.975903070385458,0.49382716049382713,M5,loose,OOS,adx_only
12,162,681.080336309069,4.204199606846105,0.5,M5,loose,OOS,adx_only
13,135,349.81981065717264,2.5912578567197975,0.5185185185185185,M5,loose,OOS,adx_only
14,147,978.3758172398848,6.655617804352958,0.5306122448979592,M5,loose,OOS,adx_only
15,133,377.8245554692694,2.8407861313478904,0.5263157894736842,M5,loose,OOS,adx_only
16,63,787.4463399552769,12.499148253258364,0.5873015873015873,M5,loose,OOS,adx_only
17,30,494.7214071689359,16.490713572297864,0.6,M5,loose,OOS,adx_only
18,59,698.146504785891,11.832991606540526,0.559322033898305,M5,loose,OOS,adx_only
19,133,598.5289759657098,4.500217864403833,0.49624060150375937,M5,loose,OOS,adx_only
20,183,1937.888309835198,10.58955360565682,0.5573770491803278,M5,loose,OOS,adx_only
21,175,-780.9498681549303,-4.462570675171031,0.41714285714285715,M5,loose,OOS,adx_only
22,166,-624.4999074773932,-3.7620476354059833,0.4397590361445783,M5,loose,OOS,adx_only
23,114,150.81607760022962,1.3229480491248211,0.4649122807017544,M5,loose,OOS,adx_only
0,6,-391.9293748813834,-65.32156248023057,0.0,M5,loose,OOS,volume_atr
1,27,-154.7426085965344,-5.731207725797571,0.2962962962962963,M5,loose,OOS,volume_atr
2,78,13314.830153766525,170.7029506893144,0.4230769230769231,M5,loose,OOS,volume_atr
3,189,526.2799417534825,2.7845499563676324,0.48677248677248675,M5,loose,OOS,volume_atr
4,213,784.1994320731192,3.681687474521686,0.5070422535211268,M5,loose,OOS,volume_atr
5,170,2935.211980787226,17.265952828160152,0.5823529411764706,M5,loose,OOS,volume_atr
6,79,12.289743670553435,0.15556637557662575,0.4936708860759494,M5,loose,OOS,volume_atr
7,88,151.40785506117027,1.7205438075132984,0.4659090909090909,M5,loose,OOS,volume_atr
8,128,-106.85537224569089,-0.8348075956694601,0.4609375,M5,loose,OOS,volume_atr
9,141,893.9046386498558,6.339749210282665,0.5531914893617021,M5,loose,OOS,volume_atr
10,161,471.1562043619324,2.9264360519374684,0.4968944099378882,M5,loose,OOS,volume_atr
11,142,975.7521658066617,6.871494125399026,0.5,M5,loose,OOS,volume_atr
12,115,-217.19196279433163,-1.8886257634289707,0.41739130434782606,M5,loose,OOS,volume_atr
13,109,-274.0532538851676,-2.514250035643739,0.45871559633027525,M5,loose,OOS,volume_atr
14,160,47.43510560431787,0.2964694100269867,0.45625,M5,loose,OOS,volume_atr
15,181,395.9939661779663,2.187811967834068,0.5027624309392266,M5,loose,OOS,volume_atr
16,112,947.2832308985471,8.457885990165598,0.5357142857142857,M5,loose,OOS,volume_atr
17,51,382.3222814103974,7.496515321772498,0.49019607843137253,M5,loose,OOS,volume_atr
18,72,1057.7545783301957,14.691035810141607,0.5972222222222222,M5,loose,OOS,volume_atr
19,139,1034.182641326688,7.44016288724236,0.5323741007194245,M5,loose,OOS,volume_atr
20,187,1969.7211257644449,10.533268052216282,0.5561497326203209,M5,loose,OOS,volume_atr
21,139,-639.1609498490197,-4.598280214741149,0.4172661870503597,M5,loose,OOS,volume_atr
22,108,-42.64478643652183,-0.3948591336714984,0.46296296296296297,M5,loose,OOS,volume_atr
23,18,243.25682542970753,13.514268079428197,0.5555555555555556,M5,loose,OOS,volume_atr
0,6,-391.9293748813834,-65.32156248023057,0.0,M5,loose,OOS,adaptive_quality
1,17,164.11387504801496,9.653757355765586,0.35294117647058826,M5,loose,OOS,adaptive_quality
2,64,13733.095497346749,214.57961714604295,0.4375,M5,loose,OOS,adaptive_quality
3,129,148.59846488810945,1.1519260844039492,0.43410852713178294,M5,loose,OOS,adaptive_quality
4,152,976.9913750749492,6.427574836019403,0.5131578947368421,M5,loose,OOS,adaptive_quality
5,128,2834.1647684140116,22.141912253234466,0.625,M5,loose,OOS,adaptive_quality
6,67,-112.38754390557915,-1.67742602844148,0.4626865671641791,M5,loose,OOS,adaptive_quality
7,66,-115.00781747229667,-1.742542688974192,0.4090909090909091,M5,loose,OOS,adaptive_quality
8,96,266.3260156884371,2.7742293300878864,0.4895833333333333,M5,loose,OOS,adaptive_quality
9,108,719.2047493727932,6.659303234933271,0.5555555555555556,M5,loose,OOS,adaptive_quality
10,134,851.642036153853,6.35553758323771,0.5223880597014925,M5,loose,OOS,adaptive_quality
11,115,1050.6862146794538,9.13640186677786,0.5217391304347826,M5,loose,OOS,adaptive_quality
12,92,116.4848612152673,1.2661397958181229,0.44565217391304346,M5,loose,OOS,adaptive_quality
13,89,-274.10419218284915,-3.0798223840769565,0.449438202247191,M5,loose,OOS,adaptive_quality
14,110,522.6540487773855,4.751400443430777,0.509090909090909,M5,loose,OOS,adaptive_quality
15,126,400.7305408760931,3.1804011180642306,0.5317460317460317,M5,loose,OOS,adaptive_quality
16,63,815.5277150694837,12.944884366182281,0.5873015873015873,M5,loose,OOS,adaptive_quality
17,31,581.025163016011,18.742747194064872,0.6129032258064516,M5,loose,OOS,adaptive_quality
18,55,654.4015335682161,11.898209701240292,0.5636363636363636,M5,loose,OOS,adaptive_quality
19,113,563.3474957527142,4.98537606860809,0.504424778761062,M5,loose,OOS,adaptive_quality
20,146,1909.5592344122633,13.07917283844016,0.5753424657534246,M5,loose,OOS,adaptive_quality
21,117,-1022.412597188968,-8.738569206743316,0.38461538461538464,M5,loose,OOS,adaptive_quality
22,80,-399.5062249394414,-4.993827811743017,0.4125,M5,loose,OOS,adaptive_quality
23,16,239.21998225459902,14.951248890912439,0.5625,M5,loose,OOS,adaptive_quality
7,66,13114.509901252495,198.70469547352266,0.4393939393939394,M5,loose,OOS,session_plus_adaptive
8,94,290.90994893570496,3.094786690805372,0.5,M5,loose,OOS,session_plus_adaptive
9,109,756.6767510821228,6.941988542037824,0.5596330275229358,M5,loose,OOS,session_plus_adaptive
10,134,851.642036153853,6.35553758323771,0.5223880597014925,M5,loose,OOS,session_plus_adaptive
11,115,1050.6862146794538,9.13640186677786,0.5217391304347826,M5,loose,OOS,session_plus_adaptive
12,92,116.4848612152673,1.2661397958181229,0.44565217391304346,M5,loose,OOS,session_plus_adaptive
13,89,-274.10419218284915,-3.0798223840769565,0.449438202247191,M5,loose,OOS,session_plus_adaptive
14,110,522.6540487773855,4.751400443430777,0.509090909090909,M5,loose,OOS,session_plus_adaptive
15,126,400.7305408760931,3.1804011180642306,0.5317460317460317,M5,loose,OOS,session_plus_adaptive
16,63,815.5277150694837,12.944884366182281,0.5873015873015873,M5,loose,OOS,session_plus_adaptive
17,31,581.025163016011,18.742747194064872,0.6129032258064516,M5,loose,OOS,session_plus_adaptive
18,55,654.4015335682161,11.898209701240292,0.5636363636363636,M5,loose,OOS,session_plus_adaptive
19,113,563.3474957527142,4.98537606860809,0.504424778761062,M5,loose,OOS,session_plus_adaptive
20,147,1917.208898981271,13.042237408035858,0.5714285714285714,M5,loose,OOS,session_plus_adaptive
0,4,-18.658059750159737,-4.664514937539934,0.25,M5,moderate,IS,baseline_all_day
1,1,5.905578070887714,5.905578070887714,1.0,M5,moderate,IS,baseline_all_day
2,16,-76.52244379037711,-4.782652736898569,0.375,M5,moderate,IS,baseline_all_day
3,20,-198.1857468245198,-9.90928734122599,0.25,M5,moderate,IS,baseline_all_day
4,14,-145.72555520825972,-10.408968229161408,0.21428571428571427,M5,moderate,IS,baseline_all_day
5,16,49.25820798499444,3.0786379990621526,0.75,M5,moderate,IS,baseline_all_day
6,9,-1.0162069479429192,-0.1129118831047688,0.5555555555555556,M5,moderate,IS,baseline_all_day
7,13,37.84662543347167,2.911278879497821,0.6923076923076923,M5,moderate,IS,baseline_all_day
8,21,36.63497042739891,1.74452240130471,0.5714285714285714,M5,moderate,IS,baseline_all_day
9,11,-115.06200196958616,-10.460181997235106,0.2727272727272727,M5,moderate,IS,baseline_all_day
10,8,-119.9713700357006,-14.996421254462575,0.125,M5,moderate,IS,baseline_all_day
11,10,44.85373660546884,4.485373660546884,0.7,M5,moderate,IS,baseline_all_day
12,14,34.11042555243057,2.436458968030755,0.6428571428571429,M5,moderate,IS,baseline_all_day
13,28,104.26954547097012,3.7239123382489328,0.7142857142857143,M5,moderate,IS,baseline_all_day
14,6,2.378415904368012,0.396402650728002,0.5,M5,moderate,IS,baseline_all_day
17,14,5.535115951115586,0.3953654250796847,0.6428571428571429,M5,moderate,IS,baseline_all_day
18,18,-330.1463758703221,-18.341465326129008,0.2777777777777778,M5,moderate,IS,baseline_all_day
19,17,99.9534552390378,5.879615014061047,0.7058823529411765,M5,moderate,IS,baseline_all_day
20,14,-30.816396936302226,-2.201171209735873,0.42857142857142855,M5,moderate,IS,baseline_all_day
21,15,50.58090133699352,3.3720600891329013,0.7333333333333333,M5,moderate,IS,baseline_all_day
22,10,26.89421337488966,2.689421337488966,0.7,M5,moderate,IS,baseline_all_day
23,5,12.656545588988592,2.5313091177977185,0.6,M5,moderate,IS,baseline_all_day
7,22,-40.16087356353182,-1.8254942528878102,0.5,M5,moderate,IS,session_only
8,29,30.144484083912175,1.0394649684107646,0.5862068965517241,M5,moderate,IS,session_only
9,16,-106.24840816267351,-6.640525510167095,0.375,M5,moderate,IS,session_only
10,12,-164.62649197719657,-13.718874331433048,0.25,M5,moderate,IS,session_only
11,12,37.02157201889804,3.0851310015748368,0.6666666666666666,M5,moderate,IS,session_only
12,17,64.39310205173115,3.7878295324547735,0.6470588235294118,M5,moderate,IS,session_only
13,32,5.980352158212554,0.18688600494414231,0.625,M5,moderate,IS,session_only
14,15,-65.27536250187495,-4.35169083345833,0.26666666666666666,M5,moderate,IS,session_only
15,2,-41.844283613581865,-20.922141806790933,0.0,M5,moderate,IS,session_only
16,2,11.42892244741688,5.71446122370844,0.5,M5,moderate,IS,session_only
17,14,5.535115951115586,0.3953654250796847,0.6428571428571429,M5,moderate,IS,session_only
18,20,-306.87452275881697,-15.343726137940848,0.3,M5,moderate,IS,session_only
19,19,116.63391618767491,6.138627167772364,0.6842105263157895,M5,moderate,IS,session_only
20,16,-74.9687098206823,-4.685544363792644,0.375,M5,moderate,IS,session_only
3,7,33489.64231640195,4784.23461662885,0.5714285714285714,M5,moderate,IS,volume_only
5,2,-51.499965843277096,-25.749982921638548,0.0,M5,moderate,IS,volume_only
10,2,-21.376452240165236,-10.688226120082618,0.0,M5,moderate,IS,volume_only
11,1,10.01281989362269,10.01281989362269,1.0,M5,moderate,IS,volume_only
12,5,-95.06334200533729,-19.012668401067458,0.0,M5,moderate,IS,volume_only
13,4,-42.223473176313746,-10.555868294078437,0.25,M5,moderate,IS,volume_only
17,7,-38.5514415356738,-5.507348790810544,0.5714285714285714,M5,moderate,IS,volume_only
18,2,35.73017328259084,17.86508664129542,1.0,M5,moderate,IS,volume_only
19,2,-88.37701688456946,-44.18850844228473,0.0,M5,moderate,IS,volume_only
20,6,-211.85160277513205,-35.30860046252201,0.0,M5,moderate,IS,volume_only
2,8,-86.97595103144977,-10.871993878931221,0.25,M5,moderate,IS,atr_only
3,10,-141.3732389996767,-14.137323899967669,0.3,M5,moderate,IS,atr_only
4,4,20.146517651096474,5.0366294127741185,0.5,M5,moderate,IS,atr_only
5,11,55.868728791456306,5.078975344677846,0.8181818181818182,M5,moderate,IS,atr_only
6,4,14.04461832092693,3.5111545802317323,0.75,M5,moderate,IS,atr_only
7,3,4.655101048729193,1.5517003495763977,0.6666666666666666,M5,moderate,IS,atr_only
8,13,54.06234485718869,4.158641912091438,0.6923076923076923,M5,moderate,IS,atr_only
9,10,-155.40597281645205,-15.540597281645205,0.2,M5,moderate,IS,atr_only
10,4,-106.82812194392682,-26.707030485981704,0.0,M5,moderate,IS,atr_only
11,8,-13.759571033388056,-1.719946379173507,0.625,M5,moderate,IS,atr_only
12,10,-14.267000377913064,-1.4267000377913064,0.6,M5,moderate,IS,atr_only
13,23,19.996240887976455,0.8694017777381068,0.6086956521739131,M5,moderate,IS,atr_only
14,4,20.35049100148626,5.087622750371565,0.75,M5,moderate,IS,atr_only
17,14,5.535115951115586,0.3953654250796847,0.6428571428571429,M5,moderate,IS,atr_only
18,14,-213.52333916913722,-15.251667083509801,0.35714285714285715,M5,moderate,IS,atr_only
19,12,25.027692687040144,2.0856410572533455,0.5833333333333334,M5,moderate,IS,atr_only
21,2,-1.22630264757845,-0.613151323789225,0.5,M5,moderate,IS,atr_only
0,4,-26.404735652681666,-6.601183913170416,0.25,M5,moderate,IS,adx_only
2,1,-5.719543285354121,-5.719543285354121,0.0,M5,moderate,IS,adx_only
3,6,33523.14206151344,5587.190343585574,0.6666666666666666,M5,moderate,IS,adx_only
5,4,-44.45759960842224,-11.11439990210556,0.25,M5,moderate,IS,adx_only
6,2,6.318278442654446,3.159139221327223,0.5,M5,moderate,IS,adx_only
10,2,-21.376452240165236,-10.688226120082618,0.0,M5,moderate,IS,adx_only
11,3,-6.7106814177532215,-2.2368938059177403,0.3333333333333333,M5,moderate,IS,adx_only
12,5,-94.70710592579508,-18.941421185159015,0.0,M5,moderate,IS,adx_only
13,4,-44.13265833777132,-11.03316458444283,0.25,M5,moderate,IS,adx_only
17,7,-38.5514415356738,-5.507348790810544,0.5714285714285714,M5,moderate,IS,adx_only
18,2,35.73017328259084,17.86508664129542,1.0,M5,moderate,IS,adx_only
19,2,-88.37701688456946,-44.18850844228473,0.0,M5,moderate,IS,adx_only
20,6,-211.85160277513205,-35.30860046252201,0.0,M5,moderate,IS,adx_only
3,10,33.044755138685105,3.3044755138685105,0.6,M5,moderate,IS,volume_atr
4,3,-23.362626815660406,-7.787542271886802,0.0,M5,moderate,IS,volume_atr
5,5,-74.7313342201187,-14.94626684402374,0.0,M5,moderate,IS,volume_atr
6,1,-6.495437258217862,-6.495437258217862,0.0,M5,moderate,IS,volume_atr
7,5,-32.3861827365954,-6.47723654731908,0.0,M5,moderate,IS,volume_atr
8,2,1.5109964739303905,0.7554982369651952,0.5,M5,moderate,IS,volume_atr
9,3,-24.657220685876382,-8.219073561958794,0.0,M5,moderate,IS,volume_atr
10,14,-32.13538107995191,-2.295384362853708,0.35714285714285715,M5,moderate,IS,volume_atr
11,4,-13.480944982970868,-3.370236245742717,0.25,M5,moderate,IS,volume_atr
12,8,-116.64087789819405,-14.580109737274256,0.0,M5,moderate,IS,volume_atr
13,24,-161.41109562022848,-6.72546231750952,0.125,M5,moderate,IS,volume_atr
14,4,-17.349553588878734,-4.337388397219684,0.25,M5,moderate,IS,volume_atr
17,10,-20.708396598288346,-2.0708396598288346,0.6,M5,moderate,IS,volume_atr
18,8,33541.91377319307,4192.7392216491335,0.625,M5,moderate,IS,volume_atr
19,2,-17.92143320388277,-8.960716601941385,0.0,M5,moderate,IS,volume_atr
20,2,-58.224888778486275,-29.112444389243137,0.0,M5,moderate,IS,volume_atr
21,3,-9.202380933766108,-3.067460311255369,0.3333333333333333,M5,moderate,IS,volume_atr
3,10,33.044755138685105,3.3044755138685105,0.6,M5,moderate,IS,adaptive_quality
5,5,-74.7313342201187,-14.94626684402374,0.0,M5,moderate,IS,adaptive_quality
6,1,-6.495437258217862,-6.495437258217862,0.0,M5,moderate,IS,adaptive_quality
7,2,-11.122883717771401,-5.561441858885701,0.0,M5,moderate,IS,adaptive_quality
8,6,-10.91580547345984,-1.8193009122433068,0.3333333333333333,M5,moderate,IS,adaptive_quality
9,7,-54.85729553529836,-7.836756505042623,0.0,M5,moderate,IS,adaptive_quality
10,19,-38.775423765414416,-2.0408117771270744,0.3684210526315789,M5,moderate,IS,adaptive_quality
11,5,-2.522091187256592,-0.5044182374513184,0.4,M5,moderate,IS,adaptive_quality
12,6,-104.05768329389048,-17.34294721564841,0.0,M5,moderate,IS,adaptive_quality
13,28,-178.20179449151055,-6.364349803268234,0.14285714285714285,M5,moderate,IS,adaptive_quality
14,11,-18.55711152081767,-1.687010138256152,0.36363636363636365,M5,moderate,IS,adaptive_quality
17,10,-20.708396598288346,-2.0708396598288346,0.6,M5,moderate,IS,adaptive_quality
18,10,33544.998439520044,3354.4998439520045,0.6,M5,moderate,IS,adaptive_quality
19,6,-33.583040459398035,-5.597173409899672,0.16666666666666666,M5,moderate,IS,adaptive_quality
20,2,-58.224888778486275,-29.112444389243137,0.0,M5,moderate,IS,adaptive_quality
7,2,-11.122883717771401,-5.561441858885701,0.0,M5,moderate,IS,session_plus_adaptive
8,2,1.5109964739303905,0.7554982369651952,0.5,M5,moderate,IS,session_plus_adaptive
9,3,-24.657220685876382,-8.219073561958794,0.0,M5,moderate,IS,session_plus_adaptive
10,14,-75.54455803141536,-5.3960398593868115,0.35714285714285715,M5,moderate,IS,session_plus_adaptive
11,3,-23.49376487659356,-7.83125495886452,0.0,M5,moderate,IS,session_plus_adaptive
12,4,-119.84076352213378,-29.960190880533446,0.0,M5,moderate,IS,session_plus_adaptive
13,20,-237.464423733295,-11.87322118666475,0.05,M5,moderate,IS,session_plus_adaptive
14,3,-6.2684132001913895,-2.089471066730463,0.3333333333333333,M5,moderate,IS,session_plus_adaptive
17,10,-20.708396598288346,-2.0708396598288346,0.6,M5,moderate,IS,session_plus_adaptive
18,7,33552.24687807935,4793.1781254399075,0.7142857142857143,M5,moderate,IS,session_plus_adaptive
19,1,-8.713252590541742,-8.713252590541742,0.0,M5,moderate,IS,session_plus_adaptive
20,2,-58.224888778486275,-29.112444389243137,0.0,M5,moderate,IS,session_plus_adaptive
0,12,-442.5102566966234,-36.875854724718614,0.16666666666666666,M5,moderate,OOS,baseline_all_day
1,188,187.65663984860112,0.9981736162159633,0.4521276595744681,M5,moderate,OOS,baseline_all_day
2,222,13515.228909531816,60.87940950239557,0.44144144144144143,M5,moderate,OOS,baseline_all_day
3,235,466.8972787293751,1.9867969307632982,0.4851063829787234,M5,moderate,OOS,baseline_all_day
4,235,899.4661198895392,3.827515403785273,0.5063829787234042,M5,moderate,OOS,baseline_all_day
5,242,3167.531112270499,13.088971538307847,0.5702479338842975,M5,moderate,OOS,baseline_all_day
6,204,1102.3848219722731,5.403847166530751,0.5245098039215687,M5,moderate,OOS,baseline_all_day
7,217,1000.9383168569184,4.6126189716908685,0.5253456221198156,M5,moderate,OOS,baseline_all_day
8,193,523.0762906791006,2.7102398480782415,0.49222797927461137,M5,moderate,OOS,baseline_all_day
9,195,1259.3772597336374,6.458344921710961,0.5538461538461539,M5,moderate,OOS,baseline_all_day
10,206,825.0450317741161,4.005072969777262,0.5194174757281553,M5,moderate,OOS,baseline_all_day
11,204,884.310007001468,4.334852975497392,0.4803921568627451,M5,moderate,OOS,baseline_all_day
12,202,417.53457412009084,2.0670028421786677,0.48514851485148514,M5,moderate,OOS,baseline_all_day
13,179,711.8951191467477,3.977067704730434,0.5307262569832403,M5,moderate,OOS,baseline_all_day
14,209,432.45349859248563,2.069155495657826,0.4784688995215311,M5,moderate,OOS,baseline_all_day
15,201,552.2768924559568,2.7476462311241634,0.5074626865671642,M5,moderate,OOS,baseline_all_day
16,114,998.0980835251466,8.755246346711813,0.543859649122807,M5,moderate,OOS,baseline_all_day
17,50,296.0185255633223,5.920370511266446,0.48,M5,moderate,OOS,baseline_all_day
18,78,1103.0834745511038,14.142095827578254,0.5897435897435898,M5,moderate,OOS,baseline_all_day
19,162,1062.669350781025,6.5596873505001545,0.5185185185185185,M5,moderate,OOS,baseline_all_day
20,237,2481.081447889501,10.468698092360762,0.5569620253164557,M5,moderate,OOS,baseline_all_day
21,208,-168.91367623631595,-0.8120849819053652,0.4519230769230769,M5,moderate,OOS,baseline_all_day
22,222,-170.07330597534747,-0.7660959728619255,0.47297297297297297,M5,moderate,OOS,baseline_all_day
23,168,-27.659225679344672,-0.16463824809133734,0.4523809523809524,M5,moderate,OOS,baseline_all_day
7,222,13791.163332571696,62.12235735392656,0.5225225225225225,M5,moderate,OOS,session_only
8,196,378.8896050686526,1.933110229942105,0.4897959183673469,M5,moderate,OOS,session_only
9,201,1258.7225706541903,6.26230134653826,0.5472636815920398,M5,moderate,OOS,session_only
10,206,698.9396320475316,3.3929108351821924,0.5145631067961165,M5,moderate,OOS,session_only
11,203,841.8001112320962,4.146798577498011,0.47783251231527096,M5,moderate,OOS,session_only
12,204,647.1722738998415,3.172413107352164,0.4950980392156863,M5,moderate,OOS,session_only
13,177,453.8452987396522,2.5640977329923853,0.5084745762711864,M5,moderate,OOS,session_only
14,211,464.5618081491466,2.201714730564676,0.4786729857819905,M5,moderate,OOS,session_only
15,202,568.3956989987655,2.813840094053295,0.504950495049505,M5,moderate,OOS,session_only
16,116,996.553888370272,8.590981796295448,0.5431034482758621,M5,moderate,OOS,session_only
17,52,339.3718647438254,6.526382014304335,0.4807692307692308,M5,moderate,OOS,session_only
18,79,1132.663727787367,14.33751554161224,0.5949367088607594,M5,moderate,OOS,session_only
19,164,1151.7036037075104,7.022582949436039,0.5182926829268293,M5,moderate,OOS,session_only
20,238,2480.0898858397886,10.420545738822641,0.5546218487394958,M5,moderate,OOS,session_only
0,5,-349.15698185455767,-69.83139637091153,0.0,M5,moderate,OOS,volume_only
1,24,-466.7979782799557,-19.449915761664823,0.20833333333333334,M5,moderate,OOS,volume_only
2,71,13555.737532500516,190.9258807394439,0.4507042253521127,M5,moderate,OOS,volume_only
3,186,-52.93079351599772,-0.2845741586881598,0.45698924731182794,M5,moderate,OOS,volume_only
4,207,796.4376034737415,3.8475246544625197,0.5024154589371981,M5,moderate,OOS,volume_only
5,156,2905.283772188968,18.623613924288257,0.5961538461538461,M5,moderate,OOS,volume_only
6,60,-172.2777053990285,-2.8712950899838083,0.45,M5,moderate,OOS,volume_only
7,81,-12.236037160128035,-0.1510621871620745,0.43209876543209874,M5,moderate,OOS,volume_only
8,127,31.263776779014734,0.24617147070090342,0.44881889763779526,M5,moderate,OOS,volume_only
9,134,974.0510844142318,7.269037943389789,0.5597014925373134,M5,moderate,OOS,volume_only
10,150,322.8491020362253,2.1523273469081685,0.49333333333333335,M5,moderate,OOS,volume_only
11,125,695.6989665765013,5.565591732612011,0.496,M5,moderate,OOS,volume_only
12,104,177.19527932771598,1.7038007627664997,0.46153846153846156,M5,moderate,OOS,volume_only
13,107,64.57873279005071,0.6035395587855207,0.5046728971962616,M5,moderate,OOS,volume_only
14,149,146.33651341935547,0.9821242511366138,0.46308724832214765,M5,moderate,OOS,volume_only
15,178,329.85994044441213,1.853145732833776,0.5,M5,moderate,OOS,volume_only
16,106,849.6587713757162,8.01564878656336,0.5377358490566038,M5,moderate,OOS,volume_only
17,48,289.9840332664098,6.041334026383538,0.4791666666666667,M5,moderate,OOS,volume_only
18,68,912.3407152074833,13.41677522363946,0.5882352941176471,M5,moderate,OOS,volume_only
19,128,837.061020659894,6.539539223905422,0.5234375,M5,moderate,OOS,volume_only
20,172,1561.3257749592958,9.077475435809859,0.5465116279069767,M5,moderate,OOS,volume_only
21,151,-346.64100982932723,-2.2956358266842862,0.45695364238410596,M5,moderate,OOS,volume_only
22,143,-450.9547536979153,-3.153529746139268,0.44755244755244755,M5,moderate,OOS,volume_only
23,20,188.02875105811836,9.401437552905918,0.45,M5,moderate,OOS,volume_only
0,9,-340.1904534917776,-37.798939276864175,0.2222222222222222,M5,moderate,OOS,atr_only
1,101,323.1749729898638,3.199752207820434,0.44554455445544555,M5,moderate,OOS,atr_only
2,128,13601.86581612009,106.2645766884382,0.4609375,M5,moderate,OOS,atr_only
3,195,546.0477474519757,2.800244858728081,0.47692307692307695,M5,moderate,OOS,atr_only
4,229,1028.6729097300304,4.492021439869128,0.5152838427947598,M5,moderate,OOS,atr_only
5,225,3193.6589405390623,14.194039735729167,0.5777777777777777,M5,moderate,OOS,atr_only
6,181,1317.1580731931044,7.27711642648124,0.5469613259668509,M5,moderate,OOS,atr_only
7,159,583.3986184548849,3.6691737009741185,0.5283018867924528,M5,moderate,OOS,atr_only
8,145,-261.4748486666849,-1.8032748183909304,0.45517241379310347,M5,moderate,OOS,atr_only
9,169,1240.834877203497,7.342218208304716,0.5621301775147929,M5,moderate,OOS,atr_only
10,197,669.7960320536004,3.3999798581401035,0.5126903553299492,M5,moderate,OOS,atr_only
11,191,852.772236229348,4.464776105912817,0.47643979057591623,M5,moderate,OOS,atr_only
12,182,221.9087493029656,1.2192788423239866,0.46703296703296704,M5,moderate,OOS,atr_only
13,168,463.70978933719925,2.760177317483329,0.5238095238095238,M5,moderate,OOS,atr_only
14,189,144.4189386072503,0.7641213682923297,0.4603174603174603,M5,moderate,OOS,atr_only
15,191,515.745852405671,2.7002400649511573,0.5130890052356021,M5,moderate,OOS,atr_only
16,114,998.0980835251466,8.755246346711813,0.543859649122807,M5,moderate,OOS,atr_only
17,50,296.0185255633223,5.920370511266446,0.48,M5,moderate,OOS,atr_only
18,77,1071.1093926574813,13.910511592954302,0.5844155844155844,M5,moderate,OOS,atr_only
19,156,1132.0650997188386,7.256827562300248,0.532051282051282,M5,moderate,OOS,atr_only
20,210,2419.907369740804,11.52336842733716,0.5714285714285714,M5,moderate,OOS,atr_only
21,138,-230.58548954677462,-1.670909344541845,0.4420289855072464,M5,moderate,OOS,atr_only
22,126,-483.7508100780633,-3.8392921434766927,0.4365079365079365,M5,moderate,OOS,atr_only
23,49,442.84629166210834,9.03767942167568,0.5510204081632653,M5,moderate,OOS,atr_only
0,12,-442.5102566966234,-36.875854724718614,0.16666666666666666,M5,moderate,OOS,adx_only
1,117,582.0711661837595,4.974967232339825,0.47863247863247865,M5,moderate,OOS,adx_only
2,148,13997.1064499171,94.57504358052095,0.47297297297297297,M5,moderate,OOS,adx_only
3,149,165.112498769995,1.1081375756375504,0.4563758389261745,M5,moderate,OOS,adx_only
4,142,1013.7708779059994,7.139231534549292,0.5140845070422535,M5,moderate,OOS,adx_only
5,175,2814.8699582705467,16.08497119011741,0.5942857142857143,M5,moderate,OOS,adx_only
6,161,966.8427848118972,6.005234688272654,0.5279503105590062,M5,moderate,OOS,adx_only
7,141,306.93556303421246,2.1768479647816488,0.48226950354609927,M5,moderate,OOS,adx_only
8,127,501.16459986476,3.946177951691024,0.5039370078740157,M5,moderate,OOS,adx_only
9,126,982.625141673916,7.79861223550727,0.5793650793650794,M5,moderate,OOS,adx_only
10,154,1300.1261614038049,8.44237767145328,0.5584415584415584,M5,moderate,OOS,adx_only
11,146,879.3654190373582,6.023050815324371,0.4931506849315068,M5,moderate,OOS,adx_only
12,142,697.1283552576824,4.909354614490721,0.5140845070422535,M5,moderate,OOS,adx_only
13,109,400.83435003505656,3.677379358119785,0.5229357798165137,M5,moderate,OOS,adx_only
14,139,1059.4890172459054,7.6222231456539955,0.539568345323741,M5,moderate,OOS,adx_only
15,117,384.33333758202025,3.2849003212138483,0.5299145299145299,M5,moderate,OOS,adx_only
16,54,718.7398376037345,13.30999699266175,0.5925925925925926,M5,moderate,OOS,adx_only
17,22,716.2451310540382,32.55659686609265,0.7272727272727273,M5,moderate,OOS,adx_only
18,51,727.6536579193726,14.267718782732794,0.5882352941176471,M5,moderate,OOS,adx_only
19,121,488.43983619617575,4.036692861125419,0.49586776859504134,M5,moderate,OOS,adx_only
20,162,1368.0608627296351,8.44482014030639,0.5432098765432098,M5,moderate,OOS,adx_only
21,160,-954.8139701908804,-5.967587313693002,0.4,M5,moderate,OOS,adx_only
22,142,-175.9236181156666,-1.2388987191244127,0.45774647887323944,M5,moderate,OOS,adx_only
23,109,307.7541634391582,2.823432692102369,0.47706422018348627,M5,moderate,OOS,adx_only
0,5,-349.15698185455767,-69.83139637091153,0.0,M5,moderate,OOS,volume_atr
1,19,-411.0053623220665,-21.631861174845607,0.21052631578947367,M5,moderate,OOS,volume_atr
2,67,13511.325383179019,201.66157288326895,0.44776119402985076,M5,moderate,OOS,volume_atr
3,167,423.70723953888955,2.5371690990352667,0.46706586826347307,M5,moderate,OOS,volume_atr
4,205,688.0379557486049,3.356282710968804,0.5024390243902439,M5,moderate,OOS,volume_atr
5,152,2988.439295325561,19.660784837668164,0.6052631578947368,M5,moderate,OOS,volume_atr
6,57,-135.87833889635476,-2.383830506953592,0.45614035087719296,M5,moderate,OOS,volume_atr
7,71,108.68711557051938,1.5308044446552025,0.4507042253521127,M5,moderate,OOS,volume_atr
8,103,-532.2577282969814,-5.167550760164868,0.4077669902912621,M5,moderate,OOS,volume_atr
9,118,840.2497985929676,7.120761005025149,0.559322033898305,M5,moderate,OOS,volume_atr
10,147,272.53617675903115,1.853987597000212,0.4897959183673469,M5,moderate,OOS,volume_atr
11,119,677.970539429698,5.697231423778974,0.4957983193277311,M5,moderate,OOS,volume_atr
12,93,105.16232350239989,1.130777672068816,0.44086021505376344,M5,moderate,OOS,volume_atr
13,99,-237.1335550963886,-2.3952884353170565,0.46464646464646464,M5,moderate,OOS,volume_atr
14,143,3.032059667739304,0.021203214459715413,0.4405594405594406,M5,moderate,OOS,volume_atr
15,178,286.70033112742203,1.6106760175697867,0.5,M5,moderate,OOS,volume_atr
16,107,941.6973155334745,8.80090949096705,0.5420560747663551,M5,moderate,OOS,volume_atr
17,50,333.3373724469129,6.666747448938258,0.48,M5,moderate,OOS,volume_atr
18,69,941.9209684437465,13.651028528170238,0.5942028985507246,M5,moderate,OOS,volume_atr
19,129,794.0174420956828,6.155173969733975,0.5193798449612403,M5,moderate,OOS,volume_atr
20,160,1398.8750134458678,8.742968834036674,0.5375,M5,moderate,OOS,volume_atr
21,121,-474.2080786997303,-3.9190750305762836,0.4214876033057851,M5,moderate,OOS,volume_atr
22,93,-544.4888895396434,-5.854719242361758,0.41935483870967744,M5,moderate,OOS,volume_atr
23,12,190.04607696187122,15.837173080155935,0.5833333333333334,M5,moderate,OOS,volume_atr
0,5,-349.15698185455767,-69.83139637091153,0.0,M5,moderate,OOS,adaptive_quality
1,10,-147.22247360598885,-14.722247360598885,0.2,M5,moderate,OOS,adaptive_quality
2,48,13841.476228668153,288.36408809725316,0.4583333333333333,M5,moderate,OOS,adaptive_quality
3,112,189.90662914859968,1.695594903112497,0.42857142857142855,M5,moderate,OOS,adaptive_quality
4,131,807.9562656521648,6.167605081314235,0.4961832061068702,M5,moderate,OOS,adaptive_quality
5,105,2699.7051807092157,25.71147791151634,0.6476190476190476,M5,moderate,OOS,adaptive_quality
6,44,-176.70823789941096,-4.0160963158957035,0.4318181818181818,M5,moderate,OOS,adaptive_quality
7,49,-168.05669105672678,-3.429728388912791,0.3877551020408163,M5,moderate,OOS,adaptive_quality
8,73,-56.794530632632814,-0.7780072689401756,0.4383561643835616,M5,moderate,OOS,adaptive_quality
9,83,450.27937345590544,5.425052692239825,0.5421686746987951,M5,moderate,OOS,adaptive_quality
10,107,846.6609593733574,7.912719246479976,0.5420560747663551,M5,moderate,OOS,adaptive_quality
11,90,627.7291195138423,6.974767994598248,0.5,M5,moderate,OOS,adaptive_quality
12,68,577.6098260505751,8.494262147802575,0.5294117647058824,M5,moderate,OOS,adaptive_quality
13,61,163.24817417342274,2.6761995766134876,0.4918032786885246,M5,moderate,OOS,adaptive_quality
14,95,566.5860147918647,5.964063313598576,0.5157894736842106,M5,moderate,OOS,adaptive_quality
15,110,299.3048455789358,2.7209531416266888,0.5272727272727272,M5,moderate,OOS,adaptive_quality
16,51,654.1326089843096,12.826129587927639,0.5882352941176471,M5,moderate,OOS,adaptive_quality
17,22,753.5639779376288,34.25290808807404,0.7272727272727273,M5,moderate,OOS,adaptive_quality
18,47,607.0945993977421,12.916906370164725,0.574468085106383,M5,moderate,OOS,adaptive_quality
19,92,268.0061256294812,2.9131100611900127,0.4891304347826087,M5,moderate,OOS,adaptive_quality
20,114,1230.516361635082,10.794003172237561,0.5526315789473685,M5,moderate,OOS,adaptive_quality
21,96,-712.3098886204662,-7.419894673129856,0.3958333333333333,M5,moderate,OOS,adaptive_quality
22,59,-268.3291207568709,-4.547951199268998,0.4406779661016949,M5,moderate,OOS,adaptive_quality
23,12,190.04607696187122,15.837173080155935,0.5833333333333334,M5,moderate,OOS,adaptive_quality
7,48,-112.112080790248,-2.3356683497968334,0.4166666666666667,M5,moderate,OOS,session_plus_adaptive
8,71,-32.21059738536496,-0.4536703857093657,0.4507042253521127,M5,moderate,OOS,session_plus_adaptive
9,83,450.27937345590544,5.425052692239825,0.5421686746987951,M5,moderate,OOS,session_plus_adaptive
10,107,846.6609593733574,7.912719246479976,0.5420560747663551,M5,moderate,OOS,session_plus_adaptive
11,90,627.7291195138423,6.974767994598248,0.5,M5,moderate,OOS,session_plus_adaptive
12,68,577.6098260505751,8.494262147802575,0.5294117647058824,M5,moderate,OOS,session_plus_adaptive
13,60,13012.387938806241,216.87313231343737,0.5166666666666667,M5,moderate,OOS,session_plus_adaptive
14,95,566.5860147918647,5.964063313598576,0.5157894736842106,M5,moderate,OOS,session_plus_adaptive
15,110,299.3048455789358,2.7209531416266888,0.5272727272727272,M5,moderate,OOS,session_plus_adaptive
16,51,654.1326089843096,12.826129587927639,0.5882352941176471,M5,moderate,OOS,session_plus_adaptive
17,22,753.5639779376288,34.25290808807404,0.7272727272727273,M5,moderate,OOS,session_plus_adaptive
18,47,607.0945993977421,12.916906370164725,0.574468085106383,M5,moderate,OOS,session_plus_adaptive
19,92,268.0061256294812,2.9131100611900127,0.4891304347826087,M5,moderate,OOS,session_plus_adaptive
20,114,1230.516361635082,10.794003172237561,0.5526315789473685,M5,moderate,OOS,session_plus_adaptive
0,4,-18.658059750159737,-4.664514937539934,0.25,M5,balanced,IS,baseline_all_day
1,1,5.905578070887714,5.905578070887714,1.0,M5,balanced,IS,baseline_all_day
2,16,-76.52244379037711,-4.782652736898569,0.375,M5,balanced,IS,baseline_all_day
3,20,-198.1857468245198,-9.90928734122599,0.25,M5,balanced,IS,baseline_all_day
4,14,-145.72555520825972,-10.408968229161408,0.21428571428571427,M5,balanced,IS,baseline_all_day
5,16,49.25820798499444,3.0786379990621526,0.75,M5,balanced,IS,baseline_all_day
6,9,-1.0162069479429192,-0.1129118831047688,0.5555555555555556,M5,balanced,IS,baseline_all_day
7,13,37.84662543347167,2.911278879497821,0.6923076923076923,M5,balanced,IS,baseline_all_day
8,21,36.63497042739891,1.74452240130471,0.5714285714285714,M5,balanced,IS,baseline_all_day
9,11,-115.06200196958616,-10.460181997235106,0.2727272727272727,M5,balanced,IS,baseline_all_day
10,8,-119.9713700357006,-14.996421254462575,0.125,M5,balanced,IS,baseline_all_day
11,10,44.85373660546884,4.485373660546884,0.7,M5,balanced,IS,baseline_all_day
12,14,34.11042555243057,2.436458968030755,0.6428571428571429,M5,balanced,IS,baseline_all_day
13,28,104.26954547097012,3.7239123382489328,0.7142857142857143,M5,balanced,IS,baseline_all_day
14,6,2.378415904368012,0.396402650728002,0.5,M5,balanced,IS,baseline_all_day
17,14,5.535115951115586,0.3953654250796847,0.6428571428571429,M5,balanced,IS,baseline_all_day
18,18,-330.1463758703221,-18.341465326129008,0.2777777777777778,M5,balanced,IS,baseline_all_day
19,17,99.9534552390378,5.879615014061047,0.7058823529411765,M5,balanced,IS,baseline_all_day
20,14,-30.816396936302226,-2.201171209735873,0.42857142857142855,M5,balanced,IS,baseline_all_day
21,15,50.58090133699352,3.3720600891329013,0.7333333333333333,M5,balanced,IS,baseline_all_day
22,10,26.89421337488966,2.689421337488966,0.7,M5,balanced,IS,baseline_all_day
23,5,12.656545588988592,2.5313091177977185,0.6,M5,balanced,IS,baseline_all_day
7,22,-40.16087356353182,-1.8254942528878102,0.5,M5,balanced,IS,session_only
8,29,30.144484083912175,1.0394649684107646,0.5862068965517241,M5,balanced,IS,session_only
9,16,-106.24840816267351,-6.640525510167095,0.375,M5,balanced,IS,session_only
10,12,-164.62649197719657,-13.718874331433048,0.25,M5,balanced,IS,session_only
11,12,37.02157201889804,3.0851310015748368,0.6666666666666666,M5,balanced,IS,session_only
12,17,64.39310205173115,3.7878295324547735,0.6470588235294118,M5,balanced,IS,session_only
13,32,5.980352158212554,0.18688600494414231,0.625,M5,balanced,IS,session_only
14,15,-65.27536250187495,-4.35169083345833,0.26666666666666666,M5,balanced,IS,session_only
15,2,-41.844283613581865,-20.922141806790933,0.0,M5,balanced,IS,session_only
16,2,11.42892244741688,5.71446122370844,0.5,M5,balanced,IS,session_only
17,14,5.535115951115586,0.3953654250796847,0.6428571428571429,M5,balanced,IS,session_only
18,20,-306.87452275881697,-15.343726137940848,0.3,M5,balanced,IS,session_only
19,19,116.63391618767491,6.138627167772364,0.6842105263157895,M5,balanced,IS,session_only
20,16,-74.9687098206823,-4.685544363792644,0.375,M5,balanced,IS,session_only
3,7,33489.64231640195,4784.23461662885,0.5714285714285714,M5,balanced,IS,volume_only
5,2,-51.499965843277096,-25.749982921638548,0.0,M5,balanced,IS,volume_only
10,1,-10.797604865269932,-10.797604865269932,0.0,M5,balanced,IS,volume_only
11,1,10.01281989362269,10.01281989362269,1.0,M5,balanced,IS,volume_only
12,5,-95.06334200533729,-19.012668401067458,0.0,M5,balanced,IS,volume_only
13,5,-50.5601482883867,-10.11202965767734,0.2,M5,balanced,IS,volume_only
17,7,-38.5514415356738,-5.507348790810544,0.5714285714285714,M5,balanced,IS,volume_only
18,2,35.73017328259084,17.86508664129542,1.0,M5,balanced,IS,volume_only
19,2,-88.37701688456946,-44.18850844228473,0.0,M5,balanced,IS,volume_only
20,6,-211.85160277513205,-35.30860046252201,0.0,M5,balanced,IS,volume_only
2,8,-66.29313969432587,-8.286642461790734,0.375,M5,balanced,IS,atr_only
3,10,-141.3732389996767,-14.137323899967669,0.3,M5,balanced,IS,atr_only
4,4,20.146517651096474,5.0366294127741185,0.5,M5,balanced,IS,atr_only
5,8,42.36401373168974,5.295501716461217,0.75,M5,balanced,IS,atr_only
6,1,8.318019395660485,8.318019395660485,1.0,M5,balanced,IS,atr_only
7,2,14.731948138942244,7.365974069471122,1.0,M5,balanced,IS,atr_only
8,13,54.06234485718869,4.158641912091438,0.6923076923076923,M5,balanced,IS,atr_only
9,10,-155.40597281645205,-15.540597281645205,0.2,M5,balanced,IS,atr_only
10,4,-106.82812194392682,-26.707030485981704,0.0,M5,balanced,IS,atr_only
11,8,-13.759571033388056,-1.719946379173507,0.625,M5,balanced,IS,atr_only
12,10,-14.267000377913064,-1.4267000377913064,0.6,M5,balanced,IS,atr_only
13,23,19.996240887976455,0.8694017777381068,0.6086956521739131,M5,balanced,IS,atr_only
14,4,20.35049100148626,5.087622750371565,0.75,M5,balanced,IS,atr_only
17,14,5.535115951115586,0.3953654250796847,0.6428571428571429,M5,balanced,IS,atr_only
18,12,-236.06947369348745,-19.672456141123956,0.25,M5,balanced,IS,atr_only
19,10,12.64288022785422,1.264288022785422,0.6,M5,balanced,IS,atr_only
21,1,10.748650102091233,10.748650102091233,1.0,M5,balanced,IS,atr_only
0,2,7.053584792729453,3.5267923963647263,0.5,M5,balanced,IS,adx_only
2,1,-11.406413369818438,-11.406413369818438,0.0,M5,balanced,IS,adx_only
3,1,11.444681053335444,11.444681053335444,1.0,M5,balanced,IS,adx_only
4,2,-68.39848595674084,-34.19924297837042,0.0,M5,balanced,IS,adx_only
5,5,18.569127538689827,3.7138255077379654,0.4,M5,balanced,IS,adx_only
6,7,-0.36933541677626636,-0.05276220239660948,0.2857142857142857,M5,balanced,IS,adx_only
7,1,8.58361235778375,8.58361235778375,1.0,M5,balanced,IS,adx_only
8,2,14.419984775863668,7.209992387931834,0.5,M5,balanced,IS,adx_only
10,2,-64.78562919162869,-32.39281459581434,0.0,M5,balanced,IS,adx_only
11,4,-34.47449148396572,-8.61862287099143,0.25,M5,balanced,IS,adx_only
12,2,15.343288080466664,7.671644040233332,0.5,M5,balanced,IS,adx_only
13,13,-233.2327141855103,-17.940978014270023,0.0,M5,balanced,IS,adx_only
14,4,44.124741608957265,11.031185402239316,0.75,M5,balanced,IS,adx_only
17,4,-176.45758538152222,-44.114396345380555,0.0,M5,balanced,IS,adx_only
18,4,33.47656657832886,8.369141644582214,0.5,M5,balanced,IS,adx_only
19,2,-88.37701688456946,-44.18850844228473,0.0,M5,balanced,IS,adx_only
22,2,2.9023535954411273,1.4511767977205636,0.5,M5,balanced,IS,adx_only
3,7,11.552838860957308,1.6504055515653298,0.5714285714285714,M5,balanced,IS,volume_atr
4,6,-18.446733158266397,-3.074455526377733,0.16666666666666666,M5,balanced,IS,volume_atr
5,5,-74.7313342201187,-14.94626684402374,0.0,M5,balanced,IS,volume_atr
6,1,-6.495437258217862,-6.495437258217862,0.0,M5,balanced,IS,volume_atr
7,4,-26.94616895701074,-6.736542239252685,0.0,M5,balanced,IS,volume_atr
8,2,1.5109964739303905,0.7554982369651952,0.5,M5,balanced,IS,volume_atr
9,7,-58.62167015334762,-8.374524307621089,0.0,M5,balanced,IS,volume_atr
10,18,-45.95210010599203,-2.5528944503328908,0.3333333333333333,M5,balanced,IS,volume_atr
11,3,-5.711867821105443,-1.903955940368481,0.3333333333333333,M5,balanced,IS,volume_atr
12,7,-109.74534743423192,-15.677906776318846,0.0,M5,balanced,IS,volume_atr
13,27,-170.39897693132843,-6.311073219678831,0.14814814814814814,M5,balanced,IS,volume_atr
14,7,-25.17367248156006,-3.5962389259371514,0.2857142857142857,M5,balanced,IS,volume_atr
17,10,-20.708396598288346,-2.0708396598288346,0.6,M5,balanced,IS,volume_atr
18,8,33541.91377319307,4192.7392216491335,0.625,M5,balanced,IS,volume_atr
19,2,-17.92143320388277,-8.960716601941385,0.0,M5,balanced,IS,volume_atr
21,3,-9.202380933766108,-3.067460311255369,0.3333333333333333,M5,balanced,IS,volume_atr
3,2,-62.30106474001332,-31.15053237000666,0.0,M5,balanced,IS,adaptive_quality
7,2,-50.62625561002278,-25.31312780501139,0.0,M5,balanced,IS,adaptive_quality
8,2,14.419984775863668,7.209992387931834,0.5,M5,balanced,IS,adaptive_quality
10,2,-64.78562919162869,-32.39281459581434,0.0,M5,balanced,IS,adaptive_quality
11,2,21.41566287416481,10.707831437082405,0.5,M5,balanced,IS,adaptive_quality
13,11,-189.18430351279767,-17.19857304661797,0.0,M5,balanced,IS,adaptive_quality
14,4,-45.09293932850596,-11.27323483212649,0.25,M5,balanced,IS,adaptive_quality
17,4,-176.45758538152222,-44.114396345380555,0.0,M5,balanced,IS,adaptive_quality
18,4,33.390683002648984,8.347670750662246,0.5,M5,balanced,IS,adaptive_quality
7,2,-50.62625561002278,-25.31312780501139,0.0,M5,balanced,IS,session_plus_adaptive
8,2,14.419984775863668,7.209992387931834,0.5,M5,balanced,IS,session_plus_adaptive
10,2,-64.78562919162869,-32.39281459581434,0.0,M5,balanced,IS,session_plus_adaptive
11,2,21.41566287416481,10.707831437082405,0.5,M5,balanced,IS,session_plus_adaptive
13,11,-189.18430351279767,-17.19857304661797,0.0,M5,balanced,IS,session_plus_adaptive
14,6,-33.685921088967916,-5.614320181494652,0.3333333333333333,M5,balanced,IS,session_plus_adaptive
17,6,-272.81485987336055,-45.469143312226755,0.0,M5,balanced,IS,session_plus_adaptive
18,4,33.390683002648984,8.347670750662246,0.5,M5,balanced,IS,session_plus_adaptive
0,12,-442.5102566966234,-36.875854724718614,0.16666666666666666,M5,balanced,OOS,baseline_all_day
1,188,187.65663984860112,0.9981736162159633,0.4521276595744681,M5,balanced,OOS,baseline_all_day
2,222,13515.228909531816,60.87940950239557,0.44144144144144143,M5,balanced,OOS,baseline_all_day
3,235,466.8972787293751,1.9867969307632982,0.4851063829787234,M5,balanced,OOS,baseline_all_day
4,235,899.4661198895392,3.827515403785273,0.5063829787234042,M5,balanced,OOS,baseline_all_day
5,242,3167.531112270499,13.088971538307847,0.5702479338842975,M5,balanced,OOS,baseline_all_day
6,204,1102.3848219722731,5.403847166530751,0.5245098039215687,M5,balanced,OOS,baseline_all_day
7,217,1000.9383168569184,4.6126189716908685,0.5253456221198156,M5,balanced,OOS,baseline_all_day
8,193,523.0762906791006,2.7102398480782415,0.49222797927461137,M5,balanced,OOS,baseline_all_day
9,195,1259.3772597336374,6.458344921710961,0.5538461538461539,M5,balanced,OOS,baseline_all_day
10,206,825.0450317741161,4.005072969777262,0.5194174757281553,M5,balanced,OOS,baseline_all_day
11,204,884.310007001468,4.334852975497392,0.4803921568627451,M5,balanced,OOS,baseline_all_day
12,202,417.53457412009084,2.0670028421786677,0.48514851485148514,M5,balanced,OOS,baseline_all_day
13,179,711.8951191467477,3.977067704730434,0.5307262569832403,M5,balanced,OOS,baseline_all_day
14,209,432.45349859248563,2.069155495657826,0.4784688995215311,M5,balanced,OOS,baseline_all_day
15,201,552.2768924559568,2.7476462311241634,0.5074626865671642,M5,balanced,OOS,baseline_all_day
16,114,998.0980835251466,8.755246346711813,0.543859649122807,M5,balanced,OOS,baseline_all_day
17,50,296.0185255633223,5.920370511266446,0.48,M5,balanced,OOS,baseline_all_day
18,78,1103.0834745511038,14.142095827578254,0.5897435897435898,M5,balanced,OOS,baseline_all_day
19,162,1062.669350781025,6.5596873505001545,0.5185185185185185,M5,balanced,OOS,baseline_all_day
20,237,2481.081447889501,10.468698092360762,0.5569620253164557,M5,balanced,OOS,baseline_all_day
21,208,-168.91367623631595,-0.8120849819053652,0.4519230769230769,M5,balanced,OOS,baseline_all_day
22,222,-170.07330597534747,-0.7660959728619255,0.47297297297297297,M5,balanced,OOS,baseline_all_day
23,168,-27.659225679344672,-0.16463824809133734,0.4523809523809524,M5,balanced,OOS,baseline_all_day
7,222,13791.163332571696,62.12235735392656,0.5225225225225225,M5,balanced,OOS,session_only
8,196,378.8896050686526,1.933110229942105,0.4897959183673469,M5,balanced,OOS,session_only
9,201,1258.7225706541903,6.26230134653826,0.5472636815920398,M5,balanced,OOS,session_only
10,206,698.9396320475316,3.3929108351821924,0.5145631067961165,M5,balanced,OOS,session_only
11,203,841.8001112320962,4.146798577498011,0.47783251231527096,M5,balanced,OOS,session_only
12,204,647.1722738998415,3.172413107352164,0.4950980392156863,M5,balanced,OOS,session_only
13,177,453.8452987396522,2.5640977329923853,0.5084745762711864,M5,balanced,OOS,session_only
14,211,464.5618081491466,2.201714730564676,0.4786729857819905,M5,balanced,OOS,session_only
15,202,568.3956989987655,2.813840094053295,0.504950495049505,M5,balanced,OOS,session_only
16,116,996.553888370272,8.590981796295448,0.5431034482758621,M5,balanced,OOS,session_only
17,52,339.3718647438254,6.526382014304335,0.4807692307692308,M5,balanced,OOS,session_only
18,79,1132.663727787367,14.33751554161224,0.5949367088607594,M5,balanced,OOS,session_only
19,164,1151.7036037075104,7.022582949436039,0.5182926829268293,M5,balanced,OOS,session_only
20,238,2480.0898858397886,10.420545738822641,0.5546218487394958,M5,balanced,OOS,session_only
0,3,-229.92133986761473,-76.64044662253825,0.0,M5,balanced,OOS,volume_only
1,15,-203.19461004793084,-13.546307336528722,0.26666666666666666,M5,balanced,OOS,volume_only
2,55,168.0239723943214,3.0549813162603887,0.4909090909090909,M5,balanced,OOS,volume_only
3,174,-69.83638587392306,-0.401358539505305,0.45977011494252873,M5,balanced,OOS,volume_only
4,198,13874.628084659316,70.07387921545109,0.5202020202020202,M5,balanced,OOS,volume_only
5,136,2844.436820421597,20.914976620747037,0.6102941176470589,M5,balanced,OOS,volume_only
6,46,-17.855021753412075,-0.38815264681330597,0.4782608695652174,M5,balanced,OOS,volume_only
7,71,-155.78960474458654,-2.194219785135022,0.4084507042253521,M5,balanced,OOS,volume_only
8,115,263.52202360683805,2.291495857450766,0.4782608695652174,M5,balanced,OOS,volume_only
9,118,845.1120710740543,7.161966704017409,0.5508474576271186,M5,balanced,OOS,volume_only
10,139,451.89628438744876,3.251052405665099,0.49640287769784175,M5,balanced,OOS,volume_only
11,106,431.8145370136608,4.073722047298687,0.4811320754716981,M5,balanced,OOS,volume_only
12,97,152.89533625322292,1.5762405799301331,0.4536082474226804,M5,balanced,OOS,volume_only
13,97,40.12568584241308,0.413666864354774,0.4948453608247423,M5,balanced,OOS,volume_only
14,139,255.93449962162595,1.8412553929613378,0.4748201438848921,M5,balanced,OOS,volume_only
15,173,297.5438675178066,1.7199067486578414,0.49710982658959535,M5,balanced,OOS,volume_only
16,105,728.0217766478836,6.9335407299798435,0.5333333333333333,M5,balanced,OOS,volume_only
17,48,289.9840332664098,6.041334026383538,0.4791666666666667,M5,balanced,OOS,volume_only
18,64,824.9921638515389,12.890502560180295,0.59375,M5,balanced,OOS,volume_only
19,114,871.7271601103948,7.646729474652586,0.5350877192982456,M5,balanced,OOS,volume_only
20,158,1464.221752399153,9.267226281007298,0.5443037974683544,M5,balanced,OOS,volume_only
21,143,-669.0480423633289,-4.678657638904398,0.43356643356643354,M5,balanced,OOS,volume_only
22,129,-349.8041547381945,-2.7116601142495695,0.4496124031007752,M5,balanced,OOS,volume_only
23,16,99.79833098092058,6.237395686307536,0.4375,M5,balanced,OOS,volume_only
0,6,-292.9510772658432,-48.8251795443072,0.16666666666666666,M5,balanced,OOS,atr_only
1,90,256.1167192997891,2.8457413255532122,0.43333333333333335,M5,balanced,OOS,atr_only
2,102,13547.86236558938,132.82218005479785,0.4803921568627451,M5,balanced,OOS,atr_only
3,180,709.4323982208516,3.9412911012269536,0.48333333333333334,M5,balanced,OOS,atr_only
4,228,1117.3420748242006,4.900623135193863,0.5219298245614035,M5,balanced,OOS,atr_only
5,213,3499.545238755145,16.429789853310538,0.596244131455399,M5,balanced,OOS,atr_only
6,163,1192.1382594153783,7.313731652855082,0.5521472392638037,M5,balanced,OOS,atr_only
7,115,375.2493821451844,3.2630381056102995,0.5217391304347826,M5,balanced,OOS,atr_only
8,116,-174.16403475446714,-1.5014140927109236,0.4482758620689655,M5,balanced,OOS,atr_only
9,145,1071.5503928425005,7.390002709258624,0.5655172413793104,M5,balanced,OOS,atr_only
10,186,996.1378242150749,5.355579700081048,0.532258064516129,M5,balanced,OOS,atr_only
11,182,637.7223825737201,3.5039691350204403,0.46703296703296704,M5,balanced,OOS,atr_only
12,164,463.7735889250416,2.827887737347815,0.4817073170731707,M5,balanced,OOS,atr_only
13,144,375.81875994613256,2.6098524996259207,0.5138888888888888,M5,balanced,OOS,atr_only
14,170,318.23880279150217,1.8719929575970715,0.47058823529411764,M5,balanced,OOS,atr_only
15,181,292.4300822015266,1.6156358132681028,0.5027624309392266,M5,balanced,OOS,atr_only
16,114,998.0980835251466,8.755246346711813,0.543859649122807,M5,balanced,OOS,atr_only
17,50,296.0185255633223,5.920370511266446,0.48,M5,balanced,OOS,atr_only
18,76,1088.9622865192632,14.328451138411358,0.5921052631578947,M5,balanced,OOS,atr_only
19,153,1160.3501969488389,7.583988215351888,0.5359477124183006,M5,balanced,OOS,atr_only
20,175,2372.1752429450135,13.555287102542934,0.5885714285714285,M5,balanced,OOS,atr_only
21,124,-233.67663447460473,-1.8844889876984252,0.4435483870967742,M5,balanced,OOS,atr_only
22,93,-386.7480560448257,-4.158581247793825,0.43010752688172044,M5,balanced,OOS,atr_only
23,29,360.66760403953595,12.436813932397792,0.5517241379310345,M5,balanced,OOS,atr_only
0,7,-131.76614253896332,-18.823734648423333,0.2857142857142857,M5,balanced,OOS,adx_only
1,43,247.070641131304,5.745828863518698,0.5116279069767442,M5,balanced,OOS,adx_only
2,57,13675.03408008959,239.91287859806297,0.42105263157894735,M5,balanced,OOS,adx_only
3,53,-180.31643693232581,-3.4021969232514304,0.4339622641509434,M5,balanced,OOS,adx_only
4,50,23.738395461268738,0.47476790922537476,0.4,M5,balanced,OOS,adx_only
5,53,1553.4394281469577,29.31017788956524,0.6415094339622641,M5,balanced,OOS,adx_only
6,68,537.6245543724235,7.906243446653287,0.5147058823529411,M5,balanced,OOS,adx_only
7,80,-100.06837448646365,-1.2508546810807957,0.4375,M5,balanced,OOS,adx_only
8,55,170.52667481741082,3.100484996680197,0.4727272727272727,M5,balanced,OOS,adx_only
9,48,318.33194310265753,6.631915481305366,0.625,M5,balanced,OOS,adx_only
10,63,709.0651743188846,11.255002766966422,0.5396825396825397,M5,balanced,OOS,adx_only
11,58,90.79796733811236,1.5654821954846958,0.41379310344827586,M5,balanced,OOS,adx_only
12,35,508.6331559059272,14.532375883026491,0.5714285714285714,M5,balanced,OOS,adx_only
13,47,-43.381060134615836,-0.9230012794599114,0.46808510638297873,M5,balanced,OOS,adx_only
14,43,416.95865641256205,9.696712939827025,0.5348837209302325,M5,balanced,OOS,adx_only
15,33,-85.54224017058004,-2.592189096078183,0.5454545454545454,M5,balanced,OOS,adx_only
16,10,37.171520657129804,3.7171520657129804,0.6,M5,balanced,OOS,adx_only
17,4,326.950249508609,81.73756237715224,1.0,M5,balanced,OOS,adx_only
18,8,399.85480504582483,49.981850630728104,0.875,M5,balanced,OOS,adx_only
19,46,715.3847669012703,15.551842758723266,0.6086956521739131,M5,balanced,OOS,adx_only
20,49,852.8240350281703,17.40457214343205,0.6326530612244898,M5,balanced,OOS,adx_only
21,45,-252.20742929423977,-5.604609539871995,0.37777777777777777,M5,balanced,OOS,adx_only
22,39,-23.68903461872833,-0.6074111440699571,0.46153846153846156,M5,balanced,OOS,adx_only
23,57,-4.44629176889066,-0.07800511875246773,0.42105263157894735,M5,balanced,OOS,adx_only
0,3,-229.92133986761473,-76.64044662253825,0.0,M5,balanced,OOS,volume_atr
1,13,-209.8331221767421,-16.141009398210933,0.23076923076923078,M5,balanced,OOS,volume_atr
2,46,-23.92419862562747,-0.5200912744701623,0.4782608695652174,M5,balanced,OOS,volume_atr
3,148,488.92400369449206,3.3035405655033245,0.47297297297297297,M5,balanced,OOS,volume_atr
4,195,13495.341396596978,69.20687895690757,0.5025641025641026,M5,balanced,OOS,volume_atr
5,128,2811.2133598025594,21.962604373457495,0.6171875,M5,balanced,OOS,volume_atr
6,46,-104.48482151789904,-2.2714091634325877,0.45652173913043476,M5,balanced,OOS,volume_atr
7,52,-78.32975896191783,-1.50634151849842,0.4230769230769231,M5,balanced,OOS,volume_atr
8,85,-296.30409343591054,-3.485930511010712,0.4235294117647059,M5,balanced,OOS,volume_atr
9,95,740.2726497105323,7.792343681163498,0.5578947368421052,M5,balanced,OOS,volume_atr
10,135,498.7775493877689,3.694648513983473,0.5037037037037037,M5,balanced,OOS,volume_atr
11,100,307.1833118603172,3.071833118603172,0.47,M5,balanced,OOS,volume_atr
12,84,246.25708325937921,2.9316319435640383,0.44047619047619047,M5,balanced,OOS,volume_atr
13,80,-95.80501337708483,-1.1975626672135604,0.45,M5,balanced,OOS,volume_atr
14,127,165.59394325423455,1.3038893169624768,0.4566929133858268,M5,balanced,OOS,volume_atr
15,170,164.3486518608097,0.9667567756518217,0.48823529411764705,M5,balanced,OOS,volume_atr
16,106,820.0603208056418,7.736418120807942,0.5377358490566038,M5,balanced,OOS,volume_atr
17,50,333.3373724469129,6.666747448938258,0.48,M5,balanced,OOS,volume_atr
18,65,854.572417087802,13.147267955196954,0.6,M5,balanced,OOS,volume_atr
19,114,790.775880814308,6.9366305334588425,0.5263157894736842,M5,balanced,OOS,volume_atr
20,128,1336.7026072818953,10.442989119389807,0.5546875,M5,balanced,OOS,volume_atr
21,109,-576.5651524778514,-5.289588554842673,0.41284403669724773,M5,balanced,OOS,volume_atr
22,63,-361.0129511709147,-5.730364304300233,0.4126984126984127,M5,balanced,OOS,volume_atr
23,7,34.296819981809676,4.899545711687097,0.42857142857142855,M5,balanced,OOS,volume_atr
0,1,-63.9081222594541,-63.9081222594541,0.0,M5,balanced,OOS,adaptive_quality
1,5,-10.770950036630893,-2.1541900073261786,0.4,M5,balanced,OOS,adaptive_quality
2,30,71.12440137551857,2.3708133791839523,0.4666666666666667,M5,balanced,OOS,adaptive_quality
3,37,-188.71862879873333,-5.100503481046847,0.40540540540540543,M5,balanced,OOS,adaptive_quality
4,46,12986.100278709837,282.30652779803995,0.41304347826086957,M5,balanced,OOS,adaptive_quality
5,31,1512.8768089004552,48.8024777064663,0.7419354838709677,M5,balanced,OOS,adaptive_quality
6,8,-38.93415332994664,-4.86676916624333,0.375,M5,balanced,OOS,adaptive_quality
7,21,-114.9460192384322,-5.473619963734866,0.38095238095238093,M5,balanced,OOS,adaptive_quality
8,34,-48.811151055069786,-1.4356220898549936,0.4117647058823529,M5,balanced,OOS,adaptive_quality
9,28,105.40234198744656,3.76436935669452,0.5357142857142857,M5,balanced,OOS,adaptive_quality
10,44,723.3887902774495,16.44065432448749,0.5681818181818182,M5,balanced,OOS,adaptive_quality
11,39,264.9490318832977,6.793564920084557,0.48717948717948717,M5,balanced,OOS,adaptive_quality
12,18,458.0745568767543,25.448586493153016,0.5,M5,balanced,OOS,adaptive_quality
13,23,111.21850771862228,4.835587292114012,0.4782608695652174,M5,balanced,OOS,adaptive_quality
14,32,163.9042121368766,5.122006629277394,0.46875,M5,balanced,OOS,adaptive_quality
15,29,-171.7452582970327,-5.9222502861045765,0.5172413793103449,M5,balanced,OOS,adaptive_quality
16,7,-158.6645582552319,-22.666365465033127,0.42857142857142855,M5,balanced,OOS,adaptive_quality
17,4,326.950249508609,81.73756237715224,1.0,M5,balanced,OOS,adaptive_quality
18,8,366.14395586029787,45.76799448253723,0.875,M5,balanced,OOS,adaptive_quality
19,33,471.0756379486611,14.275019331777608,0.6060606060606061,M5,balanced,OOS,adaptive_quality
20,31,766.6533865425208,24.730754404597445,0.6451612903225806,M5,balanced,OOS,adaptive_quality
21,33,-180.478042867544,-5.469031602046788,0.3939393939393939,M5,balanced,OOS,adaptive_quality
22,8,72.79269348477101,9.099086685596376,0.75,M5,balanced,OOS,adaptive_quality
23,2,14.773444998972991,7.3867224994864955,0.5,M5,balanced,OOS,adaptive_quality
7,21,-114.9460192384322,-5.473619963734866,0.38095238095238093,M5,balanced,OOS,session_plus_adaptive
8,34,-48.811151055069786,-1.4356220898549936,0.4117647058823529,M5,balanced,OOS,session_plus_adaptive
9,28,105.40234198744656,3.76436935669452,0.5357142857142857,M5,balanced,OOS,session_plus_adaptive
10,42,574.4005633010602,13.67620388812048,0.5476190476190477,M5,balanced,OOS,session_plus_adaptive
11,39,264.9490318832977,6.793564920084557,0.48717948717948717,M5,balanced,OOS,session_plus_adaptive
12,19,11726.907431427308,617.2056542856477,0.5263157894736842,M5,balanced,OOS,session_plus_adaptive
13,23,111.21850771862228,4.835587292114012,0.4782608695652174,M5,balanced,OOS,session_plus_adaptive
14,32,163.9042121368766,5.122006629277394,0.46875,M5,balanced,OOS,session_plus_adaptive
15,29,-171.7452582970327,-5.9222502861045765,0.5172413793103449,M5,balanced,OOS,session_plus_adaptive
16,7,-158.6645582552319,-22.666365465033127,0.42857142857142855,M5,balanced,OOS,session_plus_adaptive
17,4,326.950249508609,81.73756237715224,1.0,M5,balanced,OOS,session_plus_adaptive
18,8,366.14395586029787,45.76799448253723,0.875,M5,balanced,OOS,session_plus_adaptive
19,33,471.0756379486611,14.275019331777608,0.6060606060606061,M5,balanced,OOS,session_plus_adaptive
20,31,766.6533865425208,24.730754404597445,0.6451612903225806,M5,balanced,OOS,session_plus_adaptive
0,4,-18.658059750159737,-4.664514937539934,0.25,M5,strict,IS,baseline_all_day
1,1,5.905578070887714,5.905578070887714,1.0,M5,strict,IS,baseline_all_day
2,16,-76.52244379037711,-4.782652736898569,0.375,M5,strict,IS,baseline_all_day
3,20,-198.1857468245198,-9.90928734122599,0.25,M5,strict,IS,baseline_all_day
4,14,-145.72555520825972,-10.408968229161408,0.21428571428571427,M5,strict,IS,baseline_all_day
5,16,49.25820798499444,3.0786379990621526,0.75,M5,strict,IS,baseline_all_day
6,9,-1.0162069479429192,-0.1129118831047688,0.5555555555555556,M5,strict,IS,baseline_all_day
7,13,37.84662543347167,2.911278879497821,0.6923076923076923,M5,strict,IS,baseline_all_day
8,21,36.63497042739891,1.74452240130471,0.5714285714285714,M5,strict,IS,baseline_all_day
9,11,-115.06200196958616,-10.460181997235106,0.2727272727272727,M5,strict,IS,baseline_all_day
10,8,-119.9713700357006,-14.996421254462575,0.125,M5,strict,IS,baseline_all_day
11,10,44.85373660546884,4.485373660546884,0.7,M5,strict,IS,baseline_all_day
12,14,34.11042555243057,2.436458968030755,0.6428571428571429,M5,strict,IS,baseline_all_day
13,28,104.26954547097012,3.7239123382489328,0.7142857142857143,M5,strict,IS,baseline_all_day
14,6,2.378415904368012,0.396402650728002,0.5,M5,strict,IS,baseline_all_day
17,14,5.535115951115586,0.3953654250796847,0.6428571428571429,M5,strict,IS,baseline_all_day
18,18,-330.1463758703221,-18.341465326129008,0.2777777777777778,M5,strict,IS,baseline_all_day
19,17,99.9534552390378,5.879615014061047,0.7058823529411765,M5,strict,IS,baseline_all_day
20,14,-30.816396936302226,-2.201171209735873,0.42857142857142855,M5,strict,IS,baseline_all_day
21,15,50.58090133699352,3.3720600891329013,0.7333333333333333,M5,strict,IS,baseline_all_day
22,10,26.89421337488966,2.689421337488966,0.7,M5,strict,IS,baseline_all_day
23,5,12.656545588988592,2.5313091177977185,0.6,M5,strict,IS,baseline_all_day
7,22,-40.16087356353182,-1.8254942528878102,0.5,M5,strict,IS,session_only
8,29,30.144484083912175,1.0394649684107646,0.5862068965517241,M5,strict,IS,session_only
9,16,-106.24840816267351,-6.640525510167095,0.375,M5,strict,IS,session_only
10,12,-164.62649197719657,-13.718874331433048,0.25,M5,strict,IS,session_only
11,12,37.02157201889804,3.0851310015748368,0.6666666666666666,M5,strict,IS,session_only
12,17,64.39310205173115,3.7878295324547735,0.6470588235294118,M5,strict,IS,session_only
13,32,5.980352158212554,0.18688600494414231,0.625,M5,strict,IS,session_only
14,15,-65.27536250187495,-4.35169083345833,0.26666666666666666,M5,strict,IS,session_only
15,2,-41.844283613581865,-20.922141806790933,0.0,M5,strict,IS,session_only
16,2,11.42892244741688,5.71446122370844,0.5,M5,strict,IS,session_only
17,14,5.535115951115586,0.3953654250796847,0.6428571428571429,M5,strict,IS,session_only
18,20,-306.87452275881697,-15.343726137940848,0.3,M5,strict,IS,session_only
19,19,116.63391618767491,6.138627167772364,0.6842105263157895,M5,strict,IS,session_only
20,16,-74.9687098206823,-4.685544363792644,0.375,M5,strict,IS,session_only
3,2,-40.46316973270223,-20.231584866351113,0.0,M5,strict,IS,volume_only
5,2,8.634611562529244,4.317305781264622,0.5,M5,strict,IS,volume_only
10,2,-64.78562919162869,-32.39281459581434,0.0,M5,strict,IS,volume_only
12,4,-118.39308001972313,-29.598270004930782,0.0,M5,strict,IS,volume_only
13,2,-55.60572175450943,-27.802860877254716,0.0,M5,strict,IS,volume_only
14,2,16.715659394035356,8.357829697017678,0.5,M5,strict,IS,volume_only
17,7,-38.5514415356738,-5.507348790810544,0.5714285714285714,M5,strict,IS,volume_only
19,2,-88.37701688456946,-44.18850844228473,0.0,M5,strict,IS,volume_only
20,2,-58.224888778486275,-29.112444389243137,0.0,M5,strict,IS,volume_only
21,2,-69.22561037020387,-34.612805185101934,0.0,M5,strict,IS,volume_only
2,5,-10.894145819593177,-2.1788291639186355,0.2,M5,strict,IS,atr_only
3,13,-173.14739963197098,-13.319030740920844,0.3076923076923077,M5,strict,IS,atr_only
4,10,-49.62240002087583,-4.962240002087583,0.4,M5,strict,IS,atr_only
5,9,11.314333884374719,1.2571482093749689,0.4444444444444444,M5,strict,IS,atr_only
6,1,-6.390389520965982,-6.390389520965982,0.0,M5,strict,IS,atr_only
7,2,14.731948138942244,7.365974069471122,1.0,M5,strict,IS,atr_only
8,13,54.06234485718869,4.158641912091438,0.6923076923076923,M5,strict,IS,atr_only
9,10,-155.40597281645205,-15.540597281645205,0.2,M5,strict,IS,atr_only
10,4,-105.53529328991317,-26.383823322478293,0.0,M5,strict,IS,atr_only
11,7,-29.082806961482675,-4.154686708783239,0.5714285714285714,M5,strict,IS,atr_only
12,8,24.00490827617432,3.00061353452179,0.75,M5,strict,IS,atr_only
13,21,56.25484619361487,2.678802199695946,0.6666666666666666,M5,strict,IS,atr_only
14,4,20.35049100148626,5.087622750371565,0.75,M5,strict,IS,atr_only
17,9,47.20362191668755,5.24484687963195,0.6666666666666666,M5,strict,IS,atr_only
18,12,-233.20210604534623,-19.433508837112186,0.25,M5,strict,IS,atr_only
19,9,30.033642507864897,3.3370713897627664,0.6666666666666666,M5,strict,IS,atr_only
2,2,5.281631196253329,2.6408155981266646,0.5,M5,strict,IS,adx_only
3,2,-62.30106474001332,-31.15053237000666,0.0,M5,strict,IS,adx_only
5,3,8.54234537348475,2.84744845782825,0.3333333333333333,M5,strict,IS,adx_only
6,3,-16.398934072358315,-5.4663113574527715,0.0,M5,strict,IS,adx_only
7,3,14.541411139070988,4.847137046356996,0.6666666666666666,M5,strict,IS,adx_only
8,2,14.419984775863668,7.209992387931834,0.5,M5,strict,IS,adx_only
10,2,-64.78562919162869,-32.39281459581434,0.0,M5,strict,IS,adx_only
11,2,-51.10294281173083,-25.551471405865414,0.0,M5,strict,IS,adx_only
12,2,16.981546873025763,8.490773436512882,0.5,M5,strict,IS,adx_only
13,6,-136.84154650414712,-22.806924417357852,0.0,M5,strict,IS,adx_only
17,4,-176.45758538152222,-44.114396345380555,0.0,M5,strict,IS,adx_only
18,4,33.47656657832886,8.369141644582214,0.5,M5,strict,IS,adx_only
19,2,-88.37701688456946,-44.18850844228473,0.0,M5,strict,IS,adx_only
2,3,-7.108958168473691,-2.3696527228245636,0.3333333333333333,M5,strict,IS,volume_atr
3,11,-47.3764737026022,-4.306952154782018,0.2727272727272727,M5,strict,IS,volume_atr
4,12,-133.34549044327105,-11.112124203605921,0.25,M5,strict,IS,volume_atr
5,3,-22.794790824514166,-7.598263608171389,0.0,M5,strict,IS,volume_atr
6,2,-11.677507645895275,-5.838753822947638,0.0,M5,strict,IS,volume_atr
7,2,-13.700532458315138,-6.850266229157569,0.0,M5,strict,IS,volume_atr
8,16,-18.687516229838366,-1.1679697643648979,0.375,M5,strict,IS,volume_atr
9,11,-86.78470417649805,-7.889518561499823,0.0,M5,strict,IS,volume_atr
10,11,-3.588605992053999,-0.3262369083685454,0.45454545454545453,M5,strict,IS,volume_atr
11,4,17.784766288741594,4.446191572185398,0.5,M5,strict,IS,volume_atr
12,10,-116.24009906305673,-11.624009906305673,0.1,M5,strict,IS,volume_atr
13,13,-73.78653573880456,-5.675887364523428,0.23076923076923078,M5,strict,IS,volume_atr
14,14,26.66838690777695,1.904884779126925,0.5,M5,strict,IS,volume_atr
16,1,-6.744306478740327,-6.744306478740327,0.0,M5,strict,IS,volume_atr
17,10,-47.60730428739862,-4.760730428739862,0.5,M5,strict,IS,volume_atr
18,11,-23.89541543733685,-2.17231049430335,0.2727272727272727,M5,strict,IS,volume_atr
19,2,18.26946285192207,9.134731425961036,0.5,M5,strict,IS,volume_atr
21,3,-9.202380933766108,-3.067460311255369,0.3333333333333333,M5,strict,IS,volume_atr
2,4,-3.446367934384398,-0.8615919835960995,0.25,M5,strict,IS,adaptive_quality
3,7,-121.48476202940401,-17.354966004200573,0.14285714285714285,M5,strict,IS,adaptive_quality
4,4,-53.7281862642385,-13.432046566059626,0.25,M5,strict,IS,adaptive_quality
6,4,-20.82145603733352,-5.20536400933338,0.25,M5,strict,IS,adaptive_quality
7,4,-90.51744076944487,-22.62936019236122,0.0,M5,strict,IS,adaptive_quality
8,5,30.45039900134725,6.09007980026945,0.6,M5,strict,IS,adaptive_quality
11,4,-30.846726935092192,-7.711681733773048,0.25,M5,strict,IS,adaptive_quality
12,2,16.981546873025763,8.490773436512882,0.5,M5,strict,IS,adaptive_quality
13,7,-16.673021702545157,-2.3818602432207365,0.42857142857142855,M5,strict,IS,adaptive_quality
14,2,13.137405274856064,6.568702637428032,0.5,M5,strict,IS,adaptive_quality
16,2,-40.46583887245106,-20.23291943622553,0.0,M5,strict,IS,adaptive_quality
17,4,-169.1778011716633,-42.294450292915826,0.0,M5,strict,IS,adaptive_quality
18,4,-38.62383107813457,-9.655957769533643,0.25,M5,strict,IS,adaptive_quality
7,4,-90.51744076944487,-22.62936019236122,0.0,M5,strict,IS,session_plus_adaptive
8,7,-15.258333890042195,-2.179761984291742,0.42857142857142855,M5,strict,IS,session_plus_adaptive
9,4,-30.584224310109676,-7.646056077527419,0.25,M5,strict,IS,session_plus_adaptive
11,4,-30.846726935092192,-7.711681733773048,0.25,M5,strict,IS,session_plus_adaptive
12,4,-60.0382773120009,-15.009569328000225,0.25,M5,strict,IS,session_plus_adaptive
13,12,-74.63228170520779,-6.219356808767316,0.3333333333333333,M5,strict,IS,session_plus_adaptive
14,2,13.137405274856064,6.568702637428032,0.5,M5,strict,IS,session_plus_adaptive
16,2,-40.46583887245106,-20.23291943622553,0.0,M5,strict,IS,session_plus_adaptive
17,4,-169.1778011716633,-42.294450292915826,0.0,M5,strict,IS,session_plus_adaptive
18,6,-16.755163593966245,-2.792527265661041,0.3333333333333333,M5,strict,IS,session_plus_adaptive
0,12,-442.5102566966234,-36.875854724718614,0.16666666666666666,M5,strict,OOS,baseline_all_day
1,188,187.65663984860112,0.9981736162159633,0.4521276595744681,M5,strict,OOS,baseline_all_day
2,222,13515.228909531816,60.87940950239557,0.44144144144144143,M5,strict,OOS,baseline_all_day
3,235,466.8972787293751,1.9867969307632982,0.4851063829787234,M5,strict,OOS,baseline_all_day
4,235,899.4661198895392,3.827515403785273,0.5063829787234042,M5,strict,OOS,baseline_all_day
5,242,3167.531112270499,13.088971538307847,0.5702479338842975,M5,strict,OOS,baseline_all_day
6,204,1102.3848219722731,5.403847166530751,0.5245098039215687,M5,strict,OOS,baseline_all_day
7,217,1000.9383168569184,4.6126189716908685,0.5253456221198156,M5,strict,OOS,baseline_all_day
8,193,523.0762906791006,2.7102398480782415,0.49222797927461137,M5,strict,OOS,baseline_all_day
9,195,1259.3772597336374,6.458344921710961,0.5538461538461539,M5,strict,OOS,baseline_all_day
10,206,825.0450317741161,4.005072969777262,0.5194174757281553,M5,strict,OOS,baseline_all_day
11,204,884.310007001468,4.334852975497392,0.4803921568627451,M5,strict,OOS,baseline_all_day
12,202,417.53457412009084,2.0670028421786677,0.48514851485148514,M5,strict,OOS,baseline_all_day
13,179,711.8951191467477,3.977067704730434,0.5307262569832403,M5,strict,OOS,baseline_all_day
14,209,432.45349859248563,2.069155495657826,0.4784688995215311,M5,strict,OOS,baseline_all_day
15,201,552.2768924559568,2.7476462311241634,0.5074626865671642,M5,strict,OOS,baseline_all_day
16,114,998.0980835251466,8.755246346711813,0.543859649122807,M5,strict,OOS,baseline_all_day
17,50,296.0185255633223,5.920370511266446,0.48,M5,strict,OOS,baseline_all_day
18,78,1103.0834745511038,14.142095827578254,0.5897435897435898,M5,strict,OOS,baseline_all_day
19,162,1062.669350781025,6.5596873505001545,0.5185185185185185,M5,strict,OOS,baseline_all_day
20,237,2481.081447889501,10.468698092360762,0.5569620253164557,M5,strict,OOS,baseline_all_day
21,208,-168.91367623631595,-0.8120849819053652,0.4519230769230769,M5,strict,OOS,baseline_all_day
22,222,-170.07330597534747,-0.7660959728619255,0.47297297297297297,M5,strict,OOS,baseline_all_day
23,168,-27.659225679344672,-0.16463824809133734,0.4523809523809524,M5,strict,OOS,baseline_all_day
7,222,13791.163332571696,62.12235735392656,0.5225225225225225,M5,strict,OOS,session_only
8,196,378.8896050686526,1.933110229942105,0.4897959183673469,M5,strict,OOS,session_only
9,201,1258.7225706541903,6.26230134653826,0.5472636815920398,M5,strict,OOS,session_only
10,206,698.9396320475316,3.3929108351821924,0.5145631067961165,M5,strict,OOS,session_only
11,203,841.8001112320962,4.146798577498011,0.47783251231527096,M5,strict,OOS,session_only
12,204,647.1722738998415,3.172413107352164,0.4950980392156863,M5,strict,OOS,session_only
13,177,453.8452987396522,2.5640977329923853,0.5084745762711864,M5,strict,OOS,session_only
14,211,464.5618081491466,2.201714730564676,0.4786729857819905,M5,strict,OOS,session_only
15,202,568.3956989987655,2.813840094053295,0.504950495049505,M5,strict,OOS,session_only
16,116,996.553888370272,8.590981796295448,0.5431034482758621,M5,strict,OOS,session_only
17,52,339.3718647438254,6.526382014304335,0.4807692307692308,M5,strict,OOS,session_only
18,79,1132.663727787367,14.33751554161224,0.5949367088607594,M5,strict,OOS,session_only
19,164,1151.7036037075104,7.022582949436039,0.5182926829268293,M5,strict,OOS,session_only
20,238,2480.0898858397886,10.420545738822641,0.5546218487394958,M5,strict,OOS,session_only
3,14,-642.0719051767082,-45.862278941193445,0.14285714285714285,M5,strict,OOS,volume_only
4,30,22.82380962253228,0.7607936540844094,0.5333333333333333,M5,strict,OOS,volume_only
5,6,-57.345405987098275,-9.557567664516379,0.5,M5,strict,OOS,volume_only
6,10,-219.97771001636465,-21.997771001636465,0.3,M5,strict,OOS,volume_only
8,4,-80.86416587363601,-20.216041468409003,0.0,M5,strict,OOS,volume_only
9,10,28.70228874374334,2.870228874374334,0.7,M5,strict,OOS,volume_only
10,2,-48.83877563986971,-24.419387819934855,0.0,M5,strict,OOS,volume_only
11,7,80.36093261326641,11.480133230466631,0.5714285714285714,M5,strict,OOS,volume_only
12,4,11.763210897452154,2.9408027243630386,0.5,M5,strict,OOS,volume_only
13,5,131.03885624588656,26.207771249177313,1.0,M5,strict,OOS,volume_only
14,12,-57.523223297039294,-4.793601941419941,0.5,M5,strict,OOS,volume_only
15,10,195.09512139779872,19.509512139779872,0.9,M5,strict,OOS,volume_only
16,4,83.08462372441682,20.771155931104204,0.75,M5,strict,OOS,volume_only
17,6,-215.3098579586367,-35.88497632643945,0.3333333333333333,M5,strict,OOS,volume_only
18,9,-27.74676174940396,-3.082973527711551,0.4444444444444444,M5,strict,OOS,volume_only
19,7,29.35354879935403,4.193364114193433,0.5714285714285714,M5,strict,OOS,volume_only
20,17,73.4490053493937,4.320529726434923,0.5882352941176471,M5,strict,OOS,volume_only
21,10,99.69265304612236,9.969265304612236,0.8,M5,strict,OOS,volume_only
22,9,-45.86921168918707,-5.096579076576341,0.6666666666666666,M5,strict,OOS,volume_only
23,2,58.01985351579788,29.00992675789894,0.5,M5,strict,OOS,volume_only
0,5,-229.0429550063891,-45.80859100127782,0.2,M5,strict,OOS,atr_only
1,83,138.06283435847035,1.6634076428731368,0.42168674698795183,M5,strict,OOS,atr_only
2,82,13569.980548583535,165.48756766565288,0.47560975609756095,M5,strict,OOS,atr_only
3,134,690.7100835860638,5.154552862582565,0.5,M5,strict,OOS,atr_only
4,194,1483.6553454788009,7.647707966385571,0.5360824742268041,M5,strict,OOS,atr_only
5,181,2490.8275506223436,13.761478180233942,0.6243093922651933,M5,strict,OOS,atr_only
6,122,669.6373439303443,5.488830687953642,0.5327868852459017,M5,strict,OOS,atr_only
7,75,167.5848284674339,2.2344643795657855,0.52,M5,strict,OOS,atr_only
8,94,-277.2525212412893,-2.9494949068222263,0.43617021276595747,M5,strict,OOS,atr_only
9,119,706.246687496714,5.934846113417764,0.5630252100840336,M5,strict,OOS,atr_only
10,153,1516.45977543335,9.911501800217973,0.5751633986928104,M5,strict,OOS,atr_only
11,156,430.75533990607255,2.7612521788850803,0.46153846153846156,M5,strict,OOS,atr_only
12,131,-226.67104370099878,-1.730313310694647,0.4580152671755725,M5,strict,OOS,atr_only
13,122,486.3593388886329,3.9865519581035485,0.5163934426229508,M5,strict,OOS,atr_only
14,144,430.82695616333694,2.9918538622453954,0.4930555555555556,M5,strict,OOS,atr_only
15,163,114.29621061672151,0.7012037461148559,0.5030674846625767,M5,strict,OOS,atr_only
16,87,636.3915157159227,7.314845008228996,0.5287356321839081,M5,strict,OOS,atr_only
17,33,-37.321402717507226,-1.130951597500219,0.42424242424242425,M5,strict,OOS,atr_only
18,58,1186.0963132839242,20.44993643592973,0.6379310344827587,M5,strict,OOS,atr_only
19,129,823.1020192103551,6.380635807832211,0.5271317829457365,M5,strict,OOS,atr_only
20,137,1933.7640709220796,14.11506621111007,0.583941605839416,M5,strict,OOS,atr_only
21,94,-233.95459981539716,-2.488878721440395,0.44680851063829785,M5,strict,OOS,atr_only
22,65,-334.3220427594133,-5.143416042452513,0.4307692307692308,M5,strict,OOS,atr_only
23,19,304.0038088707024,16.000200466879075,0.5789473684210527,M5,strict,OOS,atr_only
0,7,-131.76614253896332,-18.823734648423333,0.2857142857142857,M5,strict,OOS,adx_only
1,33,367.31797231942437,11.130847646043163,0.5757575757575758,M5,strict,OOS,adx_only
2,34,13748.081428136065,404.355336121649,0.5,M5,strict,OOS,adx_only
3,30,111.09127063984488,3.703042354661496,0.4666666666666667,M5,strict,OOS,adx_only
4,24,34.79993933903643,1.4499974724598512,0.3333333333333333,M5,strict,OOS,adx_only
5,42,1540.267337149462,36.67303183689195,0.6428571428571429,M5,strict,OOS,adx_only
6,45,447.2453768381911,9.938786151959802,0.5555555555555556,M5,strict,OOS,adx_only
7,56,24.537312291568014,0.4381662909208574,0.4642857142857143,M5,strict,OOS,adx_only
8,43,145.82579480545974,3.3912975536153427,0.46511627906976744,M5,strict,OOS,adx_only
9,40,323.86862053199366,8.096715513299841,0.625,M5,strict,OOS,adx_only
10,46,591.9151235824575,12.86772007787951,0.5652173913043478,M5,strict,OOS,adx_only
11,47,213.85601113729535,4.550127896538199,0.44680851063829785,M5,strict,OOS,adx_only
12,23,524.3177636644032,22.796424507147965,0.6521739130434783,M5,strict,OOS,adx_only
13,28,153.8733841780504,5.495478006358943,0.5357142857142857,M5,strict,OOS,adx_only
14,34,257.585887403111,7.576055511856205,0.5294117647058824,M5,strict,OOS,adx_only
15,25,-185.60778433438827,-7.424311373375531,0.52,M5,strict,OOS,adx_only
16,5,-53.72469431623358,-10.744938863246716,0.6,M5,strict,OOS,adx_only
17,4,326.950249508609,81.73756237715224,1.0,M5,strict,OOS,adx_only
18,6,291.824578851174,48.637429808529,0.8333333333333334,M5,strict,OOS,adx_only
19,28,114.22435534575015,4.07944126234822,0.5357142857142857,M5,strict,OOS,adx_only
20,34,606.4713165862122,17.83739166430036,0.6470588235294118,M5,strict,OOS,adx_only
21,35,56.99656260633674,1.6284732173239067,0.4,M5,strict,OOS,adx_only
22,39,-23.68903461872833,-0.6074111440699571,0.46153846153846156,M5,strict,OOS,adx_only
23,31,20.00418709973019,0.6452963580558125,0.45161290322580644,M5,strict,OOS,adx_only
3,11,-513.7791152910086,-46.707192299182594,0.09090909090909091,M5,strict,OOS,volume_atr
4,25,50.26014629648671,2.0104058518594683,0.56,M5,strict,OOS,volume_atr
5,6,-57.345405987098275,-9.557567664516379,0.5,M5,strict,OOS,volume_atr
6,10,-219.97771001636465,-21.997771001636465,0.3,M5,strict,OOS,volume_atr
8,3,-59.40467614145746,-19.80155871381915,0.0,M5,strict,OOS,volume_atr
9,5,-26.33559978035919,-5.267119956071838,0.6,M5,strict,OOS,volume_atr
10,1,-27.739681262219165,-27.739681262219165,0.0,M5,strict,OOS,volume_atr
11,7,125.60362063831235,17.943374376901765,0.5714285714285714,M5,strict,OOS,volume_atr
12,4,11.763210897452154,2.9408027243630386,0.5,M5,strict,OOS,volume_atr
13,6,26.9543483542202,4.492391392370034,0.6666666666666666,M5,strict,OOS,volume_atr
14,14,-141.00787696282168,-10.07199121163012,0.42857142857142855,M5,strict,OOS,volume_atr
15,10,195.09512139779872,19.509512139779872,0.9,M5,strict,OOS,volume_atr
16,4,83.08462372441682,20.771155931104204,0.75,M5,strict,OOS,volume_atr
17,1,33.738197198454145,33.738197198454145,1.0,M5,strict,OOS,volume_atr
18,7,-53.29032448981707,-7.612903498545295,0.42857142857142855,M5,strict,OOS,volume_atr
19,9,-114.28582659784297,-12.698425177538107,0.4444444444444444,M5,strict,OOS,volume_atr
20,9,38.911081847254536,4.323453538583838,0.5555555555555556,M5,strict,OOS,volume_atr
21,1,24.59586982990004,24.59586982990004,1.0,M5,strict,OOS,volume_atr
23,2,58.01985351579788,29.00992675789894,0.5,M5,strict,OOS,volume_atr
2,2,-63.51081144755881,-31.755405723779404,0.0,M5,strict,OOS,adaptive_quality
3,3,35.17323999476503,11.724413331588343,0.6666666666666666,M5,strict,OOS,adaptive_quality
4,10,-257.12333753095663,-25.712333753095663,0.1,M5,strict,OOS,adaptive_quality
5,8,129.60795682955904,16.20099460369488,0.625,M5,strict,OOS,adaptive_quality
8,5,-67.59260231310691,-13.518520462621382,0.2,M5,strict,OOS,adaptive_quality
9,3,0.44133553474239307,0.147111844914131,0.3333333333333333,M5,strict,OOS,adaptive_quality
10,3,13285.394050693076,4428.464683564359,0.6666666666666666,M5,strict,OOS,adaptive_quality
11,8,111.07814062476791,13.884767578095989,0.625,M5,strict,OOS,adaptive_quality
12,4,8.920494111134758,2.2301235277836895,0.5,M5,strict,OOS,adaptive_quality
13,1,19.01912205096778,19.01912205096778,1.0,M5,strict,OOS,adaptive_quality
14,4,-167.09978911319922,-41.774947278299805,0.0,M5,strict,OOS,adaptive_quality
15,8,-391.92672415018023,-48.99084051877253,0.0,M5,strict,OOS,adaptive_quality
18,2,54.64051015183941,27.320255075919704,0.5,M5,strict,OOS,adaptive_quality
19,1,29.955077144759343,29.955077144759343,1.0,M5,strict,OOS,adaptive_quality
7,7,-168.04258426282104,-24.006083466117293,0.14285714285714285,M5,strict,OOS,session_plus_adaptive
8,16,-267.215958122506,-16.700997382656624,0.25,M5,strict,OOS,session_plus_adaptive
9,12,-83.46200545177453,-6.955167120981211,0.3333333333333333,M5,strict,OOS,session_plus_adaptive
10,19,13535.769750578993,712.4089342409997,0.5789473684210527,M5,strict,OOS,session_plus_adaptive
11,19,215.03080564026277,11.317410823171725,0.5263157894736842,M5,strict,OOS,session_plus_adaptive
12,6,11.032137295187567,1.8386895491979278,0.5,M5,strict,OOS,session_plus_adaptive
13,13,182.1703115183027,14.013100886023285,0.5384615384615384,M5,strict,OOS,session_plus_adaptive
14,24,31.209408200238613,1.3003920083432756,0.4166666666666667,M5,strict,OOS,session_plus_adaptive
15,16,-602.9608424684557,-37.68505265427848,0.125,M5,strict,OOS,session_plus_adaptive
16,1,-95.59773420391139,-95.59773420391139,0.0,M5,strict,OOS,session_plus_adaptive
17,3,241.87341918604943,80.62447306201648,1.0,M5,strict,OOS,session_plus_adaptive
18,4,207.71648952517353,51.92912238129338,0.75,M5,strict,OOS,session_plus_adaptive
19,13,26.51725122454991,2.0397885557346083,0.5384615384615384,M5,strict,OOS,session_plus_adaptive
20,12,207.58634225399874,17.298861854499894,0.5833333333333334,M5,strict,OOS,session_plus_adaptive
