hour,base_candidates,accepted_candidates,acceptance_rate,timeframe,filter_preset,segment,experiment_name
0,227,227,1.0,M15,loose,IS,baseline_all_day
1,469,469,1.0,M15,loose,IS,baseline_all_day
2,538,538,1.0,M15,loose,IS,baseline_all_day
3,597,597,1.0,M15,loose,IS,baseline_all_day
4,601,601,1.0,M15,loose,IS,baseline_all_day
5,530,530,1.0,M15,loose,IS,baseline_all_day
6,514,514,1.0,M15,loose,IS,baseline_all_day
7,529,529,1.0,M15,loose,IS,baseline_all_day
8,624,624,1.0,M15,loose,IS,baseline_all_day
9,662,662,1.0,M15,loose,IS,baseline_all_day
10,633,633,1.0,M15,loose,IS,baseline_all_day
11,556,556,1.0,M15,loose,IS,baseline_all_day
12,601,601,1.0,M15,loose,IS,baseline_all_day
13,617,617,1.0,M15,loose,IS,baseline_all_day
14,581,581,1.0,M15,loose,IS,baseline_all_day
15,517,517,1.0,M15,loose,IS,baseline_all_day
16,297,297,1.0,M15,loose,IS,baseline_all_day
17,226,226,1.0,M15,loose,IS,baseline_all_day
18,211,211,1.0,M15,loose,IS,baseline_all_day
19,330,330,1.0,M15,loose,IS,baseline_all_day
20,352,352,1.0,M15,loose,IS,baseline_all_day
21,339,339,1.0,M15,loose,IS,baseline_all_day
22,306,306,1.0,M15,loose,IS,baseline_all_day
23,253,253,1.0,M15,loose,IS,baseline_all_day
0,227,0,0.0,M15,loose,IS,session_only
1,469,0,0.0,M15,loose,IS,session_only
2,538,0,0.0,M15,loose,IS,session_only
3,597,0,0.0,M15,loose,IS,session_only
4,601,0,0.0,M15,loose,IS,session_only
5,530,0,0.0,M15,loose,IS,session_only
6,514,0,0.0,M15,loose,IS,session_only
7,529,529,1.0,M15,loose,IS,session_only
8,624,624,1.0,M15,loose,IS,session_only
9,662,662,1.0,M15,loose,IS,session_only
10,633,633,1.0,M15,loose,IS,session_only
11,556,556,1.0,M15,loose,IS,session_only
12,601,601,1.0,M15,loose,IS,session_only
13,617,617,1.0,M15,loose,IS,session_only
14,581,581,1.0,M15,loose,IS,session_only
15,517,517,1.0,M15,loose,IS,session_only
16,297,297,1.0,M15,loose,IS,session_only
17,226,226,1.0,M15,loose,IS,session_only
18,211,211,1.0,M15,loose,IS,session_only
19,330,330,1.0,M15,loose,IS,session_only
20,352,352,1.0,M15,loose,IS,session_only
21,339,0,0.0,M15,loose,IS,session_only
22,306,0,0.0,M15,loose,IS,session_only
23,253,0,0.0,M15,loose,IS,session_only
0,227,15,0.06607929515418502,M15,loose,IS,volume_only
1,469,70,0.14925373134328357,M15,loose,IS,volume_only
2,538,206,0.3828996282527881,M15,loose,IS,volume_only
3,597,391,0.6549413735343383,M15,loose,IS,volume_only
4,601,392,0.6522462562396006,M15,loose,IS,volume_only
5,530,206,0.3886792452830189,M15,loose,IS,volume_only
6,514,108,0.21011673151750973,M15,loose,IS,volume_only
7,529,216,0.40831758034026466,M15,loose,IS,volume_only
8,624,443,0.7099358974358975,M15,loose,IS,volume_only
9,662,591,0.8927492447129909,M15,loose,IS,volume_only
10,633,553,0.8736176935229067,M15,loose,IS,volume_only
11,556,432,0.7769784172661871,M15,loose,IS,volume_only
12,601,407,0.6772046589018302,M15,loose,IS,volume_only
13,617,487,0.7893030794165316,M15,loose,IS,volume_only
14,581,536,0.9225473321858864,M15,loose,IS,volume_only
15,517,509,0.9845261121856866,M15,loose,IS,volume_only
16,297,293,0.9865319865319865,M15,loose,IS,volume_only
17,226,219,0.9690265486725663,M15,loose,IS,volume_only
18,211,194,0.919431279620853,M15,loose,IS,volume_only
19,330,276,0.8363636363636363,M15,loose,IS,volume_only
20,352,250,0.7102272727272727,M15,loose,IS,volume_only
21,339,175,0.5162241887905604,M15,loose,IS,volume_only
22,306,121,0.3954248366013072,M15,loose,IS,volume_only
23,253,20,0.07905138339920949,M15,loose,IS,volume_only
0,227,128,0.5638766519823789,M15,loose,IS,atr_only
1,469,313,0.6673773987206824,M15,loose,IS,atr_only
2,538,316,0.587360594795539,M15,loose,IS,atr_only
3,597,396,0.6633165829145728,M15,loose,IS,atr_only
4,601,437,0.7271214642262895,M15,loose,IS,atr_only
5,530,362,0.6830188679245283,M15,loose,IS,atr_only
6,514,311,0.6050583657587548,M15,loose,IS,atr_only
7,529,343,0.6483931947069943,M15,loose,IS,atr_only
8,624,510,0.8173076923076923,M15,loose,IS,atr_only
9,662,604,0.9123867069486404,M15,loose,IS,atr_only
10,633,604,0.9541864139020537,M15,loose,IS,atr_only
11,556,541,0.9730215827338129,M15,loose,IS,atr_only
12,601,594,0.9883527454242929,M15,loose,IS,atr_only
13,617,603,0.9773095623987034,M15,loose,IS,atr_only
14,581,575,0.9896729776247849,M15,loose,IS,atr_only
15,517,515,0.9961315280464217,M15,loose,IS,atr_only
16,297,297,1.0,M15,loose,IS,atr_only
17,226,226,1.0,M15,loose,IS,atr_only
18,211,211,1.0,M15,loose,IS,atr_only
19,330,327,0.990909090909091,M15,loose,IS,atr_only
20,352,350,0.9943181818181818,M15,loose,IS,atr_only
21,339,329,0.9705014749262537,M15,loose,IS,atr_only
22,306,296,0.9673202614379085,M15,loose,IS,atr_only
23,253,223,0.8814229249011858,M15,loose,IS,atr_only
0,227,169,0.7444933920704846,M15,loose,IS,adx_only
1,469,332,0.7078891257995735,M15,loose,IS,adx_only
2,538,382,0.7100371747211895,M15,loose,IS,adx_only
3,597,421,0.7051926298157454,M15,loose,IS,adx_only
4,601,434,0.7221297836938436,M15,loose,IS,adx_only
5,530,389,0.7339622641509433,M15,loose,IS,adx_only
6,514,395,0.7684824902723736,M15,loose,IS,adx_only
7,529,384,0.725897920604915,M15,loose,IS,adx_only
8,624,462,0.7403846153846154,M15,loose,IS,adx_only
9,662,501,0.756797583081571,M15,loose,IS,adx_only
10,633,493,0.7788309636650869,M15,loose,IS,adx_only
11,556,421,0.7571942446043165,M15,loose,IS,adx_only
12,601,445,0.740432612312812,M15,loose,IS,adx_only
13,617,448,0.7260940032414911,M15,loose,IS,adx_only
14,581,437,0.7521514629948365,M15,loose,IS,adx_only
15,517,392,0.758220502901354,M15,loose,IS,adx_only
16,297,230,0.7744107744107744,M15,loose,IS,adx_only
17,226,166,0.7345132743362832,M15,loose,IS,adx_only
18,211,174,0.8246445497630331,M15,loose,IS,adx_only
19,330,255,0.7727272727272727,M15,loose,IS,adx_only
20,352,279,0.7926136363636364,M15,loose,IS,adx_only
21,339,252,0.7433628318584071,M15,loose,IS,adx_only
22,306,254,0.8300653594771242,M15,loose,IS,adx_only
23,253,202,0.7984189723320159,M15,loose,IS,adx_only
0,227,14,0.06167400881057269,M15,loose,IS,volume_atr
1,469,63,0.13432835820895522,M15,loose,IS,volume_atr
2,538,156,0.2899628252788104,M15,loose,IS,volume_atr
3,597,299,0.5008375209380235,M15,loose,IS,volume_atr
4,601,311,0.5174708818635607,M15,loose,IS,volume_atr
5,530,171,0.32264150943396225,M15,loose,IS,volume_atr
6,514,84,0.16342412451361868,M15,loose,IS,volume_atr
7,529,155,0.29300567107750475,M15,loose,IS,volume_atr
8,624,377,0.6041666666666666,M15,loose,IS,volume_atr
9,662,544,0.8217522658610272,M15,loose,IS,volume_atr
10,633,530,0.8372827804107424,M15,loose,IS,volume_atr
11,556,425,0.7643884892086331,M15,loose,IS,volume_atr
12,601,403,0.670549084858569,M15,loose,IS,volume_atr
13,617,478,0.7747163695299838,M15,loose,IS,volume_atr
14,581,534,0.919104991394148,M15,loose,IS,volume_atr
15,517,508,0.9825918762088974,M15,loose,IS,volume_atr
16,297,293,0.9865319865319865,M15,loose,IS,volume_atr
17,226,219,0.9690265486725663,M15,loose,IS,volume_atr
18,211,194,0.919431279620853,M15,loose,IS,volume_atr
19,330,276,0.8363636363636363,M15,loose,IS,volume_atr
20,352,250,0.7102272727272727,M15,loose,IS,volume_atr
21,339,172,0.5073746312684366,M15,loose,IS,volume_atr
22,306,120,0.39215686274509803,M15,loose,IS,volume_atr
23,253,20,0.07905138339920949,M15,loose,IS,volume_atr
0,227,11,0.048458149779735685,M15,loose,IS,adaptive_quality
1,469,46,0.09808102345415778,M15,loose,IS,adaptive_quality
2,538,119,0.2211895910780669,M15,loose,IS,adaptive_quality
3,597,229,0.38358458961474035,M15,loose,IS,adaptive_quality
4,601,234,0.389351081530782,M15,loose,IS,adaptive_quality
5,530,132,0.2490566037735849,M15,loose,IS,adaptive_quality
6,514,70,0.13618677042801555,M15,loose,IS,adaptive_quality
7,529,121,0.22873345935727787,M15,loose,IS,adaptive_quality
8,624,282,0.4519230769230769,M15,loose,IS,adaptive_quality
9,662,418,0.6314199395770392,M15,loose,IS,adaptive_quality
10,633,420,0.6635071090047393,M15,loose,IS,adaptive_quality
11,556,327,0.5881294964028777,M15,loose,IS,adaptive_quality
12,601,303,0.5041597337770383,M15,loose,IS,adaptive_quality
13,617,362,0.586709886547812,M15,loose,IS,adaptive_quality
14,581,407,0.7005163511187608,M15,loose,IS,adaptive_quality
15,517,385,0.7446808510638298,M15,loose,IS,adaptive_quality
16,297,226,0.7609427609427609,M15,loose,IS,adaptive_quality
17,226,161,0.7123893805309734,M15,loose,IS,adaptive_quality
18,211,168,0.7962085308056872,M15,loose,IS,adaptive_quality
19,330,227,0.6878787878787879,M15,loose,IS,adaptive_quality
20,352,202,0.5738636363636364,M15,loose,IS,adaptive_quality
21,339,132,0.3893805309734513,M15,loose,IS,adaptive_quality
22,306,103,0.3366013071895425,M15,loose,IS,adaptive_quality
23,253,20,0.07905138339920949,M15,loose,IS,adaptive_quality
0,227,0,0.0,M15,loose,IS,session_plus_adaptive
1,469,0,0.0,M15,loose,IS,session_plus_adaptive
2,538,0,0.0,M15,loose,IS,session_plus_adaptive
3,597,0,0.0,M15,loose,IS,session_plus_adaptive
4,601,0,0.0,M15,loose,IS,session_plus_adaptive
5,530,0,0.0,M15,loose,IS,session_plus_adaptive
6,514,0,0.0,M15,loose,IS,session_plus_adaptive
7,529,121,0.22873345935727787,M15,loose,IS,session_plus_adaptive
8,624,282,0.4519230769230769,M15,loose,IS,session_plus_adaptive
9,662,418,0.6314199395770392,M15,loose,IS,session_plus_adaptive
10,633,420,0.6635071090047393,M15,loose,IS,session_plus_adaptive
11,556,327,0.5881294964028777,M15,loose,IS,session_plus_adaptive
12,601,303,0.5041597337770383,M15,loose,IS,session_plus_adaptive
13,617,362,0.586709886547812,M15,loose,IS,session_plus_adaptive
14,581,407,0.7005163511187608,M15,loose,IS,session_plus_adaptive
15,517,385,0.7446808510638298,M15,loose,IS,session_plus_adaptive
16,297,226,0.7609427609427609,M15,loose,IS,session_plus_adaptive
17,226,161,0.7123893805309734,M15,loose,IS,session_plus_adaptive
18,211,168,0.7962085308056872,M15,loose,IS,session_plus_adaptive
19,330,227,0.6878787878787879,M15,loose,IS,session_plus_adaptive
20,352,202,0.5738636363636364,M15,loose,IS,session_plus_adaptive
21,339,0,0.0,M15,loose,IS,session_plus_adaptive
22,306,0,0.0,M15,loose,IS,session_plus_adaptive
23,253,0,0.0,M15,loose,IS,session_plus_adaptive
0,17,17,1.0,M15,loose,OOS,baseline_all_day
1,143,143,1.0,M15,loose,OOS,baseline_all_day
2,137,137,1.0,M15,loose,OOS,baseline_all_day
3,164,164,1.0,M15,loose,OOS,baseline_all_day
4,170,170,1.0,M15,loose,OOS,baseline_all_day
5,162,162,1.0,M15,loose,OOS,baseline_all_day
6,134,134,1.0,M15,loose,OOS,baseline_all_day
7,135,135,1.0,M15,loose,OOS,baseline_all_day
8,138,138,1.0,M15,loose,OOS,baseline_all_day
9,148,148,1.0,M15,loose,OOS,baseline_all_day
10,151,151,1.0,M15,loose,OOS,baseline_all_day
11,168,168,1.0,M15,loose,OOS,baseline_all_day
12,126,126,1.0,M15,loose,OOS,baseline_all_day
13,125,125,1.0,M15,loose,OOS,baseline_all_day
14,143,143,1.0,M15,loose,OOS,baseline_all_day
15,154,154,1.0,M15,loose,OOS,baseline_all_day
16,152,152,1.0,M15,loose,OOS,baseline_all_day
17,110,110,1.0,M15,loose,OOS,baseline_all_day
18,89,89,1.0,M15,loose,OOS,baseline_all_day
19,87,87,1.0,M15,loose,OOS,baseline_all_day
20,115,115,1.0,M15,loose,OOS,baseline_all_day
21,96,96,1.0,M15,loose,OOS,baseline_all_day
22,114,114,1.0,M15,loose,OOS,baseline_all_day
23,114,114,1.0,M15,loose,OOS,baseline_all_day
0,17,0,0.0,M15,loose,OOS,session_only
1,143,0,0.0,M15,loose,OOS,session_only
2,137,0,0.0,M15,loose,OOS,session_only
3,164,0,0.0,M15,loose,OOS,session_only
4,170,0,0.0,M15,loose,OOS,session_only
5,162,0,0.0,M15,loose,OOS,session_only
6,134,0,0.0,M15,loose,OOS,session_only
7,135,135,1.0,M15,loose,OOS,session_only
8,138,138,1.0,M15,loose,OOS,session_only
9,148,148,1.0,M15,loose,OOS,session_only
10,151,151,1.0,M15,loose,OOS,session_only
11,168,168,1.0,M15,loose,OOS,session_only
12,126,126,1.0,M15,loose,OOS,session_only
13,125,125,1.0,M15,loose,OOS,session_only
14,143,143,1.0,M15,loose,OOS,session_only
15,154,154,1.0,M15,loose,OOS,session_only
16,152,152,1.0,M15,loose,OOS,session_only
17,110,110,1.0,M15,loose,OOS,session_only
18,89,89,1.0,M15,loose,OOS,session_only
19,87,87,1.0,M15,loose,OOS,session_only
20,115,115,1.0,M15,loose,OOS,session_only
21,96,0,0.0,M15,loose,OOS,session_only
22,114,0,0.0,M15,loose,OOS,session_only
23,114,0,0.0,M15,loose,OOS,session_only
0,17,7,0.4117647058823529,M15,loose,OOS,volume_only
1,143,17,0.11888111888111888,M15,loose,OOS,volume_only
2,137,33,0.24087591240875914,M15,loose,OOS,volume_only
3,164,129,0.7865853658536586,M15,loose,OOS,volume_only
4,170,149,0.8764705882352941,M15,loose,OOS,volume_only
5,162,82,0.5061728395061729,M15,loose,OOS,volume_only
6,134,31,0.23134328358208955,M15,loose,OOS,volume_only
7,135,51,0.37777777777777777,M15,loose,OOS,volume_only
8,138,101,0.7318840579710145,M15,loose,OOS,volume_only
9,148,105,0.7094594594594594,M15,loose,OOS,volume_only
10,151,114,0.7549668874172185,M15,loose,OOS,volume_only
11,168,115,0.6845238095238095,M15,loose,OOS,volume_only
12,126,79,0.626984126984127,M15,loose,OOS,volume_only
13,125,65,0.52,M15,loose,OOS,volume_only
14,143,103,0.7202797202797203,M15,loose,OOS,volume_only
15,154,143,0.9285714285714286,M15,loose,OOS,volume_only
16,152,146,0.9605263157894737,M15,loose,OOS,volume_only
17,110,109,0.990909090909091,M15,loose,OOS,volume_only
18,89,87,0.9775280898876404,M15,loose,OOS,volume_only
19,87,77,0.8850574712643678,M15,loose,OOS,volume_only
20,115,86,0.7478260869565218,M15,loose,OOS,volume_only
21,96,69,0.71875,M15,loose,OOS,volume_only
22,114,69,0.6052631578947368,M15,loose,OOS,volume_only
23,114,10,0.08771929824561403,M15,loose,OOS,volume_only
0,17,16,0.9411764705882353,M15,loose,OOS,atr_only
1,143,119,0.8321678321678322,M15,loose,OOS,atr_only
2,137,113,0.8248175182481752,M15,loose,OOS,atr_only
3,164,155,0.9451219512195121,M15,loose,OOS,atr_only
4,170,163,0.9588235294117647,M15,loose,OOS,atr_only
5,162,160,0.9876543209876543,M15,loose,OOS,atr_only
6,134,122,0.9104477611940298,M15,loose,OOS,atr_only
7,135,112,0.8296296296296296,M15,loose,OOS,atr_only
8,138,126,0.9130434782608695,M15,loose,OOS,atr_only
9,148,133,0.8986486486486487,M15,loose,OOS,atr_only
10,151,146,0.9668874172185431,M15,loose,OOS,atr_only
11,168,160,0.9523809523809523,M15,loose,OOS,atr_only
12,126,117,0.9285714285714286,M15,loose,OOS,atr_only
13,125,121,0.968,M15,loose,OOS,atr_only
14,143,134,0.9370629370629371,M15,loose,OOS,atr_only
15,154,147,0.9545454545454546,M15,loose,OOS,atr_only
16,152,151,0.993421052631579,M15,loose,OOS,atr_only
17,110,110,1.0,M15,loose,OOS,atr_only
18,89,89,1.0,M15,loose,OOS,atr_only
19,87,83,0.9540229885057471,M15,loose,OOS,atr_only
20,115,111,0.9652173913043478,M15,loose,OOS,atr_only
21,96,94,0.9791666666666666,M15,loose,OOS,atr_only
22,114,108,0.9473684210526315,M15,loose,OOS,atr_only
23,114,100,0.8771929824561403,M15,loose,OOS,atr_only
0,17,13,0.7647058823529411,M15,loose,OOS,adx_only
1,143,104,0.7272727272727273,M15,loose,OOS,adx_only
2,137,105,0.7664233576642335,M15,loose,OOS,adx_only
3,164,116,0.7073170731707317,M15,loose,OOS,adx_only
4,170,110,0.6470588235294118,M15,loose,OOS,adx_only
5,162,109,0.6728395061728395,M15,loose,OOS,adx_only
6,134,104,0.7761194029850746,M15,loose,OOS,adx_only
7,135,98,0.725925925925926,M15,loose,OOS,adx_only
8,138,90,0.6521739130434783,M15,loose,OOS,adx_only
9,148,101,0.6824324324324325,M15,loose,OOS,adx_only
10,151,117,0.7748344370860927,M15,loose,OOS,adx_only
11,168,111,0.6607142857142857,M15,loose,OOS,adx_only
12,126,99,0.7857142857142857,M15,loose,OOS,adx_only
13,125,94,0.752,M15,loose,OOS,adx_only
14,143,99,0.6923076923076923,M15,loose,OOS,adx_only
15,154,106,0.6883116883116883,M15,loose,OOS,adx_only
16,152,85,0.5592105263157895,M15,loose,OOS,adx_only
17,110,73,0.6636363636363637,M15,loose,OOS,adx_only
18,89,58,0.651685393258427,M15,loose,OOS,adx_only
19,87,63,0.7241379310344828,M15,loose,OOS,adx_only
20,115,78,0.6782608695652174,M15,loose,OOS,adx_only
21,96,75,0.78125,M15,loose,OOS,adx_only
22,114,89,0.7807017543859649,M15,loose,OOS,adx_only
23,114,75,0.6578947368421053,M15,loose,OOS,adx_only
0,17,7,0.4117647058823529,M15,loose,OOS,volume_atr
1,143,17,0.11888111888111888,M15,loose,OOS,volume_atr
2,137,33,0.24087591240875914,M15,loose,OOS,volume_atr
3,164,127,0.774390243902439,M15,loose,OOS,volume_atr
4,170,143,0.8411764705882353,M15,loose,OOS,volume_atr
5,162,82,0.5061728395061729,M15,loose,OOS,volume_atr
6,134,31,0.23134328358208955,M15,loose,OOS,volume_atr
7,135,49,0.362962962962963,M15,loose,OOS,volume_atr
8,138,94,0.6811594202898551,M15,loose,OOS,volume_atr
9,148,95,0.6418918918918919,M15,loose,OOS,volume_atr
10,151,111,0.7350993377483444,M15,loose,OOS,volume_atr
11,168,113,0.6726190476190477,M15,loose,OOS,volume_atr
12,126,76,0.6031746031746031,M15,loose,OOS,volume_atr
13,125,64,0.512,M15,loose,OOS,volume_atr
14,143,98,0.6853146853146853,M15,loose,OOS,volume_atr
15,154,140,0.9090909090909091,M15,loose,OOS,volume_atr
16,152,145,0.9539473684210527,M15,loose,OOS,volume_atr
17,110,109,0.990909090909091,M15,loose,OOS,volume_atr
18,89,87,0.9775280898876404,M15,loose,OOS,volume_atr
19,87,76,0.8735632183908046,M15,loose,OOS,volume_atr
20,115,86,0.7478260869565218,M15,loose,OOS,volume_atr
21,96,69,0.71875,M15,loose,OOS,volume_atr
22,114,68,0.5964912280701754,M15,loose,OOS,volume_atr
23,114,10,0.08771929824561403,M15,loose,OOS,volume_atr
0,17,6,0.35294117647058826,M15,loose,OOS,adaptive_quality
1,143,17,0.11888111888111888,M15,loose,OOS,adaptive_quality
2,137,27,0.19708029197080293,M15,loose,OOS,adaptive_quality
3,164,95,0.5792682926829268,M15,loose,OOS,adaptive_quality
4,170,97,0.5705882352941176,M15,loose,OOS,adaptive_quality
5,162,58,0.35802469135802467,M15,loose,OOS,adaptive_quality
6,134,25,0.1865671641791045,M15,loose,OOS,adaptive_quality
7,135,36,0.26666666666666666,M15,loose,OOS,adaptive_quality
8,138,68,0.4927536231884058,M15,loose,OOS,adaptive_quality
9,148,70,0.47297297297297297,M15,loose,OOS,adaptive_quality
10,151,86,0.5695364238410596,M15,loose,OOS,adaptive_quality
11,168,77,0.4583333333333333,M15,loose,OOS,adaptive_quality
12,126,62,0.49206349206349204,M15,loose,OOS,adaptive_quality
13,125,49,0.392,M15,loose,OOS,adaptive_quality
14,143,66,0.46153846153846156,M15,loose,OOS,adaptive_quality
15,154,97,0.6298701298701299,M15,loose,OOS,adaptive_quality
16,152,83,0.5460526315789473,M15,loose,OOS,adaptive_quality
17,110,73,0.6636363636363637,M15,loose,OOS,adaptive_quality
18,89,56,0.6292134831460674,M15,loose,OOS,adaptive_quality
19,87,53,0.6091954022988506,M15,loose,OOS,adaptive_quality
20,115,59,0.5130434782608696,M15,loose,OOS,adaptive_quality
21,96,50,0.5208333333333334,M15,loose,OOS,adaptive_quality
22,114,52,0.45614035087719296,M15,loose,OOS,adaptive_quality
23,114,7,0.06140350877192982,M15,loose,OOS,adaptive_quality
0,17,0,0.0,M15,loose,OOS,session_plus_adaptive
1,143,0,0.0,M15,loose,OOS,session_plus_adaptive
2,137,0,0.0,M15,loose,OOS,session_plus_adaptive
3,164,0,0.0,M15,loose,OOS,session_plus_adaptive
4,170,0,0.0,M15,loose,OOS,session_plus_adaptive
5,162,0,0.0,M15,loose,OOS,session_plus_adaptive
6,134,0,0.0,M15,loose,OOS,session_plus_adaptive
7,135,36,0.26666666666666666,M15,loose,OOS,session_plus_adaptive
8,138,68,0.4927536231884058,M15,loose,OOS,session_plus_adaptive
9,148,70,0.47297297297297297,M15,loose,OOS,session_plus_adaptive
10,151,86,0.5695364238410596,M15,loose,OOS,session_plus_adaptive
11,168,77,0.4583333333333333,M15,loose,OOS,session_plus_adaptive
12,126,62,0.49206349206349204,M15,loose,OOS,session_plus_adaptive
13,125,49,0.392,M15,loose,OOS,session_plus_adaptive
14,143,66,0.46153846153846156,M15,loose,OOS,session_plus_adaptive
15,154,97,0.6298701298701299,M15,loose,OOS,session_plus_adaptive
16,152,83,0.5460526315789473,M15,loose,OOS,session_plus_adaptive
17,110,73,0.6636363636363637,M15,loose,OOS,session_plus_adaptive
18,89,56,0.6292134831460674,M15,loose,OOS,session_plus_adaptive
19,87,53,0.6091954022988506,M15,loose,OOS,session_plus_adaptive
20,115,59,0.5130434782608696,M15,loose,OOS,session_plus_adaptive
21,96,0,0.0,M15,loose,OOS,session_plus_adaptive
22,114,0,0.0,M15,loose,OOS,session_plus_adaptive
23,114,0,0.0,M15,loose,OOS,session_plus_adaptive
0,227,227,1.0,M15,moderate,IS,baseline_all_day
1,469,469,1.0,M15,moderate,IS,baseline_all_day
2,538,538,1.0,M15,moderate,IS,baseline_all_day
3,597,597,1.0,M15,moderate,IS,baseline_all_day
4,601,601,1.0,M15,moderate,IS,baseline_all_day
5,530,530,1.0,M15,moderate,IS,baseline_all_day
6,514,514,1.0,M15,moderate,IS,baseline_all_day
7,529,529,1.0,M15,moderate,IS,baseline_all_day
8,624,624,1.0,M15,moderate,IS,baseline_all_day
9,662,662,1.0,M15,moderate,IS,baseline_all_day
10,633,633,1.0,M15,moderate,IS,baseline_all_day
11,556,556,1.0,M15,moderate,IS,baseline_all_day
12,601,601,1.0,M15,moderate,IS,baseline_all_day
13,617,617,1.0,M15,moderate,IS,baseline_all_day
14,581,581,1.0,M15,moderate,IS,baseline_all_day
15,517,517,1.0,M15,moderate,IS,baseline_all_day
16,297,297,1.0,M15,moderate,IS,baseline_all_day
17,226,226,1.0,M15,moderate,IS,baseline_all_day
18,211,211,1.0,M15,moderate,IS,baseline_all_day
19,330,330,1.0,M15,moderate,IS,baseline_all_day
20,352,352,1.0,M15,moderate,IS,baseline_all_day
21,339,339,1.0,M15,moderate,IS,baseline_all_day
22,306,306,1.0,M15,moderate,IS,baseline_all_day
23,253,253,1.0,M15,moderate,IS,baseline_all_day
0,227,0,0.0,M15,moderate,IS,session_only
1,469,0,0.0,M15,moderate,IS,session_only
2,538,0,0.0,M15,moderate,IS,session_only
3,597,0,0.0,M15,moderate,IS,session_only
4,601,0,0.0,M15,moderate,IS,session_only
5,530,0,0.0,M15,moderate,IS,session_only
6,514,0,0.0,M15,moderate,IS,session_only
7,529,529,1.0,M15,moderate,IS,session_only
8,624,624,1.0,M15,moderate,IS,session_only
9,662,662,1.0,M15,moderate,IS,session_only
10,633,633,1.0,M15,moderate,IS,session_only
11,556,556,1.0,M15,moderate,IS,session_only
12,601,601,1.0,M15,moderate,IS,session_only
13,617,617,1.0,M15,moderate,IS,session_only
14,581,581,1.0,M15,moderate,IS,session_only
15,517,517,1.0,M15,moderate,IS,session_only
16,297,297,1.0,M15,moderate,IS,session_only
17,226,226,1.0,M15,moderate,IS,session_only
18,211,211,1.0,M15,moderate,IS,session_only
19,330,330,1.0,M15,moderate,IS,session_only
20,352,352,1.0,M15,moderate,IS,session_only
21,339,0,0.0,M15,moderate,IS,session_only
22,306,0,0.0,M15,moderate,IS,session_only
23,253,0,0.0,M15,moderate,IS,session_only
0,227,12,0.05286343612334802,M15,moderate,IS,volume_only
1,469,55,0.11727078891257996,M15,moderate,IS,volume_only
2,538,175,0.3252788104089219,M15,moderate,IS,volume_only
3,597,348,0.5829145728643216,M15,moderate,IS,volume_only
4,601,354,0.589018302828619,M15,moderate,IS,volume_only
5,530,164,0.30943396226415093,M15,moderate,IS,volume_only
6,514,76,0.14785992217898833,M15,moderate,IS,volume_only
7,529,191,0.3610586011342155,M15,moderate,IS,volume_only
8,624,415,0.6650641025641025,M15,moderate,IS,volume_only
9,662,555,0.8383685800604229,M15,moderate,IS,volume_only
10,633,518,0.8183254344391785,M15,moderate,IS,volume_only
11,556,391,0.7032374100719424,M15,moderate,IS,volume_only
12,601,355,0.5906821963394343,M15,moderate,IS,volume_only
13,617,445,0.7212317666126418,M15,moderate,IS,volume_only
14,581,523,0.9001721170395869,M15,moderate,IS,volume_only
15,517,509,0.9845261121856866,M15,moderate,IS,volume_only
16,297,293,0.9865319865319865,M15,moderate,IS,volume_only
17,226,215,0.9513274336283186,M15,moderate,IS,volume_only
18,211,185,0.8767772511848341,M15,moderate,IS,volume_only
19,330,258,0.7818181818181819,M15,moderate,IS,volume_only
20,352,220,0.625,M15,moderate,IS,volume_only
21,339,152,0.44837758112094395,M15,moderate,IS,volume_only
22,306,97,0.31699346405228757,M15,moderate,IS,volume_only
23,253,16,0.06324110671936758,M15,moderate,IS,volume_only
0,227,93,0.40969162995594716,M15,moderate,IS,atr_only
1,469,254,0.5415778251599147,M15,moderate,IS,atr_only
2,538,244,0.45353159851301117,M15,moderate,IS,atr_only
3,597,310,0.5192629815745393,M15,moderate,IS,atr_only
4,601,320,0.5324459234608985,M15,moderate,IS,atr_only
5,530,288,0.5433962264150943,M15,moderate,IS,atr_only
6,514,224,0.4357976653696498,M15,moderate,IS,atr_only
7,529,258,0.4877126654064272,M15,moderate,IS,atr_only
8,624,396,0.6346153846153846,M15,moderate,IS,atr_only
9,662,540,0.8157099697885196,M15,moderate,IS,atr_only
10,633,575,0.9083728278041074,M15,moderate,IS,atr_only
11,556,512,0.920863309352518,M15,moderate,IS,atr_only
12,601,559,0.930116472545757,M15,moderate,IS,atr_only
13,617,576,0.93354943273906,M15,moderate,IS,atr_only
14,581,558,0.9604130808950087,M15,moderate,IS,atr_only
15,517,508,0.9825918762088974,M15,moderate,IS,atr_only
16,297,296,0.9966329966329966,M15,moderate,IS,atr_only
17,226,226,1.0,M15,moderate,IS,atr_only
18,211,208,0.985781990521327,M15,moderate,IS,atr_only
19,330,325,0.9848484848484849,M15,moderate,IS,atr_only
20,352,349,0.9914772727272727,M15,moderate,IS,atr_only
21,339,322,0.9498525073746312,M15,moderate,IS,atr_only
22,306,278,0.9084967320261438,M15,moderate,IS,atr_only
23,253,180,0.7114624505928854,M15,moderate,IS,atr_only
0,227,154,0.6784140969162996,M15,moderate,IS,adx_only
1,469,290,0.6183368869936035,M15,moderate,IS,adx_only
2,538,338,0.6282527881040892,M15,moderate,IS,adx_only
3,597,360,0.6030150753768844,M15,moderate,IS,adx_only
4,601,358,0.5956738768718802,M15,moderate,IS,adx_only
5,530,329,0.620754716981132,M15,moderate,IS,adx_only
6,514,343,0.6673151750972762,M15,moderate,IS,adx_only
7,529,343,0.6483931947069943,M15,moderate,IS,adx_only
8,624,404,0.6474358974358975,M15,moderate,IS,adx_only
9,662,441,0.6661631419939577,M15,moderate,IS,adx_only
10,633,433,0.684044233807267,M15,moderate,IS,adx_only
11,556,366,0.658273381294964,M15,moderate,IS,adx_only
12,601,388,0.6455906821963394,M15,moderate,IS,adx_only
13,617,391,0.6337115072933549,M15,moderate,IS,adx_only
14,581,385,0.6626506024096386,M15,moderate,IS,adx_only
15,517,345,0.6673114119922631,M15,moderate,IS,adx_only
16,297,203,0.6835016835016835,M15,moderate,IS,adx_only
17,226,147,0.6504424778761062,M15,moderate,IS,adx_only
18,211,140,0.6635071090047393,M15,moderate,IS,adx_only
19,330,236,0.7151515151515152,M15,moderate,IS,adx_only
20,352,238,0.6761363636363636,M15,moderate,IS,adx_only
21,339,214,0.6312684365781711,M15,moderate,IS,adx_only
22,306,232,0.7581699346405228,M15,moderate,IS,adx_only
23,253,168,0.6640316205533597,M15,moderate,IS,adx_only
0,227,11,0.048458149779735685,M15,moderate,IS,volume_atr
1,469,48,0.1023454157782516,M15,moderate,IS,volume_atr
2,538,119,0.2211895910780669,M15,moderate,IS,volume_atr
3,597,220,0.3685092127303183,M15,moderate,IS,volume_atr
4,601,214,0.3560732113144759,M15,moderate,IS,volume_atr
5,530,120,0.22641509433962265,M15,moderate,IS,volume_atr
6,514,54,0.10505836575875487,M15,moderate,IS,volume_atr
7,529,119,0.22495274102079396,M15,moderate,IS,volume_atr
8,624,291,0.46634615384615385,M15,moderate,IS,volume_atr
9,662,473,0.7145015105740181,M15,moderate,IS,volume_atr
10,633,470,0.7424960505529226,M15,moderate,IS,volume_atr
11,556,371,0.6672661870503597,M15,moderate,IS,volume_atr
12,601,342,0.5690515806988353,M15,moderate,IS,volume_atr
13,617,420,0.6807131280388979,M15,moderate,IS,volume_atr
14,581,510,0.8777969018932874,M15,moderate,IS,volume_atr
15,517,503,0.9729206963249516,M15,moderate,IS,volume_atr
16,297,293,0.9865319865319865,M15,moderate,IS,volume_atr
17,226,215,0.9513274336283186,M15,moderate,IS,volume_atr
18,211,184,0.8720379146919431,M15,moderate,IS,volume_atr
19,330,258,0.7818181818181819,M15,moderate,IS,volume_atr
20,352,219,0.6221590909090909,M15,moderate,IS,volume_atr
21,339,149,0.43952802359882004,M15,moderate,IS,volume_atr
22,306,95,0.3104575163398693,M15,moderate,IS,volume_atr
23,253,16,0.06324110671936758,M15,moderate,IS,volume_atr
0,227,8,0.03524229074889868,M15,moderate,IS,adaptive_quality
1,469,34,0.07249466950959488,M15,moderate,IS,adaptive_quality
2,538,86,0.15985130111524162,M15,moderate,IS,adaptive_quality
3,597,155,0.25963149078726966,M15,moderate,IS,adaptive_quality
4,601,147,0.24459234608985025,M15,moderate,IS,adaptive_quality
5,530,78,0.1471698113207547,M15,moderate,IS,adaptive_quality
6,514,39,0.07587548638132295,M15,moderate,IS,adaptive_quality
7,529,90,0.17013232514177692,M15,moderate,IS,adaptive_quality
8,624,199,0.3189102564102564,M15,moderate,IS,adaptive_quality
9,662,326,0.49244712990936557,M15,moderate,IS,adaptive_quality
10,633,329,0.5197472353870458,M15,moderate,IS,adaptive_quality
11,556,248,0.4460431654676259,M15,moderate,IS,adaptive_quality
12,601,230,0.3826955074875208,M15,moderate,IS,adaptive_quality
13,617,286,0.46353322528363045,M15,moderate,IS,adaptive_quality
14,581,348,0.5989672977624785,M15,moderate,IS,adaptive_quality
15,517,334,0.6460348162475822,M15,moderate,IS,adaptive_quality
16,297,201,0.6767676767676768,M15,moderate,IS,adaptive_quality
17,226,140,0.6194690265486725,M15,moderate,IS,adaptive_quality
18,211,131,0.6208530805687204,M15,moderate,IS,adaptive_quality
19,330,198,0.6,M15,moderate,IS,adaptive_quality
20,352,151,0.4289772727272727,M15,moderate,IS,adaptive_quality
21,339,102,0.3008849557522124,M15,moderate,IS,adaptive_quality
22,306,78,0.2549019607843137,M15,moderate,IS,adaptive_quality
23,253,16,0.06324110671936758,M15,moderate,IS,adaptive_quality
0,227,0,0.0,M15,moderate,IS,session_plus_adaptive
1,469,0,0.0,M15,moderate,IS,session_plus_adaptive
2,538,0,0.0,M15,moderate,IS,session_plus_adaptive
3,597,0,0.0,M15,moderate,IS,session_plus_adaptive
4,601,0,0.0,M15,moderate,IS,session_plus_adaptive
5,530,0,0.0,M15,moderate,IS,session_plus_adaptive
6,514,0,0.0,M15,moderate,IS,session_plus_adaptive
7,529,90,0.17013232514177692,M15,moderate,IS,session_plus_adaptive
8,624,199,0.3189102564102564,M15,moderate,IS,session_plus_adaptive
9,662,326,0.49244712990936557,M15,moderate,IS,session_plus_adaptive
10,633,329,0.5197472353870458,M15,moderate,IS,session_plus_adaptive
11,556,248,0.4460431654676259,M15,moderate,IS,session_plus_adaptive
12,601,230,0.3826955074875208,M15,moderate,IS,session_plus_adaptive
13,617,286,0.46353322528363045,M15,moderate,IS,session_plus_adaptive
14,581,348,0.5989672977624785,M15,moderate,IS,session_plus_adaptive
15,517,334,0.6460348162475822,M15,moderate,IS,session_plus_adaptive
16,297,201,0.6767676767676768,M15,moderate,IS,session_plus_adaptive
17,226,140,0.6194690265486725,M15,moderate,IS,session_plus_adaptive
18,211,131,0.6208530805687204,M15,moderate,IS,session_plus_adaptive
19,330,198,0.6,M15,moderate,IS,session_plus_adaptive
20,352,151,0.4289772727272727,M15,moderate,IS,session_plus_adaptive
21,339,0,0.0,M15,moderate,IS,session_plus_adaptive
22,306,0,0.0,M15,moderate,IS,session_plus_adaptive
23,253,0,0.0,M15,moderate,IS,session_plus_adaptive
0,17,17,1.0,M15,moderate,OOS,baseline_all_day
1,143,143,1.0,M15,moderate,OOS,baseline_all_day
2,137,137,1.0,M15,moderate,OOS,baseline_all_day
3,164,164,1.0,M15,moderate,OOS,baseline_all_day
4,170,170,1.0,M15,moderate,OOS,baseline_all_day
5,162,162,1.0,M15,moderate,OOS,baseline_all_day
6,134,134,1.0,M15,moderate,OOS,baseline_all_day
7,135,135,1.0,M15,moderate,OOS,baseline_all_day
8,138,138,1.0,M15,moderate,OOS,baseline_all_day
9,148,148,1.0,M15,moderate,OOS,baseline_all_day
10,151,151,1.0,M15,moderate,OOS,baseline_all_day
11,168,168,1.0,M15,moderate,OOS,baseline_all_day
12,126,126,1.0,M15,moderate,OOS,baseline_all_day
13,125,125,1.0,M15,moderate,OOS,baseline_all_day
14,143,143,1.0,M15,moderate,OOS,baseline_all_day
15,154,154,1.0,M15,moderate,OOS,baseline_all_day
16,152,152,1.0,M15,moderate,OOS,baseline_all_day
17,110,110,1.0,M15,moderate,OOS,baseline_all_day
18,89,89,1.0,M15,moderate,OOS,baseline_all_day
19,87,87,1.0,M15,moderate,OOS,baseline_all_day
20,115,115,1.0,M15,moderate,OOS,baseline_all_day
21,96,96,1.0,M15,moderate,OOS,baseline_all_day
22,114,114,1.0,M15,moderate,OOS,baseline_all_day
23,114,114,1.0,M15,moderate,OOS,baseline_all_day
0,17,0,0.0,M15,moderate,OOS,session_only
1,143,0,0.0,M15,moderate,OOS,session_only
2,137,0,0.0,M15,moderate,OOS,session_only
3,164,0,0.0,M15,moderate,OOS,session_only
4,170,0,0.0,M15,moderate,OOS,session_only
5,162,0,0.0,M15,moderate,OOS,session_only
6,134,0,0.0,M15,moderate,OOS,session_only
7,135,135,1.0,M15,moderate,OOS,session_only
8,138,138,1.0,M15,moderate,OOS,session_only
9,148,148,1.0,M15,moderate,OOS,session_only
10,151,151,1.0,M15,moderate,OOS,session_only
11,168,168,1.0,M15,moderate,OOS,session_only
12,126,126,1.0,M15,moderate,OOS,session_only
13,125,125,1.0,M15,moderate,OOS,session_only
14,143,143,1.0,M15,moderate,OOS,session_only
15,154,154,1.0,M15,moderate,OOS,session_only
16,152,152,1.0,M15,moderate,OOS,session_only
17,110,110,1.0,M15,moderate,OOS,session_only
18,89,89,1.0,M15,moderate,OOS,session_only
19,87,87,1.0,M15,moderate,OOS,session_only
20,115,115,1.0,M15,moderate,OOS,session_only
21,96,0,0.0,M15,moderate,OOS,session_only
22,114,0,0.0,M15,moderate,OOS,session_only
23,114,0,0.0,M15,moderate,OOS,session_only
0,17,6,0.35294117647058826,M15,moderate,OOS,volume_only
1,143,14,0.0979020979020979,M15,moderate,OOS,volume_only
2,137,30,0.21897810218978103,M15,moderate,OOS,volume_only
3,164,122,0.7439024390243902,M15,moderate,OOS,volume_only
4,170,138,0.8117647058823529,M15,moderate,OOS,volume_only
5,162,67,0.41358024691358025,M15,moderate,OOS,volume_only
6,134,28,0.208955223880597,M15,moderate,OOS,volume_only
7,135,46,0.34074074074074073,M15,moderate,OOS,volume_only
8,138,91,0.6594202898550725,M15,moderate,OOS,volume_only
9,148,96,0.6486486486486487,M15,moderate,OOS,volume_only
10,151,106,0.7019867549668874,M15,moderate,OOS,volume_only
11,168,105,0.625,M15,moderate,OOS,volume_only
12,126,69,0.5476190476190477,M15,moderate,OOS,volume_only
13,125,59,0.472,M15,moderate,OOS,volume_only
14,143,93,0.6503496503496503,M15,moderate,OOS,volume_only
15,154,141,0.9155844155844156,M15,moderate,OOS,volume_only
16,152,145,0.9539473684210527,M15,moderate,OOS,volume_only
17,110,109,0.990909090909091,M15,moderate,OOS,volume_only
18,89,87,0.9775280898876404,M15,moderate,OOS,volume_only
19,87,73,0.8390804597701149,M15,moderate,OOS,volume_only
20,115,80,0.6956521739130435,M15,moderate,OOS,volume_only
21,96,62,0.6458333333333334,M15,moderate,OOS,volume_only
22,114,63,0.5526315789473685,M15,moderate,OOS,volume_only
23,114,8,0.07017543859649122,M15,moderate,OOS,volume_only
0,17,12,0.7058823529411765,M15,moderate,OOS,atr_only
1,143,110,0.7692307692307693,M15,moderate,OOS,atr_only
2,137,104,0.7591240875912408,M15,moderate,OOS,atr_only
3,164,146,0.8902439024390244,M15,moderate,OOS,atr_only
4,170,152,0.8941176470588236,M15,moderate,OOS,atr_only
5,162,138,0.8518518518518519,M15,moderate,OOS,atr_only
6,134,110,0.8208955223880597,M15,moderate,OOS,atr_only
7,135,101,0.7481481481481481,M15,moderate,OOS,atr_only
8,138,110,0.7971014492753623,M15,moderate,OOS,atr_only
9,148,116,0.7837837837837838,M15,moderate,OOS,atr_only
10,151,138,0.9139072847682119,M15,moderate,OOS,atr_only
11,168,150,0.8928571428571429,M15,moderate,OOS,atr_only
12,126,112,0.8888888888888888,M15,moderate,OOS,atr_only
13,125,120,0.96,M15,moderate,OOS,atr_only
14,143,126,0.8811188811188811,M15,moderate,OOS,atr_only
15,154,146,0.948051948051948,M15,moderate,OOS,atr_only
16,152,147,0.9671052631578947,M15,moderate,OOS,atr_only
17,110,109,0.990909090909091,M15,moderate,OOS,atr_only
18,89,89,1.0,M15,moderate,OOS,atr_only
19,87,82,0.9425287356321839,M15,moderate,OOS,atr_only
20,115,110,0.9565217391304348,M15,moderate,OOS,atr_only
21,96,90,0.9375,M15,moderate,OOS,atr_only
22,114,101,0.8859649122807017,M15,moderate,OOS,atr_only
23,114,88,0.7719298245614035,M15,moderate,OOS,atr_only
0,17,13,0.7647058823529411,M15,moderate,OOS,adx_only
1,143,91,0.6363636363636364,M15,moderate,OOS,adx_only
2,137,94,0.6861313868613139,M15,moderate,OOS,adx_only
3,164,104,0.6341463414634146,M15,moderate,OOS,adx_only
4,170,93,0.5470588235294118,M15,moderate,OOS,adx_only
5,162,88,0.5432098765432098,M15,moderate,OOS,adx_only
6,134,87,0.6492537313432836,M15,moderate,OOS,adx_only
7,135,85,0.6296296296296297,M15,moderate,OOS,adx_only
8,138,85,0.6159420289855072,M15,moderate,OOS,adx_only
9,148,87,0.5878378378378378,M15,moderate,OOS,adx_only
10,151,98,0.6490066225165563,M15,moderate,OOS,adx_only
11,168,103,0.6130952380952381,M15,moderate,OOS,adx_only
12,126,80,0.6349206349206349,M15,moderate,OOS,adx_only
13,125,80,0.64,M15,moderate,OOS,adx_only
14,143,89,0.6223776223776224,M15,moderate,OOS,adx_only
15,154,96,0.6233766233766234,M15,moderate,OOS,adx_only
16,152,75,0.4934210526315789,M15,moderate,OOS,adx_only
17,110,60,0.5454545454545454,M15,moderate,OOS,adx_only
18,89,50,0.5617977528089888,M15,moderate,OOS,adx_only
19,87,57,0.6551724137931034,M15,moderate,OOS,adx_only
20,115,67,0.5826086956521739,M15,moderate,OOS,adx_only
21,96,67,0.6979166666666666,M15,moderate,OOS,adx_only
22,114,80,0.7017543859649122,M15,moderate,OOS,adx_only
23,114,71,0.6228070175438597,M15,moderate,OOS,adx_only
0,17,5,0.29411764705882354,M15,moderate,OOS,volume_atr
1,143,13,0.09090909090909091,M15,moderate,OOS,volume_atr
2,137,29,0.2116788321167883,M15,moderate,OOS,volume_atr
3,164,119,0.725609756097561,M15,moderate,OOS,volume_atr
4,170,128,0.7529411764705882,M15,moderate,OOS,volume_atr
5,162,65,0.4012345679012346,M15,moderate,OOS,volume_atr
6,134,28,0.208955223880597,M15,moderate,OOS,volume_atr
7,135,41,0.3037037037037037,M15,moderate,OOS,volume_atr
8,138,74,0.5362318840579711,M15,moderate,OOS,volume_atr
9,148,81,0.5472972972972973,M15,moderate,OOS,volume_atr
10,151,99,0.6556291390728477,M15,moderate,OOS,volume_atr
11,168,100,0.5952380952380952,M15,moderate,OOS,volume_atr
12,126,65,0.5158730158730159,M15,moderate,OOS,volume_atr
13,125,57,0.456,M15,moderate,OOS,volume_atr
14,143,83,0.5804195804195804,M15,moderate,OOS,volume_atr
15,154,137,0.8896103896103896,M15,moderate,OOS,volume_atr
16,152,143,0.9407894736842105,M15,moderate,OOS,volume_atr
17,110,109,0.990909090909091,M15,moderate,OOS,volume_atr
18,89,87,0.9775280898876404,M15,moderate,OOS,volume_atr
19,87,72,0.8275862068965517,M15,moderate,OOS,volume_atr
20,115,79,0.6869565217391305,M15,moderate,OOS,volume_atr
21,96,61,0.6354166666666666,M15,moderate,OOS,volume_atr
22,114,62,0.543859649122807,M15,moderate,OOS,volume_atr
23,114,8,0.07017543859649122,M15,moderate,OOS,volume_atr
0,17,5,0.29411764705882354,M15,moderate,OOS,adaptive_quality
1,143,12,0.08391608391608392,M15,moderate,OOS,adaptive_quality
2,137,23,0.1678832116788321,M15,moderate,OOS,adaptive_quality
3,164,80,0.4878048780487805,M15,moderate,OOS,adaptive_quality
4,170,76,0.4470588235294118,M15,moderate,OOS,adaptive_quality
5,162,41,0.25308641975308643,M15,moderate,OOS,adaptive_quality
6,134,20,0.14925373134328357,M15,moderate,OOS,adaptive_quality
7,135,27,0.2,M15,moderate,OOS,adaptive_quality
8,138,51,0.3695652173913043,M15,moderate,OOS,adaptive_quality
9,148,53,0.3581081081081081,M15,moderate,OOS,adaptive_quality
10,151,63,0.41721854304635764,M15,moderate,OOS,adaptive_quality
11,168,69,0.4107142857142857,M15,moderate,OOS,adaptive_quality
12,126,46,0.36507936507936506,M15,moderate,OOS,adaptive_quality
13,125,37,0.296,M15,moderate,OOS,adaptive_quality
14,143,50,0.34965034965034963,M15,moderate,OOS,adaptive_quality
15,154,88,0.5714285714285714,M15,moderate,OOS,adaptive_quality
16,152,72,0.47368421052631576,M15,moderate,OOS,adaptive_quality
17,110,60,0.5454545454545454,M15,moderate,OOS,adaptive_quality
18,89,48,0.5393258426966292,M15,moderate,OOS,adaptive_quality
19,87,44,0.5057471264367817,M15,moderate,OOS,adaptive_quality
20,115,46,0.4,M15,moderate,OOS,adaptive_quality
21,96,41,0.4270833333333333,M15,moderate,OOS,adaptive_quality
22,114,41,0.35964912280701755,M15,moderate,OOS,adaptive_quality
23,114,6,0.05263157894736842,M15,moderate,OOS,adaptive_quality
0,17,0,0.0,M15,moderate,OOS,session_plus_adaptive
1,143,0,0.0,M15,moderate,OOS,session_plus_adaptive
2,137,0,0.0,M15,moderate,OOS,session_plus_adaptive
3,164,0,0.0,M15,moderate,OOS,session_plus_adaptive
4,170,0,0.0,M15,moderate,OOS,session_plus_adaptive
5,162,0,0.0,M15,moderate,OOS,session_plus_adaptive
6,134,0,0.0,M15,moderate,OOS,session_plus_adaptive
7,135,27,0.2,M15,moderate,OOS,session_plus_adaptive
8,138,51,0.3695652173913043,M15,moderate,OOS,session_plus_adaptive
9,148,53,0.3581081081081081,M15,moderate,OOS,session_plus_adaptive
10,151,63,0.41721854304635764,M15,moderate,OOS,session_plus_adaptive
11,168,69,0.4107142857142857,M15,moderate,OOS,session_plus_adaptive
12,126,46,0.36507936507936506,M15,moderate,OOS,session_plus_adaptive
13,125,37,0.296,M15,moderate,OOS,session_plus_adaptive
14,143,50,0.34965034965034963,M15,moderate,OOS,session_plus_adaptive
15,154,88,0.5714285714285714,M15,moderate,OOS,session_plus_adaptive
16,152,72,0.47368421052631576,M15,moderate,OOS,session_plus_adaptive
17,110,60,0.5454545454545454,M15,moderate,OOS,session_plus_adaptive
18,89,48,0.5393258426966292,M15,moderate,OOS,session_plus_adaptive
19,87,44,0.5057471264367817,M15,moderate,OOS,session_plus_adaptive
20,115,46,0.4,M15,moderate,OOS,session_plus_adaptive
21,96,0,0.0,M15,moderate,OOS,session_plus_adaptive
22,114,0,0.0,M15,moderate,OOS,session_plus_adaptive
23,114,0,0.0,M15,moderate,OOS,session_plus_adaptive
0,227,227,1.0,M15,balanced,IS,baseline_all_day
1,469,469,1.0,M15,balanced,IS,baseline_all_day
2,538,538,1.0,M15,balanced,IS,baseline_all_day
3,597,597,1.0,M15,balanced,IS,baseline_all_day
4,601,601,1.0,M15,balanced,IS,baseline_all_day
5,530,530,1.0,M15,balanced,IS,baseline_all_day
6,514,514,1.0,M15,balanced,IS,baseline_all_day
7,529,529,1.0,M15,balanced,IS,baseline_all_day
8,624,624,1.0,M15,balanced,IS,baseline_all_day
9,662,662,1.0,M15,balanced,IS,baseline_all_day
10,633,633,1.0,M15,balanced,IS,baseline_all_day
11,556,556,1.0,M15,balanced,IS,baseline_all_day
12,601,601,1.0,M15,balanced,IS,baseline_all_day
13,617,617,1.0,M15,balanced,IS,baseline_all_day
14,581,581,1.0,M15,balanced,IS,baseline_all_day
15,517,517,1.0,M15,balanced,IS,baseline_all_day
16,297,297,1.0,M15,balanced,IS,baseline_all_day
17,226,226,1.0,M15,balanced,IS,baseline_all_day
18,211,211,1.0,M15,balanced,IS,baseline_all_day
19,330,330,1.0,M15,balanced,IS,baseline_all_day
20,352,352,1.0,M15,balanced,IS,baseline_all_day
21,339,339,1.0,M15,balanced,IS,baseline_all_day
22,306,306,1.0,M15,balanced,IS,baseline_all_day
23,253,253,1.0,M15,balanced,IS,baseline_all_day
0,227,0,0.0,M15,balanced,IS,session_only
1,469,0,0.0,M15,balanced,IS,session_only
2,538,0,0.0,M15,balanced,IS,session_only
3,597,0,0.0,M15,balanced,IS,session_only
4,601,0,0.0,M15,balanced,IS,session_only
5,530,0,0.0,M15,balanced,IS,session_only
6,514,0,0.0,M15,balanced,IS,session_only
7,529,529,1.0,M15,balanced,IS,session_only
8,624,624,1.0,M15,balanced,IS,session_only
9,662,662,1.0,M15,balanced,IS,session_only
10,633,633,1.0,M15,balanced,IS,session_only
11,556,556,1.0,M15,balanced,IS,session_only
12,601,601,1.0,M15,balanced,IS,session_only
13,617,617,1.0,M15,balanced,IS,session_only
14,581,581,1.0,M15,balanced,IS,session_only
15,517,517,1.0,M15,balanced,IS,session_only
16,297,297,1.0,M15,balanced,IS,session_only
17,226,226,1.0,M15,balanced,IS,session_only
18,211,211,1.0,M15,balanced,IS,session_only
19,330,330,1.0,M15,balanced,IS,session_only
20,352,352,1.0,M15,balanced,IS,session_only
21,339,0,0.0,M15,balanced,IS,session_only
22,306,0,0.0,M15,balanced,IS,session_only
23,253,0,0.0,M15,balanced,IS,session_only
0,227,9,0.039647577092511016,M15,balanced,IS,volume_only
1,469,42,0.08955223880597014,M15,balanced,IS,volume_only
2,538,148,0.275092936802974,M15,balanced,IS,volume_only
3,597,312,0.5226130653266332,M15,balanced,IS,volume_only
4,601,312,0.519134775374376,M15,balanced,IS,volume_only
5,530,127,0.23962264150943396,M15,balanced,IS,volume_only
6,514,58,0.11284046692607004,M15,balanced,IS,volume_only
7,529,151,0.28544423440453687,M15,balanced,IS,volume_only
8,624,372,0.5961538461538461,M15,balanced,IS,volume_only
9,662,521,0.7870090634441088,M15,balanced,IS,volume_only
10,633,479,0.7567140600315956,M15,balanced,IS,volume_only
11,556,354,0.6366906474820144,M15,balanced,IS,volume_only
12,601,310,0.5158069883527454,M15,balanced,IS,volume_only
13,617,382,0.6191247974068071,M15,balanced,IS,volume_only
14,581,502,0.8640275387263339,M15,balanced,IS,volume_only
15,517,506,0.9787234042553191,M15,balanced,IS,volume_only
16,297,293,0.9865319865319865,M15,balanced,IS,volume_only
17,226,211,0.9336283185840708,M15,balanced,IS,volume_only
18,211,176,0.8341232227488151,M15,balanced,IS,volume_only
19,330,235,0.7121212121212122,M15,balanced,IS,volume_only
20,352,185,0.5255681818181818,M15,balanced,IS,volume_only
21,339,134,0.3952802359882006,M15,balanced,IS,volume_only
22,306,81,0.2647058823529412,M15,balanced,IS,volume_only
23,253,15,0.05928853754940711,M15,balanced,IS,volume_only
0,227,75,0.3303964757709251,M15,balanced,IS,atr_only
1,469,196,0.417910447761194,M15,balanced,IS,atr_only
2,538,166,0.30855018587360594,M15,balanced,IS,atr_only
3,597,228,0.38190954773869346,M15,balanced,IS,atr_only
4,601,240,0.39933444259567386,M15,balanced,IS,atr_only
5,530,201,0.37924528301886795,M15,balanced,IS,atr_only
6,514,169,0.32879377431906615,M15,balanced,IS,atr_only
7,529,165,0.31190926275992437,M15,balanced,IS,atr_only
8,624,273,0.4375,M15,balanced,IS,atr_only
9,662,454,0.6858006042296072,M15,balanced,IS,atr_only
10,633,515,0.8135860979462876,M15,balanced,IS,atr_only
11,556,478,0.8597122302158273,M15,balanced,IS,atr_only
12,601,505,0.8402662229617305,M15,balanced,IS,atr_only
13,617,526,0.8525121555915721,M15,balanced,IS,atr_only
14,581,519,0.8932874354561101,M15,balanced,IS,atr_only
15,517,495,0.9574468085106383,M15,balanced,IS,atr_only
16,297,292,0.9831649831649831,M15,balanced,IS,atr_only
17,226,222,0.9823008849557522,M15,balanced,IS,atr_only
18,211,204,0.966824644549763,M15,balanced,IS,atr_only
19,330,321,0.9727272727272728,M15,balanced,IS,atr_only
20,352,342,0.9715909090909091,M15,balanced,IS,atr_only
21,339,304,0.8967551622418879,M15,balanced,IS,atr_only
22,306,230,0.7516339869281046,M15,balanced,IS,atr_only
23,253,141,0.5573122529644269,M15,balanced,IS,atr_only
0,227,20,0.0881057268722467,M15,balanced,IS,adx_only
1,469,86,0.18336886993603413,M15,balanced,IS,adx_only
2,538,96,0.17843866171003717,M15,balanced,IS,adx_only
3,597,118,0.19765494137353434,M15,balanced,IS,adx_only
4,601,157,0.2612312811980033,M15,balanced,IS,adx_only
5,530,170,0.32075471698113206,M15,balanced,IS,adx_only
6,514,186,0.36186770428015563,M15,balanced,IS,adx_only
7,529,169,0.31947069943289225,M15,balanced,IS,adx_only
8,624,164,0.26282051282051283,M15,balanced,IS,adx_only
9,662,196,0.29607250755287007,M15,balanced,IS,adx_only
10,633,204,0.3222748815165877,M15,balanced,IS,adx_only
11,556,209,0.37589928057553956,M15,balanced,IS,adx_only
12,601,216,0.3594009983361065,M15,balanced,IS,adx_only
13,617,180,0.2917341977309562,M15,balanced,IS,adx_only
14,581,160,0.27538726333907054,M15,balanced,IS,adx_only
15,517,129,0.2495164410058027,M15,balanced,IS,adx_only
16,297,104,0.3501683501683502,M15,balanced,IS,adx_only
17,226,75,0.33185840707964603,M15,balanced,IS,adx_only
18,211,81,0.38388625592417064,M15,balanced,IS,adx_only
19,330,106,0.3212121212121212,M15,balanced,IS,adx_only
20,352,87,0.2471590909090909,M15,balanced,IS,adx_only
21,339,68,0.20058997050147492,M15,balanced,IS,adx_only
22,306,74,0.24183006535947713,M15,balanced,IS,adx_only
23,253,67,0.2648221343873518,M15,balanced,IS,adx_only
0,227,9,0.039647577092511016,M15,balanced,IS,volume_atr
1,469,38,0.08102345415778252,M15,balanced,IS,volume_atr
2,538,74,0.137546468401487,M15,balanced,IS,volume_atr
3,597,162,0.271356783919598,M15,balanced,IS,volume_atr
4,601,164,0.27287853577371046,M15,balanced,IS,volume_atr
5,530,77,0.14528301886792452,M15,balanced,IS,volume_atr
6,514,35,0.06809338521400778,M15,balanced,IS,volume_atr
7,529,63,0.11909262759924386,M15,balanced,IS,volume_atr
8,624,201,0.32211538461538464,M15,balanced,IS,volume_atr
9,662,387,0.5845921450151057,M15,balanced,IS,volume_atr
10,633,406,0.641390205371248,M15,balanced,IS,volume_atr
11,556,320,0.5755395683453237,M15,balanced,IS,volume_atr
12,601,287,0.47753743760399336,M15,balanced,IS,volume_atr
13,617,342,0.5542949756888168,M15,balanced,IS,volume_atr
14,581,469,0.8072289156626506,M15,balanced,IS,volume_atr
15,517,490,0.9477756286266924,M15,balanced,IS,volume_atr
16,297,290,0.9764309764309764,M15,balanced,IS,volume_atr
17,226,211,0.9336283185840708,M15,balanced,IS,volume_atr
18,211,175,0.8293838862559242,M15,balanced,IS,volume_atr
19,330,233,0.706060606060606,M15,balanced,IS,volume_atr
20,352,180,0.5113636363636364,M15,balanced,IS,volume_atr
21,339,130,0.3834808259587021,M15,balanced,IS,volume_atr
22,306,69,0.22549019607843138,M15,balanced,IS,volume_atr
23,253,12,0.04743083003952569,M15,balanced,IS,volume_atr
0,227,1,0.004405286343612335,M15,balanced,IS,adaptive_quality
1,469,12,0.0255863539445629,M15,balanced,IS,adaptive_quality
2,538,18,0.03345724907063197,M15,balanced,IS,adaptive_quality
3,597,37,0.06197654941373534,M15,balanced,IS,adaptive_quality
4,601,47,0.07820299500831947,M15,balanced,IS,adaptive_quality
5,530,22,0.04150943396226415,M15,balanced,IS,adaptive_quality
6,514,6,0.011673151750972763,M15,balanced,IS,adaptive_quality
7,529,27,0.05103969754253308,M15,balanced,IS,adaptive_quality
8,624,48,0.07692307692307693,M15,balanced,IS,adaptive_quality
9,662,114,0.17220543806646527,M15,balanced,IS,adaptive_quality
10,633,140,0.2211690363349131,M15,balanced,IS,adaptive_quality
11,556,141,0.25359712230215825,M15,balanced,IS,adaptive_quality
12,601,120,0.19966722129783693,M15,balanced,IS,adaptive_quality
13,617,117,0.18962722852512157,M15,balanced,IS,adaptive_quality
14,581,132,0.22719449225473323,M15,balanced,IS,adaptive_quality
15,517,125,0.24177949709864605,M15,balanced,IS,adaptive_quality
16,297,100,0.3367003367003367,M15,balanced,IS,adaptive_quality
17,226,71,0.3141592920353982,M15,balanced,IS,adaptive_quality
18,211,71,0.33649289099526064,M15,balanced,IS,adaptive_quality
19,330,71,0.21515151515151515,M15,balanced,IS,adaptive_quality
20,352,51,0.14488636363636365,M15,balanced,IS,adaptive_quality
21,339,41,0.12094395280235988,M15,balanced,IS,adaptive_quality
22,306,28,0.0915032679738562,M15,balanced,IS,adaptive_quality
23,253,7,0.02766798418972332,M15,balanced,IS,adaptive_quality
0,227,0,0.0,M15,balanced,IS,session_plus_adaptive
1,469,0,0.0,M15,balanced,IS,session_plus_adaptive
2,538,0,0.0,M15,balanced,IS,session_plus_adaptive
3,597,0,0.0,M15,balanced,IS,session_plus_adaptive
4,601,0,0.0,M15,balanced,IS,session_plus_adaptive
5,530,0,0.0,M15,balanced,IS,session_plus_adaptive
6,514,0,0.0,M15,balanced,IS,session_plus_adaptive
7,529,27,0.05103969754253308,M15,balanced,IS,session_plus_adaptive
8,624,48,0.07692307692307693,M15,balanced,IS,session_plus_adaptive
9,662,114,0.17220543806646527,M15,balanced,IS,session_plus_adaptive
10,633,140,0.2211690363349131,M15,balanced,IS,session_plus_adaptive
11,556,141,0.25359712230215825,M15,balanced,IS,session_plus_adaptive
12,601,120,0.19966722129783693,M15,balanced,IS,session_plus_adaptive
13,617,117,0.18962722852512157,M15,balanced,IS,session_plus_adaptive
14,581,132,0.22719449225473323,M15,balanced,IS,session_plus_adaptive
15,517,125,0.24177949709864605,M15,balanced,IS,session_plus_adaptive
16,297,100,0.3367003367003367,M15,balanced,IS,session_plus_adaptive
17,226,71,0.3141592920353982,M15,balanced,IS,session_plus_adaptive
18,211,71,0.33649289099526064,M15,balanced,IS,session_plus_adaptive
19,330,71,0.21515151515151515,M15,balanced,IS,session_plus_adaptive
20,352,51,0.14488636363636365,M15,balanced,IS,session_plus_adaptive
21,339,0,0.0,M15,balanced,IS,session_plus_adaptive
22,306,0,0.0,M15,balanced,IS,session_plus_adaptive
23,253,0,0.0,M15,balanced,IS,session_plus_adaptive
0,17,17,1.0,M15,balanced,OOS,baseline_all_day
1,143,143,1.0,M15,balanced,OOS,baseline_all_day
2,137,137,1.0,M15,balanced,OOS,baseline_all_day
3,164,164,1.0,M15,balanced,OOS,baseline_all_day
4,170,170,1.0,M15,balanced,OOS,baseline_all_day
5,162,162,1.0,M15,balanced,OOS,baseline_all_day
6,134,134,1.0,M15,balanced,OOS,baseline_all_day
7,135,135,1.0,M15,balanced,OOS,baseline_all_day
8,138,138,1.0,M15,balanced,OOS,baseline_all_day
9,148,148,1.0,M15,balanced,OOS,baseline_all_day
10,151,151,1.0,M15,balanced,OOS,baseline_all_day
11,168,168,1.0,M15,balanced,OOS,baseline_all_day
12,126,126,1.0,M15,balanced,OOS,baseline_all_day
13,125,125,1.0,M15,balanced,OOS,baseline_all_day
14,143,143,1.0,M15,balanced,OOS,baseline_all_day
15,154,154,1.0,M15,balanced,OOS,baseline_all_day
16,152,152,1.0,M15,balanced,OOS,baseline_all_day
17,110,110,1.0,M15,balanced,OOS,baseline_all_day
18,89,89,1.0,M15,balanced,OOS,baseline_all_day
19,87,87,1.0,M15,balanced,OOS,baseline_all_day
20,115,115,1.0,M15,balanced,OOS,baseline_all_day
21,96,96,1.0,M15,balanced,OOS,baseline_all_day
22,114,114,1.0,M15,balanced,OOS,baseline_all_day
23,114,114,1.0,M15,balanced,OOS,baseline_all_day
0,17,0,0.0,M15,balanced,OOS,session_only
1,143,0,0.0,M15,balanced,OOS,session_only
2,137,0,0.0,M15,balanced,OOS,session_only
3,164,0,0.0,M15,balanced,OOS,session_only
4,170,0,0.0,M15,balanced,OOS,session_only
5,162,0,0.0,M15,balanced,OOS,session_only
6,134,0,0.0,M15,balanced,OOS,session_only
7,135,135,1.0,M15,balanced,OOS,session_only
8,138,138,1.0,M15,balanced,OOS,session_only
9,148,148,1.0,M15,balanced,OOS,session_only
10,151,151,1.0,M15,balanced,OOS,session_only
11,168,168,1.0,M15,balanced,OOS,session_only
12,126,126,1.0,M15,balanced,OOS,session_only
13,125,125,1.0,M15,balanced,OOS,session_only
14,143,143,1.0,M15,balanced,OOS,session_only
15,154,154,1.0,M15,balanced,OOS,session_only
16,152,152,1.0,M15,balanced,OOS,session_only
17,110,110,1.0,M15,balanced,OOS,session_only
18,89,89,1.0,M15,balanced,OOS,session_only
19,87,87,1.0,M15,balanced,OOS,session_only
20,115,115,1.0,M15,balanced,OOS,session_only
21,96,0,0.0,M15,balanced,OOS,session_only
22,114,0,0.0,M15,balanced,OOS,session_only
23,114,0,0.0,M15,balanced,OOS,session_only
0,17,4,0.23529411764705882,M15,balanced,OOS,volume_only
1,143,12,0.08391608391608392,M15,balanced,OOS,volume_only
2,137,23,0.1678832116788321,M15,balanced,OOS,volume_only
3,164,117,0.7134146341463414,M15,balanced,OOS,volume_only
4,170,129,0.7588235294117647,M15,balanced,OOS,volume_only
5,162,62,0.38271604938271603,M15,balanced,OOS,volume_only
6,134,24,0.1791044776119403,M15,balanced,OOS,volume_only
7,135,42,0.3111111111111111,M15,balanced,OOS,volume_only
8,138,79,0.572463768115942,M15,balanced,OOS,volume_only
9,148,87,0.5878378378378378,M15,balanced,OOS,volume_only
10,151,94,0.6225165562913907,M15,balanced,OOS,volume_only
11,168,93,0.5535714285714286,M15,balanced,OOS,volume_only
12,126,58,0.4603174603174603,M15,balanced,OOS,volume_only
13,125,53,0.424,M15,balanced,OOS,volume_only
14,143,86,0.6013986013986014,M15,balanced,OOS,volume_only
15,154,138,0.8961038961038961,M15,balanced,OOS,volume_only
16,152,145,0.9539473684210527,M15,balanced,OOS,volume_only
17,110,109,0.990909090909091,M15,balanced,OOS,volume_only
18,89,87,0.9775280898876404,M15,balanced,OOS,volume_only
19,87,71,0.8160919540229885,M15,balanced,OOS,volume_only
20,115,71,0.6173913043478261,M15,balanced,OOS,volume_only
21,96,58,0.6041666666666666,M15,balanced,OOS,volume_only
22,114,52,0.45614035087719296,M15,balanced,OOS,volume_only
23,114,7,0.06140350877192982,M15,balanced,OOS,volume_only
0,17,9,0.5294117647058824,M15,balanced,OOS,atr_only
1,143,92,0.6433566433566433,M15,balanced,OOS,atr_only
2,137,81,0.5912408759124088,M15,balanced,OOS,atr_only
3,164,127,0.774390243902439,M15,balanced,OOS,atr_only
4,170,133,0.7823529411764706,M15,balanced,OOS,atr_only
5,162,126,0.7777777777777778,M15,balanced,OOS,atr_only
6,134,93,0.6940298507462687,M15,balanced,OOS,atr_only
7,135,80,0.5925925925925926,M15,balanced,OOS,atr_only
8,138,85,0.6159420289855072,M15,balanced,OOS,atr_only
9,148,98,0.6621621621621622,M15,balanced,OOS,atr_only
10,151,125,0.8278145695364238,M15,balanced,OOS,atr_only
11,168,121,0.7202380952380952,M15,balanced,OOS,atr_only
12,126,99,0.7857142857142857,M15,balanced,OOS,atr_only
13,125,103,0.824,M15,balanced,OOS,atr_only
14,143,108,0.7552447552447552,M15,balanced,OOS,atr_only
15,154,135,0.8766233766233766,M15,balanced,OOS,atr_only
16,152,144,0.9473684210526315,M15,balanced,OOS,atr_only
17,110,107,0.9727272727272728,M15,balanced,OOS,atr_only
18,89,87,0.9775280898876404,M15,balanced,OOS,atr_only
19,87,81,0.9310344827586207,M15,balanced,OOS,atr_only
20,115,101,0.8782608695652174,M15,balanced,OOS,atr_only
21,96,83,0.8645833333333334,M15,balanced,OOS,atr_only
22,114,94,0.8245614035087719,M15,balanced,OOS,atr_only
23,114,69,0.6052631578947368,M15,balanced,OOS,atr_only
0,17,8,0.47058823529411764,M15,balanced,OOS,adx_only
1,143,35,0.24475524475524477,M15,balanced,OOS,adx_only
2,137,43,0.31386861313868614,M15,balanced,OOS,adx_only
3,164,28,0.17073170731707318,M15,balanced,OOS,adx_only
4,170,30,0.17647058823529413,M15,balanced,OOS,adx_only
5,162,40,0.24691358024691357,M15,balanced,OOS,adx_only
6,134,48,0.3582089552238806,M15,balanced,OOS,adx_only
7,135,52,0.3851851851851852,M15,balanced,OOS,adx_only
8,138,31,0.2246376811594203,M15,balanced,OOS,adx_only
9,148,23,0.1554054054054054,M15,balanced,OOS,adx_only
10,151,42,0.2781456953642384,M15,balanced,OOS,adx_only
11,168,51,0.30357142857142855,M15,balanced,OOS,adx_only
12,126,41,0.3253968253968254,M15,balanced,OOS,adx_only
13,125,42,0.336,M15,balanced,OOS,adx_only
14,143,33,0.23076923076923078,M15,balanced,OOS,adx_only
15,154,38,0.24675324675324675,M15,balanced,OOS,adx_only
16,152,33,0.21710526315789475,M15,balanced,OOS,adx_only
17,110,37,0.33636363636363636,M15,balanced,OOS,adx_only
18,89,22,0.24719101123595505,M15,balanced,OOS,adx_only
19,87,21,0.2413793103448276,M15,balanced,OOS,adx_only
20,115,33,0.28695652173913044,M15,balanced,OOS,adx_only
21,96,34,0.3541666666666667,M15,balanced,OOS,adx_only
22,114,29,0.2543859649122807,M15,balanced,OOS,adx_only
23,114,34,0.2982456140350877,M15,balanced,OOS,adx_only
0,17,4,0.23529411764705882,M15,balanced,OOS,volume_atr
1,143,9,0.06293706293706294,M15,balanced,OOS,volume_atr
2,137,19,0.1386861313868613,M15,balanced,OOS,volume_atr
3,164,103,0.6280487804878049,M15,balanced,OOS,volume_atr
4,170,108,0.6352941176470588,M15,balanced,OOS,volume_atr
5,162,61,0.3765432098765432,M15,balanced,OOS,volume_atr
6,134,23,0.17164179104477612,M15,balanced,OOS,volume_atr
7,135,30,0.2222222222222222,M15,balanced,OOS,volume_atr
8,138,57,0.41304347826086957,M15,balanced,OOS,volume_atr
9,148,67,0.4527027027027027,M15,balanced,OOS,volume_atr
10,151,82,0.543046357615894,M15,balanced,OOS,volume_atr
11,168,78,0.4642857142857143,M15,balanced,OOS,volume_atr
12,126,50,0.3968253968253968,M15,balanced,OOS,volume_atr
13,125,46,0.368,M15,balanced,OOS,volume_atr
14,143,68,0.4755244755244755,M15,balanced,OOS,volume_atr
15,154,127,0.8246753246753247,M15,balanced,OOS,volume_atr
16,152,142,0.9342105263157895,M15,balanced,OOS,volume_atr
17,110,107,0.9727272727272728,M15,balanced,OOS,volume_atr
18,89,87,0.9775280898876404,M15,balanced,OOS,volume_atr
19,87,70,0.8045977011494253,M15,balanced,OOS,volume_atr
20,115,68,0.591304347826087,M15,balanced,OOS,volume_atr
21,96,55,0.5729166666666666,M15,balanced,OOS,volume_atr
22,114,52,0.45614035087719296,M15,balanced,OOS,volume_atr
23,114,7,0.06140350877192982,M15,balanced,OOS,volume_atr
0,17,4,0.23529411764705882,M15,balanced,OOS,adaptive_quality
1,143,3,0.02097902097902098,M15,balanced,OOS,adaptive_quality
2,137,11,0.08029197080291971,M15,balanced,OOS,adaptive_quality
3,164,21,0.12804878048780488,M15,balanced,OOS,adaptive_quality
4,170,23,0.13529411764705881,M15,balanced,OOS,adaptive_quality
5,162,14,0.08641975308641975,M15,balanced,OOS,adaptive_quality
6,134,1,0.007462686567164179,M15,balanced,OOS,adaptive_quality
7,135,8,0.05925925925925926,M15,balanced,OOS,adaptive_quality
8,138,17,0.12318840579710146,M15,balanced,OOS,adaptive_quality
9,148,13,0.08783783783783784,M15,balanced,OOS,adaptive_quality
10,151,20,0.13245033112582782,M15,balanced,OOS,adaptive_quality
11,168,30,0.17857142857142858,M15,balanced,OOS,adaptive_quality
12,126,19,0.15079365079365079,M15,balanced,OOS,adaptive_quality
13,125,13,0.104,M15,balanced,OOS,adaptive_quality
14,143,15,0.1048951048951049,M15,balanced,OOS,adaptive_quality
15,154,29,0.18831168831168832,M15,balanced,OOS,adaptive_quality
16,152,32,0.21052631578947367,M15,balanced,OOS,adaptive_quality
17,110,37,0.33636363636363636,M15,balanced,OOS,adaptive_quality
18,89,22,0.24719101123595505,M15,balanced,OOS,adaptive_quality
19,87,17,0.19540229885057472,M15,balanced,OOS,adaptive_quality
20,115,22,0.19130434782608696,M15,balanced,OOS,adaptive_quality
21,96,19,0.19791666666666666,M15,balanced,OOS,adaptive_quality
22,114,11,0.09649122807017543,M15,balanced,OOS,adaptive_quality
23,114,2,0.017543859649122806,M15,balanced,OOS,adaptive_quality
0,17,0,0.0,M15,balanced,OOS,session_plus_adaptive
1,143,0,0.0,M15,balanced,OOS,session_plus_adaptive
2,137,0,0.0,M15,balanced,OOS,session_plus_adaptive
3,164,0,0.0,M15,balanced,OOS,session_plus_adaptive
4,170,0,0.0,M15,balanced,OOS,session_plus_adaptive
5,162,0,0.0,M15,balanced,OOS,session_plus_adaptive
6,134,0,0.0,M15,balanced,OOS,session_plus_adaptive
7,135,8,0.05925925925925926,M15,balanced,OOS,session_plus_adaptive
8,138,17,0.12318840579710146,M15,balanced,OOS,session_plus_adaptive
9,148,13,0.08783783783783784,M15,balanced,OOS,session_plus_adaptive
10,151,20,0.13245033112582782,M15,balanced,OOS,session_plus_adaptive
11,168,30,0.17857142857142858,M15,balanced,OOS,session_plus_adaptive
12,126,19,0.15079365079365079,M15,balanced,OOS,session_plus_adaptive
13,125,13,0.104,M15,balanced,OOS,session_plus_adaptive
14,143,15,0.1048951048951049,M15,balanced,OOS,session_plus_adaptive
15,154,29,0.18831168831168832,M15,balanced,OOS,session_plus_adaptive
16,152,32,0.21052631578947367,M15,balanced,OOS,session_plus_adaptive
17,110,37,0.33636363636363636,M15,balanced,OOS,session_plus_adaptive
18,89,22,0.24719101123595505,M15,balanced,OOS,session_plus_adaptive
19,87,17,0.19540229885057472,M15,balanced,OOS,session_plus_adaptive
20,115,22,0.19130434782608696,M15,balanced,OOS,session_plus_adaptive
21,96,0,0.0,M15,balanced,OOS,session_plus_adaptive
22,114,0,0.0,M15,balanced,OOS,session_plus_adaptive
23,114,0,0.0,M15,balanced,OOS,session_plus_adaptive
0,227,227,1.0,M15,strict,IS,baseline_all_day
1,469,469,1.0,M15,strict,IS,baseline_all_day
2,538,538,1.0,M15,strict,IS,baseline_all_day
3,597,597,1.0,M15,strict,IS,baseline_all_day
4,601,601,1.0,M15,strict,IS,baseline_all_day
5,530,530,1.0,M15,strict,IS,baseline_all_day
6,514,514,1.0,M15,strict,IS,baseline_all_day
7,529,529,1.0,M15,strict,IS,baseline_all_day
8,624,624,1.0,M15,strict,IS,baseline_all_day
9,662,662,1.0,M15,strict,IS,baseline_all_day
10,633,633,1.0,M15,strict,IS,baseline_all_day
11,556,556,1.0,M15,strict,IS,baseline_all_day
12,601,601,1.0,M15,strict,IS,baseline_all_day
13,617,617,1.0,M15,strict,IS,baseline_all_day
14,581,581,1.0,M15,strict,IS,baseline_all_day
15,517,517,1.0,M15,strict,IS,baseline_all_day
16,297,297,1.0,M15,strict,IS,baseline_all_day
17,226,226,1.0,M15,strict,IS,baseline_all_day
18,211,211,1.0,M15,strict,IS,baseline_all_day
19,330,330,1.0,M15,strict,IS,baseline_all_day
20,352,352,1.0,M15,strict,IS,baseline_all_day
21,339,339,1.0,M15,strict,IS,baseline_all_day
22,306,306,1.0,M15,strict,IS,baseline_all_day
23,253,253,1.0,M15,strict,IS,baseline_all_day
0,227,0,0.0,M15,strict,IS,session_only
1,469,0,0.0,M15,strict,IS,session_only
2,538,0,0.0,M15,strict,IS,session_only
3,597,0,0.0,M15,strict,IS,session_only
4,601,0,0.0,M15,strict,IS,session_only
5,530,0,0.0,M15,strict,IS,session_only
6,514,0,0.0,M15,strict,IS,session_only
7,529,529,1.0,M15,strict,IS,session_only
8,624,624,1.0,M15,strict,IS,session_only
9,662,662,1.0,M15,strict,IS,session_only
10,633,633,1.0,M15,strict,IS,session_only
11,556,556,1.0,M15,strict,IS,session_only
12,601,601,1.0,M15,strict,IS,session_only
13,617,617,1.0,M15,strict,IS,session_only
14,581,581,1.0,M15,strict,IS,session_only
15,517,517,1.0,M15,strict,IS,session_only
16,297,297,1.0,M15,strict,IS,session_only
17,226,226,1.0,M15,strict,IS,session_only
18,211,211,1.0,M15,strict,IS,session_only
19,330,330,1.0,M15,strict,IS,session_only
20,352,352,1.0,M15,strict,IS,session_only
21,339,0,0.0,M15,strict,IS,session_only
22,306,0,0.0,M15,strict,IS,session_only
23,253,0,0.0,M15,strict,IS,session_only
0,227,5,0.022026431718061675,M15,strict,IS,volume_only
1,469,18,0.03837953091684435,M15,strict,IS,volume_only
2,538,79,0.14684014869888476,M15,strict,IS,volume_only
3,597,205,0.34338358458961477,M15,strict,IS,volume_only
4,601,197,0.3277870216306156,M15,strict,IS,volume_only
5,530,55,0.10377358490566038,M15,strict,IS,volume_only
6,514,26,0.05058365758754864,M15,strict,IS,volume_only
7,529,73,0.13799621928166353,M15,strict,IS,volume_only
8,624,226,0.36217948717948717,M15,strict,IS,volume_only
9,662,361,0.5453172205438066,M15,strict,IS,volume_only
10,633,324,0.5118483412322274,M15,strict,IS,volume_only
11,556,188,0.3381294964028777,M15,strict,IS,volume_only
12,601,166,0.2762063227953411,M15,strict,IS,volume_only
13,617,228,0.3695299837925446,M15,strict,IS,volume_only
14,581,419,0.7211703958691911,M15,strict,IS,volume_only
15,517,489,0.9458413926499033,M15,strict,IS,volume_only
16,297,289,0.9730639730639731,M15,strict,IS,volume_only
17,226,195,0.8628318584070797,M15,strict,IS,volume_only
18,211,127,0.6018957345971564,M15,strict,IS,volume_only
19,330,131,0.396969696969697,M15,strict,IS,volume_only
20,352,93,0.26420454545454547,M15,strict,IS,volume_only
21,339,65,0.19174041297935104,M15,strict,IS,volume_only
22,306,36,0.11764705882352941,M15,strict,IS,volume_only
23,253,6,0.023715415019762844,M15,strict,IS,volume_only
0,227,51,0.22466960352422907,M15,strict,IS,atr_only
1,469,150,0.31982942430703626,M15,strict,IS,atr_only
2,538,121,0.22490706319702602,M15,strict,IS,atr_only
3,597,155,0.25963149078726966,M15,strict,IS,atr_only
4,601,186,0.30948419301164726,M15,strict,IS,atr_only
5,530,135,0.25471698113207547,M15,strict,IS,atr_only
6,514,105,0.20428015564202334,M15,strict,IS,atr_only
7,529,103,0.1947069943289225,M15,strict,IS,atr_only
8,624,173,0.27724358974358976,M15,strict,IS,atr_only
9,662,339,0.5120845921450151,M15,strict,IS,atr_only
10,633,417,0.6587677725118484,M15,strict,IS,atr_only
11,556,387,0.6960431654676259,M15,strict,IS,atr_only
12,601,407,0.6772046589018302,M15,strict,IS,atr_only
13,617,420,0.6807131280388979,M15,strict,IS,atr_only
14,581,431,0.7418244406196214,M15,strict,IS,atr_only
15,517,398,0.769825918762089,M15,strict,IS,atr_only
16,297,230,0.7744107744107744,M15,strict,IS,atr_only
17,226,155,0.6858407079646017,M15,strict,IS,atr_only
18,211,162,0.7677725118483413,M15,strict,IS,atr_only
19,330,272,0.8242424242424242,M15,strict,IS,atr_only
20,352,297,0.84375,M15,strict,IS,atr_only
21,339,266,0.7846607669616519,M15,strict,IS,atr_only
22,306,178,0.5816993464052288,M15,strict,IS,atr_only
23,253,105,0.4150197628458498,M15,strict,IS,atr_only
0,227,9,0.039647577092511016,M15,strict,IS,adx_only
1,469,61,0.1300639658848614,M15,strict,IS,adx_only
2,538,69,0.12825278810408922,M15,strict,IS,adx_only
3,597,79,0.1323283082077052,M15,strict,IS,adx_only
4,601,100,0.16638935108153077,M15,strict,IS,adx_only
5,530,104,0.19622641509433963,M15,strict,IS,adx_only
6,514,110,0.2140077821011673,M15,strict,IS,adx_only
7,529,120,0.22684310018903592,M15,strict,IS,adx_only
8,624,112,0.1794871794871795,M15,strict,IS,adx_only
9,662,126,0.1903323262839879,M15,strict,IS,adx_only
10,633,137,0.21642969984202212,M15,strict,IS,adx_only
11,556,156,0.2805755395683453,M15,strict,IS,adx_only
12,601,163,0.27121464226289516,M15,strict,IS,adx_only
13,617,128,0.20745542949756887,M15,strict,IS,adx_only
14,581,112,0.1927710843373494,M15,strict,IS,adx_only
15,517,79,0.1528046421663443,M15,strict,IS,adx_only
16,297,69,0.23232323232323232,M15,strict,IS,adx_only
17,226,55,0.24336283185840707,M15,strict,IS,adx_only
18,211,56,0.26540284360189575,M15,strict,IS,adx_only
19,330,66,0.2,M15,strict,IS,adx_only
20,352,65,0.1846590909090909,M15,strict,IS,adx_only
21,339,49,0.14454277286135694,M15,strict,IS,adx_only
22,306,53,0.17320261437908496,M15,strict,IS,adx_only
23,253,47,0.1857707509881423,M15,strict,IS,adx_only
0,227,5,0.022026431718061675,M15,strict,IS,volume_atr
1,469,13,0.02771855010660981,M15,strict,IS,volume_atr
2,538,33,0.06133828996282528,M15,strict,IS,volume_atr
3,597,87,0.1457286432160804,M15,strict,IS,volume_atr
4,601,91,0.15141430948419302,M15,strict,IS,volume_atr
5,530,27,0.0509433962264151,M15,strict,IS,volume_atr
6,514,12,0.023346303501945526,M15,strict,IS,volume_atr
7,529,28,0.052930056710775046,M15,strict,IS,volume_atr
8,624,95,0.15224358974358973,M15,strict,IS,volume_atr
9,662,233,0.35196374622356497,M15,strict,IS,volume_atr
10,633,227,0.358609794628752,M15,strict,IS,volume_atr
11,556,161,0.289568345323741,M15,strict,IS,volume_atr
12,601,140,0.23294509151414308,M15,strict,IS,volume_atr
13,617,185,0.29983792544570503,M15,strict,IS,volume_atr
14,581,336,0.5783132530120482,M15,strict,IS,volume_atr
15,517,384,0.7427466150870407,M15,strict,IS,volume_atr
16,297,225,0.7575757575757576,M15,strict,IS,volume_atr
17,226,134,0.5929203539823009,M15,strict,IS,volume_atr
18,211,92,0.43601895734597157,M15,strict,IS,volume_atr
19,330,98,0.296969696969697,M15,strict,IS,volume_atr
20,352,73,0.20738636363636365,M15,strict,IS,volume_atr
21,339,56,0.16519174041297935,M15,strict,IS,volume_atr
22,306,26,0.08496732026143791,M15,strict,IS,volume_atr
23,253,3,0.011857707509881422,M15,strict,IS,volume_atr
0,227,0,0.0,M15,strict,IS,adaptive_quality
1,469,6,0.01279317697228145,M15,strict,IS,adaptive_quality
2,538,7,0.013011152416356878,M15,strict,IS,adaptive_quality
3,597,13,0.021775544388609715,M15,strict,IS,adaptive_quality
4,601,21,0.03494176372712146,M15,strict,IS,adaptive_quality
5,530,5,0.009433962264150943,M15,strict,IS,adaptive_quality
6,514,0,0.0,M15,strict,IS,adaptive_quality
7,529,11,0.020793950850661626,M15,strict,IS,adaptive_quality
8,624,18,0.028846153846153848,M15,strict,IS,adaptive_quality
9,662,40,0.06042296072507553,M15,strict,IS,adaptive_quality
10,633,53,0.08372827804107424,M15,strict,IS,adaptive_quality
11,556,61,0.10971223021582734,M15,strict,IS,adaptive_quality
12,601,44,0.07321131447587355,M15,strict,IS,adaptive_quality
13,617,41,0.06645056726094004,M15,strict,IS,adaptive_quality
14,581,66,0.11359724612736662,M15,strict,IS,adaptive_quality
15,517,54,0.10444874274661509,M15,strict,IS,adaptive_quality
16,297,51,0.1717171717171717,M15,strict,IS,adaptive_quality
17,226,37,0.16371681415929204,M15,strict,IS,adaptive_quality
18,211,23,0.10900473933649289,M15,strict,IS,adaptive_quality
19,330,15,0.045454545454545456,M15,strict,IS,adaptive_quality
20,352,14,0.03977272727272727,M15,strict,IS,adaptive_quality
21,339,20,0.058997050147492625,M15,strict,IS,adaptive_quality
22,306,8,0.026143790849673203,M15,strict,IS,adaptive_quality
23,253,3,0.011857707509881422,M15,strict,IS,adaptive_quality
0,227,0,0.0,M15,strict,IS,session_plus_adaptive
1,469,0,0.0,M15,strict,IS,session_plus_adaptive
2,538,0,0.0,M15,strict,IS,session_plus_adaptive
3,597,0,0.0,M15,strict,IS,session_plus_adaptive
4,601,0,0.0,M15,strict,IS,session_plus_adaptive
5,530,0,0.0,M15,strict,IS,session_plus_adaptive
6,514,0,0.0,M15,strict,IS,session_plus_adaptive
7,529,11,0.020793950850661626,M15,strict,IS,session_plus_adaptive
8,624,18,0.028846153846153848,M15,strict,IS,session_plus_adaptive
9,662,40,0.06042296072507553,M15,strict,IS,session_plus_adaptive
10,633,53,0.08372827804107424,M15,strict,IS,session_plus_adaptive
11,556,61,0.10971223021582734,M15,strict,IS,session_plus_adaptive
12,601,44,0.07321131447587355,M15,strict,IS,session_plus_adaptive
13,617,41,0.06645056726094004,M15,strict,IS,session_plus_adaptive
14,581,66,0.11359724612736662,M15,strict,IS,session_plus_adaptive
15,517,54,0.10444874274661509,M15,strict,IS,session_plus_adaptive
16,297,51,0.1717171717171717,M15,strict,IS,session_plus_adaptive
17,226,37,0.16371681415929204,M15,strict,IS,session_plus_adaptive
18,211,23,0.10900473933649289,M15,strict,IS,session_plus_adaptive
19,330,15,0.045454545454545456,M15,strict,IS,session_plus_adaptive
20,352,14,0.03977272727272727,M15,strict,IS,session_plus_adaptive
21,339,0,0.0,M15,strict,IS,session_plus_adaptive
22,306,0,0.0,M15,strict,IS,session_plus_adaptive
23,253,0,0.0,M15,strict,IS,session_plus_adaptive
0,17,17,1.0,M15,strict,OOS,baseline_all_day
1,143,143,1.0,M15,strict,OOS,baseline_all_day
2,137,137,1.0,M15,strict,OOS,baseline_all_day
3,164,164,1.0,M15,strict,OOS,baseline_all_day
4,170,170,1.0,M15,strict,OOS,baseline_all_day
5,162,162,1.0,M15,strict,OOS,baseline_all_day
6,134,134,1.0,M15,strict,OOS,baseline_all_day
7,135,135,1.0,M15,strict,OOS,baseline_all_day
8,138,138,1.0,M15,strict,OOS,baseline_all_day
9,148,148,1.0,M15,strict,OOS,baseline_all_day
10,151,151,1.0,M15,strict,OOS,baseline_all_day
11,168,168,1.0,M15,strict,OOS,baseline_all_day
12,126,126,1.0,M15,strict,OOS,baseline_all_day
13,125,125,1.0,M15,strict,OOS,baseline_all_day
14,143,143,1.0,M15,strict,OOS,baseline_all_day
15,154,154,1.0,M15,strict,OOS,baseline_all_day
16,152,152,1.0,M15,strict,OOS,baseline_all_day
17,110,110,1.0,M15,strict,OOS,baseline_all_day
18,89,89,1.0,M15,strict,OOS,baseline_all_day
19,87,87,1.0,M15,strict,OOS,baseline_all_day
20,115,115,1.0,M15,strict,OOS,baseline_all_day
21,96,96,1.0,M15,strict,OOS,baseline_all_day
22,114,114,1.0,M15,strict,OOS,baseline_all_day
23,114,114,1.0,M15,strict,OOS,baseline_all_day
0,17,0,0.0,M15,strict,OOS,session_only
1,143,0,0.0,M15,strict,OOS,session_only
2,137,0,0.0,M15,strict,OOS,session_only
3,164,0,0.0,M15,strict,OOS,session_only
4,170,0,0.0,M15,strict,OOS,session_only
5,162,0,0.0,M15,strict,OOS,session_only
6,134,0,0.0,M15,strict,OOS,session_only
7,135,135,1.0,M15,strict,OOS,session_only
8,138,138,1.0,M15,strict,OOS,session_only
9,148,148,1.0,M15,strict,OOS,session_only
10,151,151,1.0,M15,strict,OOS,session_only
11,168,168,1.0,M15,strict,OOS,session_only
12,126,126,1.0,M15,strict,OOS,session_only
13,125,125,1.0,M15,strict,OOS,session_only
14,143,143,1.0,M15,strict,OOS,session_only
15,154,154,1.0,M15,strict,OOS,session_only
16,152,152,1.0,M15,strict,OOS,session_only
17,110,110,1.0,M15,strict,OOS,session_only
18,89,89,1.0,M15,strict,OOS,session_only
19,87,87,1.0,M15,strict,OOS,session_only
20,115,115,1.0,M15,strict,OOS,session_only
21,96,0,0.0,M15,strict,OOS,session_only
22,114,0,0.0,M15,strict,OOS,session_only
23,114,0,0.0,M15,strict,OOS,session_only
0,17,0,0.0,M15,strict,OOS,volume_only
1,143,3,0.02097902097902098,M15,strict,OOS,volume_only
2,137,9,0.06569343065693431,M15,strict,OOS,volume_only
3,164,77,0.4695121951219512,M15,strict,OOS,volume_only
4,170,95,0.5588235294117647,M15,strict,OOS,volume_only
5,162,39,0.24074074074074073,M15,strict,OOS,volume_only
6,134,18,0.13432835820895522,M15,strict,OOS,volume_only
7,135,26,0.1925925925925926,M15,strict,OOS,volume_only
8,138,52,0.37681159420289856,M15,strict,OOS,volume_only
9,148,53,0.3581081081081081,M15,strict,OOS,volume_only
10,151,54,0.3576158940397351,M15,strict,OOS,volume_only
11,168,52,0.30952380952380953,M15,strict,OOS,volume_only
12,126,27,0.21428571428571427,M15,strict,OOS,volume_only
13,125,35,0.28,M15,strict,OOS,volume_only
14,143,54,0.3776223776223776,M15,strict,OOS,volume_only
15,154,121,0.7857142857142857,M15,strict,OOS,volume_only
16,152,136,0.8947368421052632,M15,strict,OOS,volume_only
17,110,107,0.9727272727272728,M15,strict,OOS,volume_only
18,89,78,0.8764044943820225,M15,strict,OOS,volume_only
19,87,47,0.5402298850574713,M15,strict,OOS,volume_only
20,115,40,0.34782608695652173,M15,strict,OOS,volume_only
21,96,34,0.3541666666666667,M15,strict,OOS,volume_only
22,114,37,0.32456140350877194,M15,strict,OOS,volume_only
23,114,3,0.02631578947368421,M15,strict,OOS,volume_only
0,17,8,0.47058823529411764,M15,strict,OOS,atr_only
1,143,69,0.4825174825174825,M15,strict,OOS,atr_only
2,137,67,0.48905109489051096,M15,strict,OOS,atr_only
3,164,100,0.6097560975609756,M15,strict,OOS,atr_only
4,170,107,0.6294117647058823,M15,strict,OOS,atr_only
5,162,101,0.6234567901234568,M15,strict,OOS,atr_only
6,134,74,0.5522388059701493,M15,strict,OOS,atr_only
7,135,65,0.48148148148148145,M15,strict,OOS,atr_only
8,138,61,0.4420289855072464,M15,strict,OOS,atr_only
9,148,79,0.5337837837837838,M15,strict,OOS,atr_only
10,151,101,0.6688741721854304,M15,strict,OOS,atr_only
11,168,110,0.6547619047619048,M15,strict,OOS,atr_only
12,126,74,0.5873015873015873,M15,strict,OOS,atr_only
13,125,67,0.536,M15,strict,OOS,atr_only
14,143,84,0.5874125874125874,M15,strict,OOS,atr_only
15,154,110,0.7142857142857143,M15,strict,OOS,atr_only
16,152,123,0.8092105263157895,M15,strict,OOS,atr_only
17,110,84,0.7636363636363637,M15,strict,OOS,atr_only
18,89,65,0.7303370786516854,M15,strict,OOS,atr_only
19,87,67,0.7701149425287356,M15,strict,OOS,atr_only
20,115,85,0.7391304347826086,M15,strict,OOS,atr_only
21,96,68,0.7083333333333334,M15,strict,OOS,atr_only
22,114,76,0.6666666666666666,M15,strict,OOS,atr_only
23,114,59,0.5175438596491229,M15,strict,OOS,atr_only
0,17,6,0.35294117647058826,M15,strict,OOS,adx_only
1,143,27,0.1888111888111888,M15,strict,OOS,adx_only
2,137,23,0.1678832116788321,M15,strict,OOS,adx_only
3,164,16,0.0975609756097561,M15,strict,OOS,adx_only
4,170,15,0.08823529411764706,M15,strict,OOS,adx_only
5,162,29,0.17901234567901234,M15,strict,OOS,adx_only
6,134,32,0.23880597014925373,M15,strict,OOS,adx_only
7,135,37,0.2740740740740741,M15,strict,OOS,adx_only
8,138,20,0.14492753623188406,M15,strict,OOS,adx_only
9,148,18,0.12162162162162163,M15,strict,OOS,adx_only
10,151,29,0.19205298013245034,M15,strict,OOS,adx_only
11,168,41,0.24404761904761904,M15,strict,OOS,adx_only
12,126,26,0.20634920634920634,M15,strict,OOS,adx_only
13,125,23,0.184,M15,strict,OOS,adx_only
14,143,25,0.17482517482517482,M15,strict,OOS,adx_only
15,154,26,0.16883116883116883,M15,strict,OOS,adx_only
16,152,25,0.16447368421052633,M15,strict,OOS,adx_only
17,110,24,0.21818181818181817,M15,strict,OOS,adx_only
18,89,18,0.20224719101123595,M15,strict,OOS,adx_only
19,87,11,0.12643678160919541,M15,strict,OOS,adx_only
20,115,23,0.2,M15,strict,OOS,adx_only
21,96,27,0.28125,M15,strict,OOS,adx_only
22,114,28,0.24561403508771928,M15,strict,OOS,adx_only
23,114,23,0.20175438596491227,M15,strict,OOS,adx_only
0,17,0,0.0,M15,strict,OOS,volume_atr
1,143,1,0.006993006993006993,M15,strict,OOS,volume_atr
2,137,6,0.043795620437956206,M15,strict,OOS,volume_atr
3,164,54,0.32926829268292684,M15,strict,OOS,volume_atr
4,170,68,0.4,M15,strict,OOS,volume_atr
5,162,35,0.21604938271604937,M15,strict,OOS,volume_atr
6,134,16,0.11940298507462686,M15,strict,OOS,volume_atr
7,135,18,0.13333333333333333,M15,strict,OOS,volume_atr
8,138,32,0.2318840579710145,M15,strict,OOS,volume_atr
9,148,39,0.2635135135135135,M15,strict,OOS,volume_atr
10,151,47,0.31125827814569534,M15,strict,OOS,volume_atr
11,168,41,0.24404761904761904,M15,strict,OOS,volume_atr
12,126,19,0.15079365079365079,M15,strict,OOS,volume_atr
13,125,27,0.216,M15,strict,OOS,volume_atr
14,143,42,0.2937062937062937,M15,strict,OOS,volume_atr
15,154,92,0.5974025974025974,M15,strict,OOS,volume_atr
16,152,116,0.7631578947368421,M15,strict,OOS,volume_atr
17,110,83,0.7545454545454545,M15,strict,OOS,volume_atr
18,89,57,0.6404494382022472,M15,strict,OOS,volume_atr
19,87,38,0.4367816091954023,M15,strict,OOS,volume_atr
20,115,33,0.28695652173913044,M15,strict,OOS,volume_atr
21,96,26,0.2708333333333333,M15,strict,OOS,volume_atr
22,114,30,0.2631578947368421,M15,strict,OOS,volume_atr
23,114,3,0.02631578947368421,M15,strict,OOS,volume_atr
0,17,0,0.0,M15,strict,OOS,adaptive_quality
1,143,0,0.0,M15,strict,OOS,adaptive_quality
2,137,3,0.021897810218978103,M15,strict,OOS,adaptive_quality
3,164,9,0.054878048780487805,M15,strict,OOS,adaptive_quality
4,170,10,0.058823529411764705,M15,strict,OOS,adaptive_quality
5,162,9,0.05555555555555555,M15,strict,OOS,adaptive_quality
6,134,0,0.0,M15,strict,OOS,adaptive_quality
7,135,2,0.014814814814814815,M15,strict,OOS,adaptive_quality
8,138,6,0.043478260869565216,M15,strict,OOS,adaptive_quality
9,148,6,0.04054054054054054,M15,strict,OOS,adaptive_quality
10,151,6,0.039735099337748346,M15,strict,OOS,adaptive_quality
11,168,10,0.05952380952380952,M15,strict,OOS,adaptive_quality
12,126,6,0.047619047619047616,M15,strict,OOS,adaptive_quality
13,125,8,0.064,M15,strict,OOS,adaptive_quality
14,143,10,0.06993006993006994,M15,strict,OOS,adaptive_quality
15,154,15,0.09740259740259741,M15,strict,OOS,adaptive_quality
16,152,21,0.13815789473684212,M15,strict,OOS,adaptive_quality
17,110,22,0.2,M15,strict,OOS,adaptive_quality
18,89,15,0.16853932584269662,M15,strict,OOS,adaptive_quality
19,87,7,0.08045977011494253,M15,strict,OOS,adaptive_quality
20,115,6,0.05217391304347826,M15,strict,OOS,adaptive_quality
21,96,7,0.07291666666666667,M15,strict,OOS,adaptive_quality
22,114,8,0.07017543859649122,M15,strict,OOS,adaptive_quality
23,114,1,0.008771929824561403,M15,strict,OOS,adaptive_quality
0,17,0,0.0,M15,strict,OOS,session_plus_adaptive
1,143,0,0.0,M15,strict,OOS,session_plus_adaptive
2,137,0,0.0,M15,strict,OOS,session_plus_adaptive
3,164,0,0.0,M15,strict,OOS,session_plus_adaptive
4,170,0,0.0,M15,strict,OOS,session_plus_adaptive
5,162,0,0.0,M15,strict,OOS,session_plus_adaptive
6,134,0,0.0,M15,strict,OOS,session_plus_adaptive
7,135,2,0.014814814814814815,M15,strict,OOS,session_plus_adaptive
8,138,6,0.043478260869565216,M15,strict,OOS,session_plus_adaptive
9,148,6,0.04054054054054054,M15,strict,OOS,session_plus_adaptive
10,151,6,0.039735099337748346,M15,strict,OOS,session_plus_adaptive
11,168,10,0.05952380952380952,M15,strict,OOS,session_plus_adaptive
12,126,6,0.047619047619047616,M15,strict,OOS,session_plus_adaptive
13,125,8,0.064,M15,strict,OOS,session_plus_adaptive
14,143,10,0.06993006993006994,M15,strict,OOS,session_plus_adaptive
15,154,15,0.09740259740259741,M15,strict,OOS,session_plus_adaptive
16,152,21,0.13815789473684212,M15,strict,OOS,session_plus_adaptive
17,110,22,0.2,M15,strict,OOS,session_plus_adaptive
18,89,15,0.16853932584269662,M15,strict,OOS,session_plus_adaptive
19,87,7,0.08045977011494253,M15,strict,OOS,session_plus_adaptive
20,115,6,0.05217391304347826,M15,strict,OOS,session_plus_adaptive
21,96,0,0.0,M15,strict,OOS,session_plus_adaptive
22,114,0,0.0,M15,strict,OOS,session_plus_adaptive
23,114,0,0.0,M15,strict,OOS,session_plus_adaptive
0,788,788,1.0,M5,loose,IS,baseline_all_day
1,1552,1552,1.0,M5,loose,IS,baseline_all_day
2,1664,1664,1.0,M5,loose,IS,baseline_all_day
3,1591,1591,1.0,M5,loose,IS,baseline_all_day
4,1593,1593,1.0,M5,loose,IS,baseline_all_day
5,1574,1574,1.0,M5,loose,IS,baseline_all_day
6,1535,1535,1.0,M5,loose,IS,baseline_all_day
7,1776,1776,1.0,M5,loose,IS,baseline_all_day
8,1687,1687,1.0,M5,loose,IS,baseline_all_day
9,1633,1633,1.0,M5,loose,IS,baseline_all_day
10,1564,1564,1.0,M5,loose,IS,baseline_all_day
11,1590,1590,1.0,M5,loose,IS,baseline_all_day
12,1893,1893,1.0,M5,loose,IS,baseline_all_day
13,1906,1906,1.0,M5,loose,IS,baseline_all_day
14,1413,1413,1.0,M5,loose,IS,baseline_all_day
15,825,825,1.0,M5,loose,IS,baseline_all_day
16,361,361,1.0,M5,loose,IS,baseline_all_day
17,494,494,1.0,M5,loose,IS,baseline_all_day
18,1220,1220,1.0,M5,loose,IS,baseline_all_day
19,1782,1782,1.0,M5,loose,IS,baseline_all_day
20,1626,1626,1.0,M5,loose,IS,baseline_all_day
21,1503,1503,1.0,M5,loose,IS,baseline_all_day
22,1426,1426,1.0,M5,loose,IS,baseline_all_day
23,1082,1082,1.0,M5,loose,IS,baseline_all_day
0,788,0,0.0,M5,loose,IS,session_only
1,1552,0,0.0,M5,loose,IS,session_only
2,1664,0,0.0,M5,loose,IS,session_only
3,1591,0,0.0,M5,loose,IS,session_only
4,1593,0,0.0,M5,loose,IS,session_only
5,1574,0,0.0,M5,loose,IS,session_only
6,1535,0,0.0,M5,loose,IS,session_only
7,1776,1776,1.0,M5,loose,IS,session_only
8,1687,1687,1.0,M5,loose,IS,session_only
9,1633,1633,1.0,M5,loose,IS,session_only
10,1564,1564,1.0,M5,loose,IS,session_only
11,1590,1590,1.0,M5,loose,IS,session_only
12,1893,1893,1.0,M5,loose,IS,session_only
13,1906,1906,1.0,M5,loose,IS,session_only
14,1413,1413,1.0,M5,loose,IS,session_only
15,825,825,1.0,M5,loose,IS,session_only
16,361,361,1.0,M5,loose,IS,session_only
17,494,494,1.0,M5,loose,IS,session_only
18,1220,1220,1.0,M5,loose,IS,session_only
19,1782,1782,1.0,M5,loose,IS,session_only
20,1626,1626,1.0,M5,loose,IS,session_only
21,1503,0,0.0,M5,loose,IS,session_only
22,1426,0,0.0,M5,loose,IS,session_only
23,1082,0,0.0,M5,loose,IS,session_only
0,788,81,0.10279187817258884,M5,loose,IS,volume_only
1,1552,204,0.13144329896907217,M5,loose,IS,volume_only
2,1664,671,0.4032451923076923,M5,loose,IS,volume_only
3,1591,1051,0.6605908233815211,M5,loose,IS,volume_only
4,1593,1048,0.6578782172002511,M5,loose,IS,volume_only
5,1574,636,0.4040660736975858,M5,loose,IS,volume_only
6,1535,413,0.26905537459283385,M5,loose,IS,volume_only
7,1776,752,0.42342342342342343,M5,loose,IS,volume_only
8,1687,1193,0.7071724955542383,M5,loose,IS,volume_only
9,1633,1404,0.8597672994488671,M5,loose,IS,volume_only
10,1564,1313,0.8395140664961637,M5,loose,IS,volume_only
11,1590,1221,0.7679245283018868,M5,loose,IS,volume_only
12,1893,1315,0.6946645536185948,M5,loose,IS,volume_only
13,1906,1487,0.7801678908709339,M5,loose,IS,volume_only
14,1413,1266,0.8959660297239915,M5,loose,IS,volume_only
15,825,799,0.9684848484848485,M5,loose,IS,volume_only
16,361,350,0.9695290858725761,M5,loose,IS,volume_only
17,494,464,0.9392712550607287,M5,loose,IS,volume_only
18,1220,1099,0.9008196721311476,M5,loose,IS,volume_only
19,1782,1494,0.8383838383838383,M5,loose,IS,volume_only
20,1626,1204,0.7404674046740467,M5,loose,IS,volume_only
21,1503,850,0.5655355954757152,M5,loose,IS,volume_only
22,1426,487,0.34151472650771386,M5,loose,IS,volume_only
23,1082,79,0.07301293900184842,M5,loose,IS,volume_only
0,788,155,0.1967005076142132,M5,loose,IS,atr_only
1,1552,394,0.2538659793814433,M5,loose,IS,atr_only
2,1664,685,0.41165865384615385,M5,loose,IS,atr_only
3,1591,1167,0.7335009428032684,M5,loose,IS,atr_only
4,1593,1380,0.8662900188323918,M5,loose,IS,atr_only
5,1574,1236,0.7852604828462516,M5,loose,IS,atr_only
6,1535,1084,0.7061889250814333,M5,loose,IS,atr_only
7,1776,1358,0.7646396396396397,M5,loose,IS,atr_only
8,1687,1498,0.8879668049792531,M5,loose,IS,atr_only
9,1633,1620,0.9920391916717698,M5,loose,IS,atr_only
10,1564,1562,0.9987212276214834,M5,loose,IS,atr_only
11,1590,1587,0.9981132075471698,M5,loose,IS,atr_only
12,1893,1884,0.9952456418383518,M5,loose,IS,atr_only
13,1906,1893,0.9931794333683106,M5,loose,IS,atr_only
14,1413,1402,0.9922151450813871,M5,loose,IS,atr_only
15,825,817,0.9903030303030304,M5,loose,IS,atr_only
16,361,361,1.0,M5,loose,IS,atr_only
17,494,493,0.9979757085020243,M5,loose,IS,atr_only
18,1220,1216,0.9967213114754099,M5,loose,IS,atr_only
19,1782,1726,0.9685746352413019,M5,loose,IS,atr_only
20,1626,1279,0.7865928659286593,M5,loose,IS,atr_only
21,1503,858,0.5708582834331337,M5,loose,IS,atr_only
22,1426,454,0.31837307152875177,M5,loose,IS,atr_only
23,1082,235,0.21719038817005545,M5,loose,IS,atr_only
0,788,605,0.7677664974619289,M5,loose,IS,adx_only
1,1552,1141,0.7351804123711341,M5,loose,IS,adx_only
2,1664,1249,0.7506009615384616,M5,loose,IS,adx_only
3,1591,1170,0.7353865493400377,M5,loose,IS,adx_only
4,1593,1172,0.7357187696170747,M5,loose,IS,adx_only
5,1574,1191,0.7566709021601017,M5,loose,IS,adx_only
6,1535,1156,0.7530944625407167,M5,loose,IS,adx_only
7,1776,1329,0.7483108108108109,M5,loose,IS,adx_only
8,1687,1268,0.7516301126259632,M5,loose,IS,adx_only
9,1633,1254,0.7679118187385181,M5,loose,IS,adx_only
10,1564,1195,0.7640664961636828,M5,loose,IS,adx_only
11,1590,1168,0.7345911949685534,M5,loose,IS,adx_only
12,1893,1416,0.7480190174326465,M5,loose,IS,adx_only
13,1906,1369,0.7182581322140609,M5,loose,IS,adx_only
14,1413,1088,0.7699929228591649,M5,loose,IS,adx_only
15,825,586,0.7103030303030303,M5,loose,IS,adx_only
16,361,268,0.7423822714681441,M5,loose,IS,adx_only
17,494,380,0.7692307692307693,M5,loose,IS,adx_only
18,1220,964,0.7901639344262295,M5,loose,IS,adx_only
19,1782,1436,0.8058361391694725,M5,loose,IS,adx_only
20,1626,1298,0.7982779827798278,M5,loose,IS,adx_only
21,1503,1194,0.7944111776447106,M5,loose,IS,adx_only
22,1426,1134,0.7952314165497896,M5,loose,IS,adx_only
23,1082,871,0.8049907578558225,M5,loose,IS,adx_only
0,788,39,0.04949238578680203,M5,loose,IS,volume_atr
1,1552,104,0.06701030927835051,M5,loose,IS,volume_atr
2,1664,435,0.2614182692307692,M5,loose,IS,volume_atr
3,1591,897,0.5637963544940289,M5,loose,IS,volume_atr
4,1593,958,0.6013810420590081,M5,loose,IS,volume_atr
5,1574,591,0.3754764930114358,M5,loose,IS,volume_atr
6,1535,336,0.21889250814332248,M5,loose,IS,volume_atr
7,1776,658,0.3704954954954955,M5,loose,IS,volume_atr
8,1687,1128,0.6686425607587433,M5,loose,IS,volume_atr
9,1633,1392,0.8524188609920392,M5,loose,IS,volume_atr
10,1564,1311,0.8382352941176471,M5,loose,IS,volume_atr
11,1590,1221,0.7679245283018868,M5,loose,IS,volume_atr
12,1893,1312,0.6930797675647121,M5,loose,IS,volume_atr
13,1906,1483,0.7780692549842603,M5,loose,IS,volume_atr
14,1413,1259,0.8910120311394196,M5,loose,IS,volume_atr
15,825,793,0.9612121212121212,M5,loose,IS,volume_atr
16,361,350,0.9695290858725761,M5,loose,IS,volume_atr
17,494,464,0.9392712550607287,M5,loose,IS,volume_atr
18,1220,1096,0.898360655737705,M5,loose,IS,volume_atr
19,1782,1469,0.824354657687991,M5,loose,IS,volume_atr
20,1626,1037,0.6377613776137762,M5,loose,IS,volume_atr
21,1503,589,0.39188290086493677,M5,loose,IS,volume_atr
22,1426,265,0.18583450210378682,M5,loose,IS,volume_atr
23,1082,34,0.031423290203327174,M5,loose,IS,volume_atr
0,788,36,0.04568527918781726,M5,loose,IS,adaptive_quality
1,1552,74,0.04768041237113402,M5,loose,IS,adaptive_quality
2,1664,345,0.20733173076923078,M5,loose,IS,adaptive_quality
3,1591,675,0.42426147077309867,M5,loose,IS,adaptive_quality
4,1593,724,0.45448838669177655,M5,loose,IS,adaptive_quality
5,1574,457,0.2903430749682338,M5,loose,IS,adaptive_quality
6,1535,277,0.18045602605863192,M5,loose,IS,adaptive_quality
7,1776,494,0.27815315315315314,M5,loose,IS,adaptive_quality
8,1687,857,0.5080023710729105,M5,loose,IS,adaptive_quality
9,1633,1068,0.6540110226576853,M5,loose,IS,adaptive_quality
10,1564,1021,0.6528132992327366,M5,loose,IS,adaptive_quality
11,1590,911,0.5729559748427673,M5,loose,IS,adaptive_quality
12,1893,997,0.5266772319070259,M5,loose,IS,adaptive_quality
13,1906,1103,0.5786988457502623,M5,loose,IS,adaptive_quality
14,1413,988,0.6992215145081387,M5,loose,IS,adaptive_quality
15,825,567,0.6872727272727273,M5,loose,IS,adaptive_quality
16,361,259,0.7174515235457064,M5,loose,IS,adaptive_quality
17,494,354,0.7165991902834008,M5,loose,IS,adaptive_quality
18,1220,887,0.7270491803278688,M5,loose,IS,adaptive_quality
19,1782,1224,0.6868686868686869,M5,loose,IS,adaptive_quality
20,1626,837,0.514760147601476,M5,loose,IS,adaptive_quality
21,1503,484,0.32202262142381904,M5,loose,IS,adaptive_quality
22,1426,239,0.16760168302945302,M5,loose,IS,adaptive_quality
23,1082,30,0.027726432532347505,M5,loose,IS,adaptive_quality
0,788,0,0.0,M5,loose,IS,session_plus_adaptive
1,1552,0,0.0,M5,loose,IS,session_plus_adaptive
2,1664,0,0.0,M5,loose,IS,session_plus_adaptive
3,1591,0,0.0,M5,loose,IS,session_plus_adaptive
4,1593,0,0.0,M5,loose,IS,session_plus_adaptive
5,1574,0,0.0,M5,loose,IS,session_plus_adaptive
6,1535,0,0.0,M5,loose,IS,session_plus_adaptive
7,1776,494,0.27815315315315314,M5,loose,IS,session_plus_adaptive
8,1687,857,0.5080023710729105,M5,loose,IS,session_plus_adaptive
9,1633,1068,0.6540110226576853,M5,loose,IS,session_plus_adaptive
10,1564,1021,0.6528132992327366,M5,loose,IS,session_plus_adaptive
11,1590,911,0.5729559748427673,M5,loose,IS,session_plus_adaptive
12,1893,997,0.5266772319070259,M5,loose,IS,session_plus_adaptive
13,1906,1103,0.5786988457502623,M5,loose,IS,session_plus_adaptive
14,1413,988,0.6992215145081387,M5,loose,IS,session_plus_adaptive
15,825,567,0.6872727272727273,M5,loose,IS,session_plus_adaptive
16,361,259,0.7174515235457064,M5,loose,IS,session_plus_adaptive
17,494,354,0.7165991902834008,M5,loose,IS,session_plus_adaptive
18,1220,887,0.7270491803278688,M5,loose,IS,session_plus_adaptive
19,1782,1224,0.6868686868686869,M5,loose,IS,session_plus_adaptive
20,1626,837,0.514760147601476,M5,loose,IS,session_plus_adaptive
21,1503,0,0.0,M5,loose,IS,session_plus_adaptive
22,1426,0,0.0,M5,loose,IS,session_plus_adaptive
23,1082,0,0.0,M5,loose,IS,session_plus_adaptive
0,46,46,1.0,M5,loose,OOS,baseline_all_day
1,426,426,1.0,M5,loose,OOS,baseline_all_day
2,511,511,1.0,M5,loose,OOS,baseline_all_day
3,509,509,1.0,M5,loose,OOS,baseline_all_day
4,456,456,1.0,M5,loose,OOS,baseline_all_day
5,476,476,1.0,M5,loose,OOS,baseline_all_day
6,432,432,1.0,M5,loose,OOS,baseline_all_day
7,444,444,1.0,M5,loose,OOS,baseline_all_day
8,405,405,1.0,M5,loose,OOS,baseline_all_day
9,446,446,1.0,M5,loose,OOS,baseline_all_day
10,443,443,1.0,M5,loose,OOS,baseline_all_day
11,434,434,1.0,M5,loose,OOS,baseline_all_day
12,388,388,1.0,M5,loose,OOS,baseline_all_day
13,404,404,1.0,M5,loose,OOS,baseline_all_day
14,487,487,1.0,M5,loose,OOS,baseline_all_day
15,398,398,1.0,M5,loose,OOS,baseline_all_day
16,253,253,1.0,M5,loose,OOS,baseline_all_day
17,86,86,1.0,M5,loose,OOS,baseline_all_day
18,220,220,1.0,M5,loose,OOS,baseline_all_day
19,385,385,1.0,M5,loose,OOS,baseline_all_day
20,458,458,1.0,M5,loose,OOS,baseline_all_day
21,370,370,1.0,M5,loose,OOS,baseline_all_day
22,432,432,1.0,M5,loose,OOS,baseline_all_day
23,357,357,1.0,M5,loose,OOS,baseline_all_day
0,46,0,0.0,M5,loose,OOS,session_only
1,426,0,0.0,M5,loose,OOS,session_only
2,511,0,0.0,M5,loose,OOS,session_only
3,509,0,0.0,M5,loose,OOS,session_only
4,456,0,0.0,M5,loose,OOS,session_only
5,476,0,0.0,M5,loose,OOS,session_only
6,432,0,0.0,M5,loose,OOS,session_only
7,444,444,1.0,M5,loose,OOS,session_only
8,405,405,1.0,M5,loose,OOS,session_only
9,446,446,1.0,M5,loose,OOS,session_only
10,443,443,1.0,M5,loose,OOS,session_only
11,434,434,1.0,M5,loose,OOS,session_only
12,388,388,1.0,M5,loose,OOS,session_only
13,404,404,1.0,M5,loose,OOS,session_only
14,487,487,1.0,M5,loose,OOS,session_only
15,398,398,1.0,M5,loose,OOS,session_only
16,253,253,1.0,M5,loose,OOS,session_only
17,86,86,1.0,M5,loose,OOS,session_only
18,220,220,1.0,M5,loose,OOS,session_only
19,385,385,1.0,M5,loose,OOS,session_only
20,458,458,1.0,M5,loose,OOS,session_only
21,370,0,0.0,M5,loose,OOS,session_only
22,432,0,0.0,M5,loose,OOS,session_only
23,357,0,0.0,M5,loose,OOS,session_only
0,46,15,0.32608695652173914,M5,loose,OOS,volume_only
1,426,69,0.1619718309859155,M5,loose,OOS,volume_only
2,511,163,0.31898238747553814,M5,loose,OOS,volume_only
3,509,392,0.7701375245579568,M5,loose,OOS,volume_only
4,456,387,0.8486842105263158,M5,loose,OOS,volume_only
5,476,282,0.592436974789916,M5,loose,OOS,volume_only
6,432,155,0.3587962962962963,M5,loose,OOS,volume_only
7,444,175,0.39414414414414417,M5,loose,OOS,volume_only
8,405,279,0.6888888888888889,M5,loose,OOS,volume_only
9,446,311,0.6973094170403588,M5,loose,OOS,volume_only
10,443,352,0.7945823927765236,M5,loose,OOS,volume_only
11,434,303,0.6981566820276498,M5,loose,OOS,volume_only
12,388,245,0.6314432989690721,M5,loose,OOS,volume_only
13,404,219,0.5420792079207921,M5,loose,OOS,volume_only
14,487,353,0.7248459958932238,M5,loose,OOS,volume_only
15,398,369,0.9271356783919598,M5,loose,OOS,volume_only
16,253,244,0.9644268774703557,M5,loose,OOS,volume_only
17,86,84,0.9767441860465116,M5,loose,OOS,volume_only
18,220,207,0.9409090909090909,M5,loose,OOS,volume_only
19,385,322,0.8363636363636363,M5,loose,OOS,volume_only
20,458,372,0.8122270742358079,M5,loose,OOS,volume_only
21,370,269,0.727027027027027,M5,loose,OOS,volume_only
22,432,281,0.6504629629629629,M5,loose,OOS,volume_only
23,357,44,0.12324929971988796,M5,loose,OOS,volume_only
0,46,39,0.8478260869565217,M5,loose,OOS,atr_only
1,426,271,0.636150234741784,M5,loose,OOS,atr_only
2,511,355,0.6947162426614482,M5,loose,OOS,atr_only
3,509,473,0.9292730844793713,M5,loose,OOS,atr_only
4,456,448,0.9824561403508771,M5,loose,OOS,atr_only
5,476,449,0.9432773109243697,M5,loose,OOS,atr_only
6,432,376,0.8703703703703703,M5,loose,OOS,atr_only
7,444,371,0.8355855855855856,M5,loose,OOS,atr_only
8,405,348,0.8592592592592593,M5,loose,OOS,atr_only
9,446,409,0.9170403587443946,M5,loose,OOS,atr_only
10,443,430,0.9706546275395034,M5,loose,OOS,atr_only
11,434,420,0.967741935483871,M5,loose,OOS,atr_only
12,388,374,0.9639175257731959,M5,loose,OOS,atr_only
13,404,386,0.9554455445544554,M5,loose,OOS,atr_only
14,487,469,0.9630390143737166,M5,loose,OOS,atr_only
15,398,391,0.9824120603015075,M5,loose,OOS,atr_only
16,253,253,1.0,M5,loose,OOS,atr_only
17,86,86,1.0,M5,loose,OOS,atr_only
18,220,220,1.0,M5,loose,OOS,atr_only
19,385,383,0.9948051948051948,M5,loose,OOS,atr_only
20,458,439,0.9585152838427947,M5,loose,OOS,atr_only
21,370,279,0.754054054054054,M5,loose,OOS,atr_only
22,432,263,0.6087962962962963,M5,loose,OOS,atr_only
23,357,156,0.4369747899159664,M5,loose,OOS,atr_only
0,46,41,0.8913043478260869,M5,loose,OOS,adx_only
1,426,324,0.7605633802816901,M5,loose,OOS,adx_only
2,511,385,0.7534246575342466,M5,loose,OOS,adx_only
3,509,369,0.724950884086444,M5,loose,OOS,adx_only
4,456,306,0.6710526315789473,M5,loose,OOS,adx_only
5,476,338,0.7100840336134454,M5,loose,OOS,adx_only
6,432,340,0.7870370370370371,M5,loose,OOS,adx_only
7,444,333,0.75,M5,loose,OOS,adx_only
8,405,277,0.6839506172839506,M5,loose,OOS,adx_only
9,446,318,0.7130044843049327,M5,loose,OOS,adx_only
10,443,343,0.7742663656884876,M5,loose,OOS,adx_only
11,434,309,0.7119815668202765,M5,loose,OOS,adx_only
12,388,317,0.8170103092783505,M5,loose,OOS,adx_only
13,404,311,0.7698019801980198,M5,loose,OOS,adx_only
14,487,340,0.6981519507186859,M5,loose,OOS,adx_only
15,398,276,0.6934673366834171,M5,loose,OOS,adx_only
16,253,158,0.6245059288537549,M5,loose,OOS,adx_only
17,86,49,0.5697674418604651,M5,loose,OOS,adx_only
18,220,169,0.7681818181818182,M5,loose,OOS,adx_only
19,385,301,0.7818181818181819,M5,loose,OOS,adx_only
20,458,339,0.740174672489083,M5,loose,OOS,adx_only
21,370,294,0.7945945945945946,M5,loose,OOS,adx_only
22,432,328,0.7592592592592593,M5,loose,OOS,adx_only
23,357,254,0.711484593837535,M5,loose,OOS,adx_only
0,46,14,0.30434782608695654,M5,loose,OOS,volume_atr
1,426,63,0.14788732394366197,M5,loose,OOS,volume_atr
2,511,156,0.30528375733855184,M5,loose,OOS,volume_atr
3,509,379,0.7445972495088409,M5,loose,OOS,volume_atr
4,456,382,0.8377192982456141,M5,loose,OOS,volume_atr
5,476,279,0.5861344537815126,M5,loose,OOS,volume_atr
6,432,151,0.34953703703703703,M5,loose,OOS,volume_atr
7,444,161,0.36261261261261263,M5,loose,OOS,volume_atr
8,405,260,0.6419753086419753,M5,loose,OOS,volume_atr
9,446,293,0.6569506726457399,M5,loose,OOS,volume_atr
10,443,345,0.7787810383747178,M5,loose,OOS,volume_atr
11,434,296,0.6820276497695853,M5,loose,OOS,volume_atr
12,388,237,0.6108247422680413,M5,loose,OOS,volume_atr
13,404,210,0.5198019801980198,M5,loose,OOS,volume_atr
14,487,346,0.7104722792607803,M5,loose,OOS,volume_atr
15,398,368,0.9246231155778895,M5,loose,OOS,volume_atr
16,253,244,0.9644268774703557,M5,loose,OOS,volume_atr
17,86,84,0.9767441860465116,M5,loose,OOS,volume_atr
18,220,207,0.9409090909090909,M5,loose,OOS,volume_atr
19,385,321,0.8337662337662337,M5,loose,OOS,volume_atr
20,458,364,0.7947598253275109,M5,loose,OOS,volume_atr
21,370,226,0.6108108108108108,M5,loose,OOS,volume_atr
22,432,196,0.4537037037037037,M5,loose,OOS,volume_atr
23,357,37,0.10364145658263306,M5,loose,OOS,volume_atr
0,46,13,0.2826086956521739,M5,loose,OOS,adaptive_quality
1,426,50,0.11737089201877934,M5,loose,OOS,adaptive_quality
2,511,131,0.2563600782778865,M5,loose,OOS,adaptive_quality
3,509,281,0.5520628683693517,M5,loose,OOS,adaptive_quality
4,456,265,0.581140350877193,M5,loose,OOS,adaptive_quality
5,476,202,0.42436974789915966,M5,loose,OOS,adaptive_quality
6,432,122,0.2824074074074074,M5,loose,OOS,adaptive_quality
7,444,123,0.27702702702702703,M5,loose,OOS,adaptive_quality
8,405,190,0.4691358024691358,M5,loose,OOS,adaptive_quality
9,446,212,0.47533632286995514,M5,loose,OOS,adaptive_quality
10,443,262,0.5914221218961625,M5,loose,OOS,adaptive_quality
11,434,214,0.4930875576036866,M5,loose,OOS,adaptive_quality
12,388,204,0.5257731958762887,M5,loose,OOS,adaptive_quality
13,404,173,0.4282178217821782,M5,loose,OOS,adaptive_quality
14,487,243,0.4989733059548255,M5,loose,OOS,adaptive_quality
15,398,263,0.6608040201005025,M5,loose,OOS,adaptive_quality
16,253,156,0.616600790513834,M5,loose,OOS,adaptive_quality
17,86,47,0.5465116279069767,M5,loose,OOS,adaptive_quality
18,220,158,0.7181818181818181,M5,loose,OOS,adaptive_quality
19,385,245,0.6363636363636364,M5,loose,OOS,adaptive_quality
20,458,265,0.5786026200873362,M5,loose,OOS,adaptive_quality
21,370,183,0.4945945945945946,M5,loose,OOS,adaptive_quality
22,432,155,0.3587962962962963,M5,loose,OOS,adaptive_quality
23,357,29,0.08123249299719888,M5,loose,OOS,adaptive_quality
0,46,0,0.0,M5,loose,OOS,session_plus_adaptive
1,426,0,0.0,M5,loose,OOS,session_plus_adaptive
2,511,0,0.0,M5,loose,OOS,session_plus_adaptive
3,509,0,0.0,M5,loose,OOS,session_plus_adaptive
4,456,0,0.0,M5,loose,OOS,session_plus_adaptive
5,476,0,0.0,M5,loose,OOS,session_plus_adaptive
6,432,0,0.0,M5,loose,OOS,session_plus_adaptive
7,444,123,0.27702702702702703,M5,loose,OOS,session_plus_adaptive
8,405,190,0.4691358024691358,M5,loose,OOS,session_plus_adaptive
9,446,212,0.47533632286995514,M5,loose,OOS,session_plus_adaptive
10,443,262,0.5914221218961625,M5,loose,OOS,session_plus_adaptive
11,434,214,0.4930875576036866,M5,loose,OOS,session_plus_adaptive
12,388,204,0.5257731958762887,M5,loose,OOS,session_plus_adaptive
13,404,173,0.4282178217821782,M5,loose,OOS,session_plus_adaptive
14,487,243,0.4989733059548255,M5,loose,OOS,session_plus_adaptive
15,398,263,0.6608040201005025,M5,loose,OOS,session_plus_adaptive
16,253,156,0.616600790513834,M5,loose,OOS,session_plus_adaptive
17,86,47,0.5465116279069767,M5,loose,OOS,session_plus_adaptive
18,220,158,0.7181818181818181,M5,loose,OOS,session_plus_adaptive
19,385,245,0.6363636363636364,M5,loose,OOS,session_plus_adaptive
20,458,265,0.5786026200873362,M5,loose,OOS,session_plus_adaptive
21,370,0,0.0,M5,loose,OOS,session_plus_adaptive
22,432,0,0.0,M5,loose,OOS,session_plus_adaptive
23,357,0,0.0,M5,loose,OOS,session_plus_adaptive
0,788,788,1.0,M5,moderate,IS,baseline_all_day
1,1552,1552,1.0,M5,moderate,IS,baseline_all_day
2,1664,1664,1.0,M5,moderate,IS,baseline_all_day
3,1591,1591,1.0,M5,moderate,IS,baseline_all_day
4,1593,1593,1.0,M5,moderate,IS,baseline_all_day
5,1574,1574,1.0,M5,moderate,IS,baseline_all_day
6,1535,1535,1.0,M5,moderate,IS,baseline_all_day
7,1776,1776,1.0,M5,moderate,IS,baseline_all_day
8,1687,1687,1.0,M5,moderate,IS,baseline_all_day
9,1633,1633,1.0,M5,moderate,IS,baseline_all_day
10,1564,1564,1.0,M5,moderate,IS,baseline_all_day
11,1590,1590,1.0,M5,moderate,IS,baseline_all_day
12,1893,1893,1.0,M5,moderate,IS,baseline_all_day
13,1906,1906,1.0,M5,moderate,IS,baseline_all_day
14,1413,1413,1.0,M5,moderate,IS,baseline_all_day
15,825,825,1.0,M5,moderate,IS,baseline_all_day
16,361,361,1.0,M5,moderate,IS,baseline_all_day
17,494,494,1.0,M5,moderate,IS,baseline_all_day
18,1220,1220,1.0,M5,moderate,IS,baseline_all_day
19,1782,1782,1.0,M5,moderate,IS,baseline_all_day
20,1626,1626,1.0,M5,moderate,IS,baseline_all_day
21,1503,1503,1.0,M5,moderate,IS,baseline_all_day
22,1426,1426,1.0,M5,moderate,IS,baseline_all_day
23,1082,1082,1.0,M5,moderate,IS,baseline_all_day
0,788,0,0.0,M5,moderate,IS,session_only
1,1552,0,0.0,M5,moderate,IS,session_only
2,1664,0,0.0,M5,moderate,IS,session_only
3,1591,0,0.0,M5,moderate,IS,session_only
4,1593,0,0.0,M5,moderate,IS,session_only
5,1574,0,0.0,M5,moderate,IS,session_only
6,1535,0,0.0,M5,moderate,IS,session_only
7,1776,1776,1.0,M5,moderate,IS,session_only
8,1687,1687,1.0,M5,moderate,IS,session_only
9,1633,1633,1.0,M5,moderate,IS,session_only
10,1564,1564,1.0,M5,moderate,IS,session_only
11,1590,1590,1.0,M5,moderate,IS,session_only
12,1893,1893,1.0,M5,moderate,IS,session_only
13,1906,1906,1.0,M5,moderate,IS,session_only
14,1413,1413,1.0,M5,moderate,IS,session_only
15,825,825,1.0,M5,moderate,IS,session_only
16,361,361,1.0,M5,moderate,IS,session_only
17,494,494,1.0,M5,moderate,IS,session_only
18,1220,1220,1.0,M5,moderate,IS,session_only
19,1782,1782,1.0,M5,moderate,IS,session_only
20,1626,1626,1.0,M5,moderate,IS,session_only
21,1503,0,0.0,M5,moderate,IS,session_only
22,1426,0,0.0,M5,moderate,IS,session_only
23,1082,0,0.0,M5,moderate,IS,session_only
0,788,63,0.0799492385786802,M5,moderate,IS,volume_only
1,1552,151,0.09729381443298969,M5,moderate,IS,volume_only
2,1664,586,0.35216346153846156,M5,moderate,IS,volume_only
3,1591,944,0.5933375235700817,M5,moderate,IS,volume_only
4,1593,941,0.5907093534212178,M5,moderate,IS,volume_only
5,1574,512,0.3252858958068615,M5,moderate,IS,volume_only
6,1535,336,0.21889250814332248,M5,moderate,IS,volume_only
7,1776,634,0.356981981981982,M5,moderate,IS,volume_only
8,1687,1095,0.6490812092471844,M5,moderate,IS,volume_only
9,1633,1300,0.7960808328230251,M5,moderate,IS,volume_only
10,1564,1230,0.7864450127877238,M5,moderate,IS,volume_only
11,1590,1105,0.6949685534591195,M5,moderate,IS,volume_only
12,1893,1153,0.6090861067089276,M5,moderate,IS,volume_only
13,1906,1340,0.7030430220356768,M5,moderate,IS,volume_only
14,1413,1213,0.8584571832979476,M5,moderate,IS,volume_only
15,825,792,0.96,M5,moderate,IS,volume_only
16,361,348,0.96398891966759,M5,moderate,IS,volume_only
17,494,449,0.9089068825910931,M5,moderate,IS,volume_only
18,1220,1051,0.8614754098360655,M5,moderate,IS,volume_only
19,1782,1401,0.7861952861952862,M5,moderate,IS,volume_only
20,1626,1078,0.6629766297662977,M5,moderate,IS,volume_only
21,1503,731,0.4863606121091151,M5,moderate,IS,volume_only
22,1426,408,0.2861150070126227,M5,moderate,IS,volume_only
23,1082,62,0.05730129390018484,M5,moderate,IS,volume_only
0,788,116,0.14720812182741116,M5,moderate,IS,atr_only
1,1552,295,0.19007731958762886,M5,moderate,IS,atr_only
2,1664,549,0.32992788461538464,M5,moderate,IS,atr_only
3,1591,1027,0.6455059710873664,M5,moderate,IS,atr_only
4,1593,1252,0.7859384808537351,M5,moderate,IS,atr_only
5,1574,1054,0.6696315120711563,M5,moderate,IS,atr_only
6,1535,879,0.5726384364820847,M5,moderate,IS,atr_only
7,1776,1120,0.6306306306306306,M5,moderate,IS,atr_only
8,1687,1391,0.8245406046235921,M5,moderate,IS,atr_only
9,1633,1575,0.964482547458665,M5,moderate,IS,atr_only
10,1564,1547,0.9891304347826086,M5,moderate,IS,atr_only
11,1590,1570,0.9874213836477987,M5,moderate,IS,atr_only
12,1893,1855,0.9799260433174855,M5,moderate,IS,atr_only
13,1906,1855,0.9732423924449108,M5,moderate,IS,atr_only
14,1413,1379,0.9759377211606511,M5,moderate,IS,atr_only
15,825,813,0.9854545454545455,M5,moderate,IS,atr_only
16,361,361,1.0,M5,moderate,IS,atr_only
17,494,492,0.9959514170040485,M5,moderate,IS,atr_only
18,1220,1210,0.9918032786885246,M5,moderate,IS,atr_only
19,1782,1640,0.920314253647587,M5,moderate,IS,atr_only
20,1626,1053,0.6476014760147601,M5,moderate,IS,atr_only
21,1503,623,0.4145043246839654,M5,moderate,IS,atr_only
22,1426,284,0.19915848527349228,M5,moderate,IS,atr_only
23,1082,152,0.14048059149722736,M5,moderate,IS,atr_only
0,788,547,0.6941624365482234,M5,moderate,IS,adx_only
1,1552,999,0.6436855670103093,M5,moderate,IS,adx_only
2,1664,1140,0.6850961538461539,M5,moderate,IS,adx_only
3,1591,1025,0.6442489000628535,M5,moderate,IS,adx_only
4,1593,1005,0.6308851224105462,M5,moderate,IS,adx_only
5,1574,1016,0.6454891994917408,M5,moderate,IS,adx_only
6,1535,1032,0.6723127035830619,M5,moderate,IS,adx_only
7,1776,1191,0.6706081081081081,M5,moderate,IS,adx_only
8,1687,1131,0.6704208654416123,M5,moderate,IS,adx_only
9,1633,1117,0.6840171463563993,M5,moderate,IS,adx_only
10,1564,1061,0.678388746803069,M5,moderate,IS,adx_only
11,1590,1005,0.6320754716981132,M5,moderate,IS,adx_only
12,1893,1226,0.6476492340200739,M5,moderate,IS,adx_only
13,1906,1204,0.6316894018887723,M5,moderate,IS,adx_only
14,1413,965,0.6829440905874027,M5,moderate,IS,adx_only
15,825,510,0.6181818181818182,M5,moderate,IS,adx_only
16,361,216,0.5983379501385041,M5,moderate,IS,adx_only
17,494,336,0.680161943319838,M5,moderate,IS,adx_only
18,1220,880,0.7213114754098361,M5,moderate,IS,adx_only
19,1782,1327,0.744668911335578,M5,moderate,IS,adx_only
20,1626,1129,0.6943419434194342,M5,moderate,IS,adx_only
21,1503,1084,0.7212242182302062,M5,moderate,IS,adx_only
22,1426,1062,0.7447405329593267,M5,moderate,IS,adx_only
23,1082,769,0.710720887245841,M5,moderate,IS,adx_only
0,788,28,0.03553299492385787,M5,moderate,IS,volume_atr
1,1552,69,0.04445876288659794,M5,moderate,IS,volume_atr
2,1664,333,0.20012019230769232,M5,moderate,IS,volume_atr
3,1591,743,0.46700188560653677,M5,moderate,IS,volume_atr
4,1593,810,0.5084745762711864,M5,moderate,IS,volume_atr
5,1574,453,0.2878017789072427,M5,moderate,IS,volume_atr
6,1535,256,0.16677524429967427,M5,moderate,IS,volume_atr
7,1776,497,0.27984234234234234,M5,moderate,IS,volume_atr
8,1687,988,0.5856550088915234,M5,moderate,IS,volume_atr
9,1633,1260,0.771586037966932,M5,moderate,IS,volume_atr
10,1564,1219,0.7794117647058824,M5,moderate,IS,volume_atr
11,1590,1099,0.6911949685534591,M5,moderate,IS,volume_atr
12,1893,1140,0.6022187004754358,M5,moderate,IS,volume_atr
13,1906,1327,0.6962224554039874,M5,moderate,IS,volume_atr
14,1413,1192,0.8435951875442321,M5,moderate,IS,volume_atr
15,825,786,0.9527272727272728,M5,moderate,IS,volume_atr
16,361,348,0.96398891966759,M5,moderate,IS,volume_atr
17,494,449,0.9089068825910931,M5,moderate,IS,volume_atr
18,1220,1046,0.8573770491803279,M5,moderate,IS,volume_atr
19,1782,1336,0.7497194163860831,M5,moderate,IS,volume_atr
20,1626,843,0.518450184501845,M5,moderate,IS,volume_atr
21,1503,426,0.2834331337325349,M5,moderate,IS,volume_atr
22,1426,180,0.12622720897615708,M5,moderate,IS,volume_atr
23,1082,22,0.02033271719038817,M5,moderate,IS,volume_atr
0,788,24,0.030456852791878174,M5,moderate,IS,adaptive_quality
1,1552,46,0.029639175257731958,M5,moderate,IS,adaptive_quality
2,1664,254,0.15264423076923078,M5,moderate,IS,adaptive_quality
3,1591,522,0.32809553739786296,M5,moderate,IS,adaptive_quality
4,1593,541,0.3396107972379159,M5,moderate,IS,adaptive_quality
5,1574,306,0.19440914866581957,M5,moderate,IS,adaptive_quality
6,1535,184,0.11986970684039087,M5,moderate,IS,adaptive_quality
7,1776,352,0.1981981981981982,M5,moderate,IS,adaptive_quality
8,1687,679,0.4024896265560166,M5,moderate,IS,adaptive_quality
9,1633,871,0.5333741579914268,M5,moderate,IS,adaptive_quality
10,1564,836,0.5345268542199488,M5,moderate,IS,adaptive_quality
11,1590,700,0.44025157232704404,M5,moderate,IS,adaptive_quality
12,1893,754,0.3983095615425251,M5,moderate,IS,adaptive_quality
13,1906,893,0.4685204616998951,M5,moderate,IS,adaptive_quality
14,1413,839,0.5937721160651097,M5,moderate,IS,adaptive_quality
15,825,493,0.5975757575757575,M5,moderate,IS,adaptive_quality
16,361,209,0.5789473684210527,M5,moderate,IS,adaptive_quality
17,494,303,0.6133603238866396,M5,moderate,IS,adaptive_quality
18,1220,784,0.6426229508196721,M5,moderate,IS,adaptive_quality
19,1782,1039,0.5830527497194163,M5,moderate,IS,adaptive_quality
20,1626,617,0.3794587945879459,M5,moderate,IS,adaptive_quality
21,1503,330,0.21956087824351297,M5,moderate,IS,adaptive_quality
22,1426,151,0.105890603085554,M5,moderate,IS,adaptive_quality
23,1082,19,0.01756007393715342,M5,moderate,IS,adaptive_quality
0,788,0,0.0,M5,moderate,IS,session_plus_adaptive
1,1552,0,0.0,M5,moderate,IS,session_plus_adaptive
2,1664,0,0.0,M5,moderate,IS,session_plus_adaptive
3,1591,0,0.0,M5,moderate,IS,session_plus_adaptive
4,1593,0,0.0,M5,moderate,IS,session_plus_adaptive
5,1574,0,0.0,M5,moderate,IS,session_plus_adaptive
6,1535,0,0.0,M5,moderate,IS,session_plus_adaptive
7,1776,352,0.1981981981981982,M5,moderate,IS,session_plus_adaptive
8,1687,679,0.4024896265560166,M5,moderate,IS,session_plus_adaptive
9,1633,871,0.5333741579914268,M5,moderate,IS,session_plus_adaptive
10,1564,836,0.5345268542199488,M5,moderate,IS,session_plus_adaptive
11,1590,700,0.44025157232704404,M5,moderate,IS,session_plus_adaptive
12,1893,754,0.3983095615425251,M5,moderate,IS,session_plus_adaptive
13,1906,893,0.4685204616998951,M5,moderate,IS,session_plus_adaptive
14,1413,839,0.5937721160651097,M5,moderate,IS,session_plus_adaptive
15,825,493,0.5975757575757575,M5,moderate,IS,session_plus_adaptive
16,361,209,0.5789473684210527,M5,moderate,IS,session_plus_adaptive
17,494,303,0.6133603238866396,M5,moderate,IS,session_plus_adaptive
18,1220,784,0.6426229508196721,M5,moderate,IS,session_plus_adaptive
19,1782,1039,0.5830527497194163,M5,moderate,IS,session_plus_adaptive
20,1626,617,0.3794587945879459,M5,moderate,IS,session_plus_adaptive
21,1503,0,0.0,M5,moderate,IS,session_plus_adaptive
22,1426,0,0.0,M5,moderate,IS,session_plus_adaptive
23,1082,0,0.0,M5,moderate,IS,session_plus_adaptive
0,46,46,1.0,M5,moderate,OOS,baseline_all_day
1,426,426,1.0,M5,moderate,OOS,baseline_all_day
2,511,511,1.0,M5,moderate,OOS,baseline_all_day
3,509,509,1.0,M5,moderate,OOS,baseline_all_day
4,456,456,1.0,M5,moderate,OOS,baseline_all_day
5,476,476,1.0,M5,moderate,OOS,baseline_all_day
6,432,432,1.0,M5,moderate,OOS,baseline_all_day
7,444,444,1.0,M5,moderate,OOS,baseline_all_day
8,405,405,1.0,M5,moderate,OOS,baseline_all_day
9,446,446,1.0,M5,moderate,OOS,baseline_all_day
10,443,443,1.0,M5,moderate,OOS,baseline_all_day
11,434,434,1.0,M5,moderate,OOS,baseline_all_day
12,388,388,1.0,M5,moderate,OOS,baseline_all_day
13,404,404,1.0,M5,moderate,OOS,baseline_all_day
14,487,487,1.0,M5,moderate,OOS,baseline_all_day
15,398,398,1.0,M5,moderate,OOS,baseline_all_day
16,253,253,1.0,M5,moderate,OOS,baseline_all_day
17,86,86,1.0,M5,moderate,OOS,baseline_all_day
18,220,220,1.0,M5,moderate,OOS,baseline_all_day
19,385,385,1.0,M5,moderate,OOS,baseline_all_day
20,458,458,1.0,M5,moderate,OOS,baseline_all_day
21,370,370,1.0,M5,moderate,OOS,baseline_all_day
22,432,432,1.0,M5,moderate,OOS,baseline_all_day
23,357,357,1.0,M5,moderate,OOS,baseline_all_day
0,46,0,0.0,M5,moderate,OOS,session_only
1,426,0,0.0,M5,moderate,OOS,session_only
2,511,0,0.0,M5,moderate,OOS,session_only
3,509,0,0.0,M5,moderate,OOS,session_only
4,456,0,0.0,M5,moderate,OOS,session_only
5,476,0,0.0,M5,moderate,OOS,session_only
6,432,0,0.0,M5,moderate,OOS,session_only
7,444,444,1.0,M5,moderate,OOS,session_only
8,405,405,1.0,M5,moderate,OOS,session_only
9,446,446,1.0,M5,moderate,OOS,session_only
10,443,443,1.0,M5,moderate,OOS,session_only
11,434,434,1.0,M5,moderate,OOS,session_only
12,388,388,1.0,M5,moderate,OOS,session_only
13,404,404,1.0,M5,moderate,OOS,session_only
14,487,487,1.0,M5,moderate,OOS,session_only
15,398,398,1.0,M5,moderate,OOS,session_only
16,253,253,1.0,M5,moderate,OOS,session_only
17,86,86,1.0,M5,moderate,OOS,session_only
18,220,220,1.0,M5,moderate,OOS,session_only
19,385,385,1.0,M5,moderate,OOS,session_only
20,458,458,1.0,M5,moderate,OOS,session_only
21,370,0,0.0,M5,moderate,OOS,session_only
22,432,0,0.0,M5,moderate,OOS,session_only
23,357,0,0.0,M5,moderate,OOS,session_only
0,46,12,0.2608695652173913,M5,moderate,OOS,volume_only
1,426,58,0.13615023474178403,M5,moderate,OOS,volume_only
2,511,143,0.27984344422700586,M5,moderate,OOS,volume_only
3,509,372,0.730844793713163,M5,moderate,OOS,volume_only
4,456,374,0.8201754385964912,M5,moderate,OOS,volume_only
5,476,251,0.5273109243697479,M5,moderate,OOS,volume_only
6,432,128,0.2962962962962963,M5,moderate,OOS,volume_only
7,444,152,0.34234234234234234,M5,moderate,OOS,volume_only
8,405,251,0.6197530864197531,M5,moderate,OOS,volume_only
9,446,278,0.6233183856502242,M5,moderate,OOS,volume_only
10,443,322,0.7268623024830699,M5,moderate,OOS,volume_only
11,434,262,0.6036866359447005,M5,moderate,OOS,volume_only
12,388,218,0.5618556701030928,M5,moderate,OOS,volume_only
13,404,199,0.49257425742574257,M5,moderate,OOS,volume_only
14,487,318,0.6529774127310062,M5,moderate,OOS,volume_only
15,398,363,0.9120603015075377,M5,moderate,OOS,volume_only
16,253,239,0.9446640316205533,M5,moderate,OOS,volume_only
17,86,83,0.9651162790697675,M5,moderate,OOS,volume_only
18,220,199,0.9045454545454545,M5,moderate,OOS,volume_only
19,385,309,0.8025974025974026,M5,moderate,OOS,volume_only
20,458,342,0.7467248908296943,M5,moderate,OOS,volume_only
21,370,248,0.6702702702702703,M5,moderate,OOS,volume_only
22,432,254,0.5879629629629629,M5,moderate,OOS,volume_only
23,357,36,0.10084033613445378,M5,moderate,OOS,volume_only
0,46,38,0.8260869565217391,M5,moderate,OOS,atr_only
1,426,228,0.5352112676056338,M5,moderate,OOS,atr_only
2,511,303,0.5929549902152642,M5,moderate,OOS,atr_only
3,509,415,0.8153241650294696,M5,moderate,OOS,atr_only
4,456,438,0.9605263157894737,M5,moderate,OOS,atr_only
5,476,415,0.8718487394957983,M5,moderate,OOS,atr_only
6,432,340,0.7870370370370371,M5,moderate,OOS,atr_only
7,444,304,0.6846846846846847,M5,moderate,OOS,atr_only
8,405,295,0.7283950617283951,M5,moderate,OOS,atr_only
9,446,377,0.8452914798206278,M5,moderate,OOS,atr_only
10,443,415,0.9367945823927766,M5,moderate,OOS,atr_only
11,434,405,0.9331797235023042,M5,moderate,OOS,atr_only
12,388,356,0.9175257731958762,M5,moderate,OOS,atr_only
13,404,365,0.9034653465346535,M5,moderate,OOS,atr_only
14,487,447,0.917864476386037,M5,moderate,OOS,atr_only
15,398,383,0.9623115577889447,M5,moderate,OOS,atr_only
16,253,253,1.0,M5,moderate,OOS,atr_only
17,86,86,1.0,M5,moderate,OOS,atr_only
18,220,219,0.9954545454545455,M5,moderate,OOS,atr_only
19,385,371,0.9636363636363636,M5,moderate,OOS,atr_only
20,458,406,0.8864628820960698,M5,moderate,OOS,atr_only
21,370,234,0.6324324324324324,M5,moderate,OOS,atr_only
22,432,211,0.48842592592592593,M5,moderate,OOS,atr_only
23,357,107,0.29971988795518206,M5,moderate,OOS,atr_only
0,46,41,0.8913043478260869,M5,moderate,OOS,adx_only
1,426,294,0.6901408450704225,M5,moderate,OOS,adx_only
2,511,350,0.684931506849315,M5,moderate,OOS,adx_only
3,509,338,0.6640471512770137,M5,moderate,OOS,adx_only
4,456,251,0.5504385964912281,M5,moderate,OOS,adx_only
5,476,302,0.634453781512605,M5,moderate,OOS,adx_only
6,432,309,0.7152777777777778,M5,moderate,OOS,adx_only
7,444,284,0.6396396396396397,M5,moderate,OOS,adx_only
8,405,261,0.6444444444444445,M5,moderate,OOS,adx_only
9,446,276,0.6188340807174888,M5,moderate,OOS,adx_only
10,443,301,0.6794582392776524,M5,moderate,OOS,adx_only
11,434,282,0.6497695852534562,M5,moderate,OOS,adx_only
12,388,269,0.6932989690721649,M5,moderate,OOS,adx_only
13,404,263,0.650990099009901,M5,moderate,OOS,adx_only
14,487,310,0.6365503080082136,M5,moderate,OOS,adx_only
15,398,252,0.6331658291457286,M5,moderate,OOS,adx_only
16,253,134,0.5296442687747036,M5,moderate,OOS,adx_only
17,86,39,0.45348837209302323,M5,moderate,OOS,adx_only
18,220,152,0.6909090909090909,M5,moderate,OOS,adx_only
19,385,268,0.6961038961038961,M5,moderate,OOS,adx_only
20,458,290,0.6331877729257642,M5,moderate,OOS,adx_only
21,370,262,0.7081081081081081,M5,moderate,OOS,adx_only
22,432,294,0.6805555555555556,M5,moderate,OOS,adx_only
23,357,242,0.6778711484593838,M5,moderate,OOS,adx_only
0,46,11,0.2391304347826087,M5,moderate,OOS,volume_atr
1,426,48,0.11267605633802817,M5,moderate,OOS,volume_atr
2,511,131,0.2563600782778865,M5,moderate,OOS,volume_atr
3,509,331,0.650294695481336,M5,moderate,OOS,volume_atr
4,456,367,0.8048245614035088,M5,moderate,OOS,volume_atr
5,476,243,0.5105042016806722,M5,moderate,OOS,volume_atr
6,432,122,0.2824074074074074,M5,moderate,OOS,volume_atr
7,444,126,0.28378378378378377,M5,moderate,OOS,volume_atr
8,405,208,0.5135802469135803,M5,moderate,OOS,volume_atr
9,446,249,0.5582959641255605,M5,moderate,OOS,volume_atr
10,443,303,0.6839729119638827,M5,moderate,OOS,volume_atr
11,434,251,0.5783410138248848,M5,moderate,OOS,volume_atr
12,388,202,0.520618556701031,M5,moderate,OOS,volume_atr
13,404,184,0.45544554455445546,M5,moderate,OOS,volume_atr
14,487,304,0.6242299794661191,M5,moderate,OOS,volume_atr
15,398,356,0.8944723618090452,M5,moderate,OOS,volume_atr
16,253,239,0.9446640316205533,M5,moderate,OOS,volume_atr
17,86,83,0.9651162790697675,M5,moderate,OOS,volume_atr
18,220,199,0.9045454545454545,M5,moderate,OOS,volume_atr
19,385,304,0.7896103896103897,M5,moderate,OOS,volume_atr
20,458,322,0.7030567685589519,M5,moderate,OOS,volume_atr
21,370,191,0.5162162162162162,M5,moderate,OOS,volume_atr
22,432,158,0.36574074074074076,M5,moderate,OOS,volume_atr
23,357,27,0.07563025210084033,M5,moderate,OOS,volume_atr
0,46,11,0.2391304347826087,M5,moderate,OOS,adaptive_quality
1,426,35,0.08215962441314555,M5,moderate,OOS,adaptive_quality
2,511,103,0.20156555772994128,M5,moderate,OOS,adaptive_quality
3,509,228,0.44793713163064836,M5,moderate,OOS,adaptive_quality
4,456,213,0.46710526315789475,M5,moderate,OOS,adaptive_quality
5,476,156,0.3277310924369748,M5,moderate,OOS,adaptive_quality
6,432,92,0.21296296296296297,M5,moderate,OOS,adaptive_quality
7,444,86,0.19369369369369369,M5,moderate,OOS,adaptive_quality
8,405,147,0.362962962962963,M5,moderate,OOS,adaptive_quality
9,446,162,0.3632286995515695,M5,moderate,OOS,adaptive_quality
10,443,204,0.4604966139954853,M5,moderate,OOS,adaptive_quality
11,434,169,0.38940092165898615,M5,moderate,OOS,adaptive_quality
12,388,155,0.39948453608247425,M5,moderate,OOS,adaptive_quality
13,404,130,0.3217821782178218,M5,moderate,OOS,adaptive_quality
14,487,197,0.40451745379876797,M5,moderate,OOS,adaptive_quality
15,398,240,0.6030150753768844,M5,moderate,OOS,adaptive_quality
16,253,129,0.5098814229249012,M5,moderate,OOS,adaptive_quality
17,86,36,0.4186046511627907,M5,moderate,OOS,adaptive_quality
18,220,137,0.6227272727272727,M5,moderate,OOS,adaptive_quality
19,385,201,0.522077922077922,M5,moderate,OOS,adaptive_quality
20,458,202,0.4410480349344978,M5,moderate,OOS,adaptive_quality
21,370,142,0.3837837837837838,M5,moderate,OOS,adaptive_quality
22,432,110,0.25462962962962965,M5,moderate,OOS,adaptive_quality
23,357,21,0.058823529411764705,M5,moderate,OOS,adaptive_quality
0,46,0,0.0,M5,moderate,OOS,session_plus_adaptive
1,426,0,0.0,M5,moderate,OOS,session_plus_adaptive
2,511,0,0.0,M5,moderate,OOS,session_plus_adaptive
3,509,0,0.0,M5,moderate,OOS,session_plus_adaptive
4,456,0,0.0,M5,moderate,OOS,session_plus_adaptive
5,476,0,0.0,M5,moderate,OOS,session_plus_adaptive
6,432,0,0.0,M5,moderate,OOS,session_plus_adaptive
7,444,86,0.19369369369369369,M5,moderate,OOS,session_plus_adaptive
8,405,147,0.362962962962963,M5,moderate,OOS,session_plus_adaptive
9,446,162,0.3632286995515695,M5,moderate,OOS,session_plus_adaptive
10,443,204,0.4604966139954853,M5,moderate,OOS,session_plus_adaptive
11,434,169,0.38940092165898615,M5,moderate,OOS,session_plus_adaptive
12,388,155,0.39948453608247425,M5,moderate,OOS,session_plus_adaptive
13,404,130,0.3217821782178218,M5,moderate,OOS,session_plus_adaptive
14,487,197,0.40451745379876797,M5,moderate,OOS,session_plus_adaptive
15,398,240,0.6030150753768844,M5,moderate,OOS,session_plus_adaptive
16,253,129,0.5098814229249012,M5,moderate,OOS,session_plus_adaptive
17,86,36,0.4186046511627907,M5,moderate,OOS,session_plus_adaptive
18,220,137,0.6227272727272727,M5,moderate,OOS,session_plus_adaptive
19,385,201,0.522077922077922,M5,moderate,OOS,session_plus_adaptive
20,458,202,0.4410480349344978,M5,moderate,OOS,session_plus_adaptive
21,370,0,0.0,M5,moderate,OOS,session_plus_adaptive
22,432,0,0.0,M5,moderate,OOS,session_plus_adaptive
23,357,0,0.0,M5,moderate,OOS,session_plus_adaptive
0,788,788,1.0,M5,balanced,IS,baseline_all_day
1,1552,1552,1.0,M5,balanced,IS,baseline_all_day
2,1664,1664,1.0,M5,balanced,IS,baseline_all_day
3,1591,1591,1.0,M5,balanced,IS,baseline_all_day
4,1593,1593,1.0,M5,balanced,IS,baseline_all_day
5,1574,1574,1.0,M5,balanced,IS,baseline_all_day
6,1535,1535,1.0,M5,balanced,IS,baseline_all_day
7,1776,1776,1.0,M5,balanced,IS,baseline_all_day
8,1687,1687,1.0,M5,balanced,IS,baseline_all_day
9,1633,1633,1.0,M5,balanced,IS,baseline_all_day
10,1564,1564,1.0,M5,balanced,IS,baseline_all_day
11,1590,1590,1.0,M5,balanced,IS,baseline_all_day
12,1893,1893,1.0,M5,balanced,IS,baseline_all_day
13,1906,1906,1.0,M5,balanced,IS,baseline_all_day
14,1413,1413,1.0,M5,balanced,IS,baseline_all_day
15,825,825,1.0,M5,balanced,IS,baseline_all_day
16,361,361,1.0,M5,balanced,IS,baseline_all_day
17,494,494,1.0,M5,balanced,IS,baseline_all_day
18,1220,1220,1.0,M5,balanced,IS,baseline_all_day
19,1782,1782,1.0,M5,balanced,IS,baseline_all_day
20,1626,1626,1.0,M5,balanced,IS,baseline_all_day
21,1503,1503,1.0,M5,balanced,IS,baseline_all_day
22,1426,1426,1.0,M5,balanced,IS,baseline_all_day
23,1082,1082,1.0,M5,balanced,IS,baseline_all_day
0,788,0,0.0,M5,balanced,IS,session_only
1,1552,0,0.0,M5,balanced,IS,session_only
2,1664,0,0.0,M5,balanced,IS,session_only
3,1591,0,0.0,M5,balanced,IS,session_only
4,1593,0,0.0,M5,balanced,IS,session_only
5,1574,0,0.0,M5,balanced,IS,session_only
6,1535,0,0.0,M5,balanced,IS,session_only
7,1776,1776,1.0,M5,balanced,IS,session_only
8,1687,1687,1.0,M5,balanced,IS,session_only
9,1633,1633,1.0,M5,balanced,IS,session_only
10,1564,1564,1.0,M5,balanced,IS,session_only
11,1590,1590,1.0,M5,balanced,IS,session_only
12,1893,1893,1.0,M5,balanced,IS,session_only
13,1906,1906,1.0,M5,balanced,IS,session_only
14,1413,1413,1.0,M5,balanced,IS,session_only
15,825,825,1.0,M5,balanced,IS,session_only
16,361,361,1.0,M5,balanced,IS,session_only
17,494,494,1.0,M5,balanced,IS,session_only
18,1220,1220,1.0,M5,balanced,IS,session_only
19,1782,1782,1.0,M5,balanced,IS,session_only
20,1626,1626,1.0,M5,balanced,IS,session_only
21,1503,0,0.0,M5,balanced,IS,session_only
22,1426,0,0.0,M5,balanced,IS,session_only
23,1082,0,0.0,M5,balanced,IS,session_only
0,788,52,0.06598984771573604,M5,balanced,IS,volume_only
1,1552,116,0.07474226804123711,M5,balanced,IS,volume_only
2,1664,504,0.30288461538461536,M5,balanced,IS,volume_only
3,1591,845,0.531112507856694,M5,balanced,IS,volume_only
4,1593,832,0.5222849968612681,M5,balanced,IS,volume_only
5,1574,417,0.26493011435832275,M5,balanced,IS,volume_only
6,1535,269,0.1752442996742671,M5,balanced,IS,volume_only
7,1776,535,0.30123873873873874,M5,balanced,IS,volume_only
8,1687,984,0.5832839359810315,M5,balanced,IS,volume_only
9,1633,1195,0.7317819963257808,M5,balanced,IS,volume_only
10,1564,1126,0.7199488491048593,M5,balanced,IS,volume_only
11,1590,978,0.6150943396226415,M5,balanced,IS,volume_only
12,1893,961,0.5076597992604331,M5,balanced,IS,volume_only
13,1906,1193,0.6259181532004198,M5,balanced,IS,volume_only
14,1413,1131,0.8004246284501062,M5,balanced,IS,volume_only
15,825,778,0.943030303030303,M5,balanced,IS,volume_only
16,361,346,0.9584487534626038,M5,balanced,IS,volume_only
17,494,437,0.8846153846153846,M5,balanced,IS,volume_only
18,1220,996,0.8163934426229508,M5,balanced,IS,volume_only
19,1782,1307,0.7334455667789002,M5,balanced,IS,volume_only
20,1626,946,0.5817958179581796,M5,balanced,IS,volume_only
21,1503,617,0.41051230871590155,M5,balanced,IS,volume_only
22,1426,349,0.2447405329593268,M5,balanced,IS,volume_only
23,1082,50,0.04621072088724584,M5,balanced,IS,volume_only
0,788,84,0.1065989847715736,M5,balanced,IS,atr_only
1,1552,227,0.14626288659793815,M5,balanced,IS,atr_only
2,1664,443,0.26622596153846156,M5,balanced,IS,atr_only
3,1591,875,0.5499685732243872,M5,balanced,IS,atr_only
4,1593,1069,0.6710608913998745,M5,balanced,IS,atr_only
5,1574,847,0.5381194409148666,M5,balanced,IS,atr_only
6,1535,673,0.43843648208469055,M5,balanced,IS,atr_only
7,1776,860,0.48423423423423423,M5,balanced,IS,atr_only
8,1687,1218,0.7219917012448133,M5,balanced,IS,atr_only
9,1633,1517,0.92896509491733,M5,balanced,IS,atr_only
10,1564,1516,0.969309462915601,M5,balanced,IS,atr_only
11,1590,1537,0.9666666666666667,M5,balanced,IS,atr_only
12,1893,1780,0.9403063919704173,M5,balanced,IS,atr_only
13,1906,1755,0.9207764952780693,M5,balanced,IS,atr_only
14,1413,1326,0.9384288747346072,M5,balanced,IS,atr_only
15,825,803,0.9733333333333334,M5,balanced,IS,atr_only
16,361,361,1.0,M5,balanced,IS,atr_only
17,494,489,0.9898785425101214,M5,balanced,IS,atr_only
18,1220,1167,0.9565573770491803,M5,balanced,IS,atr_only
19,1782,1452,0.8148148148148148,M5,balanced,IS,atr_only
20,1626,867,0.533210332103321,M5,balanced,IS,atr_only
21,1503,451,0.3000665335994677,M5,balanced,IS,atr_only
22,1426,177,0.1241234221598878,M5,balanced,IS,atr_only
23,1082,118,0.10905730129390019,M5,balanced,IS,atr_only
0,788,62,0.07868020304568528,M5,balanced,IS,adx_only
1,1552,213,0.13724226804123713,M5,balanced,IS,adx_only
2,1664,238,0.14302884615384615,M5,balanced,IS,adx_only
3,1591,293,0.18416090509113764,M5,balanced,IS,adx_only
4,1593,346,0.21720025109855617,M5,balanced,IS,adx_only
5,1574,392,0.24904701397712833,M5,balanced,IS,adx_only
6,1535,417,0.2716612377850163,M5,balanced,IS,adx_only
7,1776,435,0.24493243243243243,M5,balanced,IS,adx_only
8,1687,367,0.2175459395376408,M5,balanced,IS,adx_only
9,1633,362,0.22167789344764238,M5,balanced,IS,adx_only
10,1564,365,0.23337595907928388,M5,balanced,IS,adx_only
11,1590,375,0.2358490566037736,M5,balanced,IS,adx_only
12,1893,446,0.23560486001056524,M5,balanced,IS,adx_only
13,1906,420,0.2203567681007345,M5,balanced,IS,adx_only
14,1413,285,0.20169851380042464,M5,balanced,IS,adx_only
15,825,157,0.1903030303030303,M5,balanced,IS,adx_only
16,361,77,0.21329639889196675,M5,balanced,IS,adx_only
17,494,139,0.2813765182186235,M5,balanced,IS,adx_only
18,1220,324,0.26557377049180325,M5,balanced,IS,adx_only
19,1782,380,0.2132435465768799,M5,balanced,IS,adx_only
20,1626,320,0.1968019680196802,M5,balanced,IS,adx_only
21,1503,242,0.16101131071190952,M5,balanced,IS,adx_only
22,1426,226,0.1584852734922861,M5,balanced,IS,adx_only
23,1082,179,0.16543438077634012,M5,balanced,IS,adx_only
0,788,23,0.02918781725888325,M5,balanced,IS,volume_atr
1,1552,54,0.03479381443298969,M5,balanced,IS,volume_atr
2,1664,238,0.14302884615384615,M5,balanced,IS,volume_atr
3,1591,593,0.3727215587680704,M5,balanced,IS,volume_atr
4,1593,638,0.4005021971123666,M5,balanced,IS,volume_atr
5,1574,338,0.21473951715374842,M5,balanced,IS,volume_atr
6,1535,181,0.11791530944625407,M5,balanced,IS,volume_atr
7,1776,356,0.20045045045045046,M5,balanced,IS,volume_atr
8,1687,829,0.4914048606994665,M5,balanced,IS,volume_atr
9,1633,1128,0.6907532149418248,M5,balanced,IS,volume_atr
10,1564,1104,0.7058823529411765,M5,balanced,IS,volume_atr
11,1590,962,0.6050314465408805,M5,balanced,IS,volume_atr
12,1893,935,0.49392498679344954,M5,balanced,IS,volume_atr
13,1906,1151,0.6038824763903463,M5,balanced,IS,volume_atr
14,1413,1086,0.7685774946921444,M5,balanced,IS,volume_atr
15,825,768,0.9309090909090909,M5,balanced,IS,volume_atr
16,361,346,0.9584487534626038,M5,balanced,IS,volume_atr
17,494,437,0.8846153846153846,M5,balanced,IS,volume_atr
18,1220,967,0.7926229508196722,M5,balanced,IS,volume_atr
19,1782,1154,0.6475869809203143,M5,balanced,IS,volume_atr
20,1626,668,0.4108241082410824,M5,balanced,IS,volume_atr
21,1503,299,0.1989354624085163,M5,balanced,IS,volume_atr
22,1426,116,0.08134642356241234,M5,balanced,IS,volume_atr
23,1082,16,0.014787430683918669,M5,balanced,IS,volume_atr
0,788,2,0.0025380710659898475,M5,balanced,IS,adaptive_quality
1,1552,8,0.005154639175257732,M5,balanced,IS,adaptive_quality
2,1664,44,0.026442307692307692,M5,balanced,IS,adaptive_quality
3,1591,119,0.07479572595851666,M5,balanced,IS,adaptive_quality
4,1593,171,0.10734463276836158,M5,balanced,IS,adaptive_quality
5,1574,91,0.05781448538754765,M5,balanced,IS,adaptive_quality
6,1535,45,0.029315960912052116,M5,balanced,IS,adaptive_quality
7,1776,111,0.0625,M5,balanced,IS,adaptive_quality
8,1687,175,0.1037344398340249,M5,balanced,IS,adaptive_quality
9,1633,265,0.16227801592161667,M5,balanced,IS,adaptive_quality
10,1564,275,0.1758312020460358,M5,balanced,IS,adaptive_quality
11,1590,239,0.15031446540880503,M5,balanced,IS,adaptive_quality
12,1893,248,0.13100898045430534,M5,balanced,IS,adaptive_quality
13,1906,286,0.15005246589716684,M5,balanced,IS,adaptive_quality
14,1413,225,0.1592356687898089,M5,balanced,IS,adaptive_quality
15,825,151,0.18303030303030304,M5,balanced,IS,adaptive_quality
16,361,71,0.19667590027700832,M5,balanced,IS,adaptive_quality
17,494,115,0.23279352226720648,M5,balanced,IS,adaptive_quality
18,1220,280,0.22950819672131148,M5,balanced,IS,adaptive_quality
19,1782,237,0.132996632996633,M5,balanced,IS,adaptive_quality
20,1626,181,0.11131611316113162,M5,balanced,IS,adaptive_quality
21,1503,93,0.06187624750499002,M5,balanced,IS,adaptive_quality
22,1426,39,0.0273492286115007,M5,balanced,IS,adaptive_quality
23,1082,6,0.005545286506469501,M5,balanced,IS,adaptive_quality
0,788,0,0.0,M5,balanced,IS,session_plus_adaptive
1,1552,0,0.0,M5,balanced,IS,session_plus_adaptive
2,1664,0,0.0,M5,balanced,IS,session_plus_adaptive
3,1591,0,0.0,M5,balanced,IS,session_plus_adaptive
4,1593,0,0.0,M5,balanced,IS,session_plus_adaptive
5,1574,0,0.0,M5,balanced,IS,session_plus_adaptive
6,1535,0,0.0,M5,balanced,IS,session_plus_adaptive
7,1776,111,0.0625,M5,balanced,IS,session_plus_adaptive
8,1687,175,0.1037344398340249,M5,balanced,IS,session_plus_adaptive
9,1633,265,0.16227801592161667,M5,balanced,IS,session_plus_adaptive
10,1564,275,0.1758312020460358,M5,balanced,IS,session_plus_adaptive
11,1590,239,0.15031446540880503,M5,balanced,IS,session_plus_adaptive
12,1893,248,0.13100898045430534,M5,balanced,IS,session_plus_adaptive
13,1906,286,0.15005246589716684,M5,balanced,IS,session_plus_adaptive
14,1413,225,0.1592356687898089,M5,balanced,IS,session_plus_adaptive
15,825,151,0.18303030303030304,M5,balanced,IS,session_plus_adaptive
16,361,71,0.19667590027700832,M5,balanced,IS,session_plus_adaptive
17,494,115,0.23279352226720648,M5,balanced,IS,session_plus_adaptive
18,1220,280,0.22950819672131148,M5,balanced,IS,session_plus_adaptive
19,1782,237,0.132996632996633,M5,balanced,IS,session_plus_adaptive
20,1626,181,0.11131611316113162,M5,balanced,IS,session_plus_adaptive
21,1503,0,0.0,M5,balanced,IS,session_plus_adaptive
22,1426,0,0.0,M5,balanced,IS,session_plus_adaptive
23,1082,0,0.0,M5,balanced,IS,session_plus_adaptive
0,46,46,1.0,M5,balanced,OOS,baseline_all_day
1,426,426,1.0,M5,balanced,OOS,baseline_all_day
2,511,511,1.0,M5,balanced,OOS,baseline_all_day
3,509,509,1.0,M5,balanced,OOS,baseline_all_day
4,456,456,1.0,M5,balanced,OOS,baseline_all_day
5,476,476,1.0,M5,balanced,OOS,baseline_all_day
6,432,432,1.0,M5,balanced,OOS,baseline_all_day
7,444,444,1.0,M5,balanced,OOS,baseline_all_day
8,405,405,1.0,M5,balanced,OOS,baseline_all_day
9,446,446,1.0,M5,balanced,OOS,baseline_all_day
10,443,443,1.0,M5,balanced,OOS,baseline_all_day
11,434,434,1.0,M5,balanced,OOS,baseline_all_day
12,388,388,1.0,M5,balanced,OOS,baseline_all_day
13,404,404,1.0,M5,balanced,OOS,baseline_all_day
14,487,487,1.0,M5,balanced,OOS,baseline_all_day
15,398,398,1.0,M5,balanced,OOS,baseline_all_day
16,253,253,1.0,M5,balanced,OOS,baseline_all_day
17,86,86,1.0,M5,balanced,OOS,baseline_all_day
18,220,220,1.0,M5,balanced,OOS,baseline_all_day
19,385,385,1.0,M5,balanced,OOS,baseline_all_day
20,458,458,1.0,M5,balanced,OOS,baseline_all_day
21,370,370,1.0,M5,balanced,OOS,baseline_all_day
22,432,432,1.0,M5,balanced,OOS,baseline_all_day
23,357,357,1.0,M5,balanced,OOS,baseline_all_day
0,46,0,0.0,M5,balanced,OOS,session_only
1,426,0,0.0,M5,balanced,OOS,session_only
2,511,0,0.0,M5,balanced,OOS,session_only
3,509,0,0.0,M5,balanced,OOS,session_only
4,456,0,0.0,M5,balanced,OOS,session_only
5,476,0,0.0,M5,balanced,OOS,session_only
6,432,0,0.0,M5,balanced,OOS,session_only
7,444,444,1.0,M5,balanced,OOS,session_only
8,405,405,1.0,M5,balanced,OOS,session_only
9,446,446,1.0,M5,balanced,OOS,session_only
10,443,443,1.0,M5,balanced,OOS,session_only
11,434,434,1.0,M5,balanced,OOS,session_only
12,388,388,1.0,M5,balanced,OOS,session_only
13,404,404,1.0,M5,balanced,OOS,session_only
14,487,487,1.0,M5,balanced,OOS,session_only
15,398,398,1.0,M5,balanced,OOS,session_only
16,253,253,1.0,M5,balanced,OOS,session_only
17,86,86,1.0,M5,balanced,OOS,session_only
18,220,220,1.0,M5,balanced,OOS,session_only
19,385,385,1.0,M5,balanced,OOS,session_only
20,458,458,1.0,M5,balanced,OOS,session_only
21,370,0,0.0,M5,balanced,OOS,session_only
22,432,0,0.0,M5,balanced,OOS,session_only
23,357,0,0.0,M5,balanced,OOS,session_only
0,46,9,0.1956521739130435,M5,balanced,OOS,volume_only
1,426,39,0.09154929577464789,M5,balanced,OOS,volume_only
2,511,113,0.22113502935420742,M5,balanced,OOS,volume_only
3,509,345,0.6777996070726916,M5,balanced,OOS,volume_only
4,456,353,0.7741228070175439,M5,balanced,OOS,volume_only
5,476,207,0.43487394957983194,M5,balanced,OOS,volume_only
6,432,108,0.25,M5,balanced,OOS,volume_only
7,444,135,0.30405405405405406,M5,balanced,OOS,volume_only
8,405,227,0.5604938271604938,M5,balanced,OOS,volume_only
9,446,246,0.5515695067264574,M5,balanced,OOS,volume_only
10,443,291,0.6568848758465011,M5,balanced,OOS,volume_only
11,434,226,0.5207373271889401,M5,balanced,OOS,volume_only
12,388,200,0.5154639175257731,M5,balanced,OOS,volume_only
13,404,174,0.4306930693069307,M5,balanced,OOS,volume_only
14,487,293,0.6016427104722792,M5,balanced,OOS,volume_only
15,398,352,0.8844221105527639,M5,balanced,OOS,volume_only
16,253,236,0.932806324110672,M5,balanced,OOS,volume_only
17,86,83,0.9651162790697675,M5,balanced,OOS,volume_only
18,220,193,0.8772727272727273,M5,balanced,OOS,volume_only
19,385,280,0.7272727272727273,M5,balanced,OOS,volume_only
20,458,311,0.6790393013100436,M5,balanced,OOS,volume_only
21,370,229,0.6189189189189189,M5,balanced,OOS,volume_only
22,432,237,0.5486111111111112,M5,balanced,OOS,volume_only
23,357,31,0.08683473389355742,M5,balanced,OOS,volume_only
0,46,35,0.7608695652173914,M5,balanced,OOS,atr_only
1,426,198,0.4647887323943662,M5,balanced,OOS,atr_only
2,511,253,0.49510763209393344,M5,balanced,OOS,atr_only
3,509,366,0.7190569744597249,M5,balanced,OOS,atr_only
4,456,406,0.8903508771929824,M5,balanced,OOS,atr_only
5,476,371,0.7794117647058824,M5,balanced,OOS,atr_only
6,432,306,0.7083333333333334,M5,balanced,OOS,atr_only
7,444,219,0.49324324324324326,M5,balanced,OOS,atr_only
8,405,236,0.582716049382716,M5,balanced,OOS,atr_only
9,446,331,0.742152466367713,M5,balanced,OOS,atr_only
10,443,385,0.8690744920993227,M5,balanced,OOS,atr_only
11,434,390,0.8986175115207373,M5,balanced,OOS,atr_only
12,388,322,0.8298969072164949,M5,balanced,OOS,atr_only
13,404,312,0.7722772277227723,M5,balanced,OOS,atr_only
14,487,391,0.8028747433264887,M5,balanced,OOS,atr_only
15,398,368,0.9246231155778895,M5,balanced,OOS,atr_only
16,253,253,1.0,M5,balanced,OOS,atr_only
17,86,83,0.9651162790697675,M5,balanced,OOS,atr_only
18,220,217,0.9863636363636363,M5,balanced,OOS,atr_only
19,385,349,0.9064935064935065,M5,balanced,OOS,atr_only
20,458,325,0.7096069868995634,M5,balanced,OOS,atr_only
21,370,188,0.5081081081081081,M5,balanced,OOS,atr_only
22,432,156,0.3611111111111111,M5,balanced,OOS,atr_only
23,357,67,0.1876750700280112,M5,balanced,OOS,atr_only
0,46,13,0.2826086956521739,M5,balanced,OOS,adx_only
1,426,84,0.19718309859154928,M5,balanced,OOS,adx_only
2,511,111,0.2172211350293542,M5,balanced,OOS,adx_only
3,509,74,0.14538310412573674,M5,balanced,OOS,adx_only
4,456,71,0.15570175438596492,M5,balanced,OOS,adx_only
5,476,95,0.19957983193277312,M5,balanced,OOS,adx_only
6,432,123,0.2847222222222222,M5,balanced,OOS,adx_only
7,444,136,0.3063063063063063,M5,balanced,OOS,adx_only
8,405,76,0.18765432098765433,M5,balanced,OOS,adx_only
9,446,72,0.16143497757847533,M5,balanced,OOS,adx_only
10,443,99,0.2234762979683973,M5,balanced,OOS,adx_only
11,434,83,0.1912442396313364,M5,balanced,OOS,adx_only
12,388,81,0.20876288659793815,M5,balanced,OOS,adx_only
13,404,104,0.25742574257425743,M5,balanced,OOS,adx_only
14,487,84,0.17248459958932238,M5,balanced,OOS,adx_only
15,398,75,0.1884422110552764,M5,balanced,OOS,adx_only
16,253,46,0.18181818181818182,M5,balanced,OOS,adx_only
17,86,7,0.08139534883720931,M5,balanced,OOS,adx_only
18,220,21,0.09545454545454546,M5,balanced,OOS,adx_only
19,385,73,0.18961038961038962,M5,balanced,OOS,adx_only
20,458,79,0.17248908296943233,M5,balanced,OOS,adx_only
21,370,70,0.1891891891891892,M5,balanced,OOS,adx_only
22,432,77,0.17824074074074073,M5,balanced,OOS,adx_only
23,357,89,0.24929971988795518,M5,balanced,OOS,adx_only
0,46,8,0.17391304347826086,M5,balanced,OOS,volume_atr
1,426,29,0.06807511737089202,M5,balanced,OOS,volume_atr
2,511,96,0.18786692759295498,M5,balanced,OOS,volume_atr
3,509,290,0.5697445972495089,M5,balanced,OOS,volume_atr
4,456,333,0.7302631578947368,M5,balanced,OOS,volume_atr
5,476,193,0.4054621848739496,M5,balanced,OOS,volume_atr
6,432,103,0.23842592592592593,M5,balanced,OOS,volume_atr
7,444,88,0.1981981981981982,M5,balanced,OOS,volume_atr
8,405,166,0.40987654320987654,M5,balanced,OOS,volume_atr
9,446,205,0.45964125560538116,M5,balanced,OOS,volume_atr
10,443,265,0.5981941309255079,M5,balanced,OOS,volume_atr
11,434,216,0.4976958525345622,M5,balanced,OOS,volume_atr
12,388,180,0.4639175257731959,M5,balanced,OOS,volume_atr
13,404,146,0.3613861386138614,M5,balanced,OOS,volume_atr
14,487,257,0.5277207392197125,M5,balanced,OOS,volume_atr
15,398,340,0.8542713567839196,M5,balanced,OOS,volume_atr
16,253,236,0.932806324110672,M5,balanced,OOS,volume_atr
17,86,80,0.9302325581395349,M5,balanced,OOS,volume_atr
18,220,193,0.8772727272727273,M5,balanced,OOS,volume_atr
19,385,267,0.6935064935064935,M5,balanced,OOS,volume_atr
20,458,249,0.5436681222707423,M5,balanced,OOS,volume_atr
21,370,158,0.42702702702702705,M5,balanced,OOS,volume_atr
22,432,116,0.26851851851851855,M5,balanced,OOS,volume_atr
23,357,17,0.047619047619047616,M5,balanced,OOS,volume_atr
0,46,1,0.021739130434782608,M5,balanced,OOS,adaptive_quality
1,426,14,0.03286384976525822,M5,balanced,OOS,adaptive_quality
2,511,51,0.09980430528375733,M5,balanced,OOS,adaptive_quality
3,509,48,0.09430255402750491,M5,balanced,OOS,adaptive_quality
4,456,53,0.1162280701754386,M5,balanced,OOS,adaptive_quality
5,476,43,0.09033613445378151,M5,balanced,OOS,adaptive_quality
6,432,18,0.041666666666666664,M5,balanced,OOS,adaptive_quality
7,444,24,0.05405405405405406,M5,balanced,OOS,adaptive_quality
8,405,42,0.1037037037037037,M5,balanced,OOS,adaptive_quality
9,446,34,0.07623318385650224,M5,balanced,OOS,adaptive_quality
10,443,56,0.12641083521444696,M5,balanced,OOS,adaptive_quality
11,434,54,0.12442396313364056,M5,balanced,OOS,adaptive_quality
12,388,44,0.1134020618556701,M5,balanced,OOS,adaptive_quality
13,404,34,0.08415841584158416,M5,balanced,OOS,adaptive_quality
14,487,43,0.08829568788501027,M5,balanced,OOS,adaptive_quality
15,398,69,0.17336683417085427,M5,balanced,OOS,adaptive_quality
16,253,42,0.16600790513833993,M5,balanced,OOS,adaptive_quality
17,86,7,0.08139534883720931,M5,balanced,OOS,adaptive_quality
18,220,16,0.07272727272727272,M5,balanced,OOS,adaptive_quality
19,385,52,0.13506493506493505,M5,balanced,OOS,adaptive_quality
20,458,49,0.10698689956331878,M5,balanced,OOS,adaptive_quality
21,370,38,0.10270270270270271,M5,balanced,OOS,adaptive_quality
22,432,21,0.04861111111111111,M5,balanced,OOS,adaptive_quality
23,357,5,0.014005602240896359,M5,balanced,OOS,adaptive_quality
0,46,0,0.0,M5,balanced,OOS,session_plus_adaptive
1,426,0,0.0,M5,balanced,OOS,session_plus_adaptive
2,511,0,0.0,M5,balanced,OOS,session_plus_adaptive
3,509,0,0.0,M5,balanced,OOS,session_plus_adaptive
4,456,0,0.0,M5,balanced,OOS,session_plus_adaptive
5,476,0,0.0,M5,balanced,OOS,session_plus_adaptive
6,432,0,0.0,M5,balanced,OOS,session_plus_adaptive
7,444,24,0.05405405405405406,M5,balanced,OOS,session_plus_adaptive
8,405,42,0.1037037037037037,M5,balanced,OOS,session_plus_adaptive
9,446,34,0.07623318385650224,M5,balanced,OOS,session_plus_adaptive
10,443,56,0.12641083521444696,M5,balanced,OOS,session_plus_adaptive
11,434,54,0.12442396313364056,M5,balanced,OOS,session_plus_adaptive
12,388,44,0.1134020618556701,M5,balanced,OOS,session_plus_adaptive
13,404,34,0.08415841584158416,M5,balanced,OOS,session_plus_adaptive
14,487,43,0.08829568788501027,M5,balanced,OOS,session_plus_adaptive
15,398,69,0.17336683417085427,M5,balanced,OOS,session_plus_adaptive
16,253,42,0.16600790513833993,M5,balanced,OOS,session_plus_adaptive
17,86,7,0.08139534883720931,M5,balanced,OOS,session_plus_adaptive
18,220,16,0.07272727272727272,M5,balanced,OOS,session_plus_adaptive
19,385,52,0.13506493506493505,M5,balanced,OOS,session_plus_adaptive
20,458,49,0.10698689956331878,M5,balanced,OOS,session_plus_adaptive
21,370,0,0.0,M5,balanced,OOS,session_plus_adaptive
22,432,0,0.0,M5,balanced,OOS,session_plus_adaptive
23,357,0,0.0,M5,balanced,OOS,session_plus_adaptive
0,788,788,1.0,M5,strict,IS,baseline_all_day
1,1552,1552,1.0,M5,strict,IS,baseline_all_day
2,1664,1664,1.0,M5,strict,IS,baseline_all_day
3,1591,1591,1.0,M5,strict,IS,baseline_all_day
4,1593,1593,1.0,M5,strict,IS,baseline_all_day
5,1574,1574,1.0,M5,strict,IS,baseline_all_day
6,1535,1535,1.0,M5,strict,IS,baseline_all_day
7,1776,1776,1.0,M5,strict,IS,baseline_all_day
8,1687,1687,1.0,M5,strict,IS,baseline_all_day
9,1633,1633,1.0,M5,strict,IS,baseline_all_day
10,1564,1564,1.0,M5,strict,IS,baseline_all_day
11,1590,1590,1.0,M5,strict,IS,baseline_all_day
12,1893,1893,1.0,M5,strict,IS,baseline_all_day
13,1906,1906,1.0,M5,strict,IS,baseline_all_day
14,1413,1413,1.0,M5,strict,IS,baseline_all_day
15,825,825,1.0,M5,strict,IS,baseline_all_day
16,361,361,1.0,M5,strict,IS,baseline_all_day
17,494,494,1.0,M5,strict,IS,baseline_all_day
18,1220,1220,1.0,M5,strict,IS,baseline_all_day
19,1782,1782,1.0,M5,strict,IS,baseline_all_day
20,1626,1626,1.0,M5,strict,IS,baseline_all_day
21,1503,1503,1.0,M5,strict,IS,baseline_all_day
22,1426,1426,1.0,M5,strict,IS,baseline_all_day
23,1082,1082,1.0,M5,strict,IS,baseline_all_day
0,788,0,0.0,M5,strict,IS,session_only
1,1552,0,0.0,M5,strict,IS,session_only
2,1664,0,0.0,M5,strict,IS,session_only
3,1591,0,0.0,M5,strict,IS,session_only
4,1593,0,0.0,M5,strict,IS,session_only
5,1574,0,0.0,M5,strict,IS,session_only
6,1535,0,0.0,M5,strict,IS,session_only
7,1776,1776,1.0,M5,strict,IS,session_only
8,1687,1687,1.0,M5,strict,IS,session_only
9,1633,1633,1.0,M5,strict,IS,session_only
10,1564,1564,1.0,M5,strict,IS,session_only
11,1590,1590,1.0,M5,strict,IS,session_only
12,1893,1893,1.0,M5,strict,IS,session_only
13,1906,1906,1.0,M5,strict,IS,session_only
14,1413,1413,1.0,M5,strict,IS,session_only
15,825,825,1.0,M5,strict,IS,session_only
16,361,361,1.0,M5,strict,IS,session_only
17,494,494,1.0,M5,strict,IS,session_only
18,1220,1220,1.0,M5,strict,IS,session_only
19,1782,1782,1.0,M5,strict,IS,session_only
20,1626,1626,1.0,M5,strict,IS,session_only
21,1503,0,0.0,M5,strict,IS,session_only
22,1426,0,0.0,M5,strict,IS,session_only
23,1082,0,0.0,M5,strict,IS,session_only
0,788,23,0.02918781725888325,M5,strict,IS,volume_only
1,1552,60,0.03865979381443299,M5,strict,IS,volume_only
2,1664,281,0.16887019230769232,M5,strict,IS,volume_only
3,1591,508,0.3192960402262728,M5,strict,IS,volume_only
4,1593,499,0.31324544883866917,M5,strict,IS,volume_only
5,1574,184,0.11689961880559085,M5,strict,IS,volume_only
6,1535,113,0.0736156351791531,M5,strict,IS,volume_only
7,1776,284,0.15990990990990991,M5,strict,IS,volume_only
8,1687,617,0.3657379964433906,M5,strict,IS,volume_only
9,1633,792,0.484996938150643,M5,strict,IS,volume_only
10,1564,771,0.4929667519181586,M5,strict,IS,volume_only
11,1590,534,0.33584905660377357,M5,strict,IS,volume_only
12,1893,480,0.25356576862123614,M5,strict,IS,volume_only
13,1906,714,0.3746065057712487,M5,strict,IS,volume_only
14,1413,871,0.6164189667374381,M5,strict,IS,volume_only
15,825,726,0.88,M5,strict,IS,volume_only
16,361,327,0.9058171745152355,M5,strict,IS,volume_only
17,494,377,0.7631578947368421,M5,strict,IS,volume_only
18,1220,724,0.5934426229508196,M5,strict,IS,volume_only
19,1782,882,0.494949494949495,M5,strict,IS,volume_only
20,1626,561,0.34501845018450183,M5,strict,IS,volume_only
21,1503,346,0.23020625415834997,M5,strict,IS,volume_only
22,1426,192,0.13464235624123422,M5,strict,IS,volume_only
23,1082,24,0.022181146025878003,M5,strict,IS,volume_only
0,788,66,0.08375634517766498,M5,strict,IS,atr_only
1,1552,159,0.10244845360824742,M5,strict,IS,atr_only
2,1664,292,0.17548076923076922,M5,strict,IS,atr_only
3,1591,668,0.4198617221873036,M5,strict,IS,atr_only
4,1593,819,0.5141242937853108,M5,strict,IS,atr_only
5,1574,618,0.3926302414231258,M5,strict,IS,atr_only
6,1535,490,0.31921824104234525,M5,strict,IS,atr_only
7,1776,571,0.32150900900900903,M5,strict,IS,atr_only
8,1687,1005,0.5957320687611144,M5,strict,IS,atr_only
9,1633,1319,0.8077158603796694,M5,strict,IS,atr_only
10,1564,1299,0.8305626598465473,M5,strict,IS,atr_only
11,1590,1388,0.8729559748427673,M5,strict,IS,atr_only
12,1893,1587,0.838351822503962,M5,strict,IS,atr_only
13,1906,1527,0.8011542497376705,M5,strict,IS,atr_only
14,1413,1082,0.7657466383581033,M5,strict,IS,atr_only
15,825,639,0.7745454545454545,M5,strict,IS,atr_only
16,361,262,0.7257617728531855,M5,strict,IS,atr_only
17,494,352,0.7125506072874493,M5,strict,IS,atr_only
18,1220,953,0.7811475409836065,M5,strict,IS,atr_only
19,1782,1156,0.6487093153759821,M5,strict,IS,atr_only
20,1626,664,0.40836408364083643,M5,strict,IS,atr_only
21,1503,289,0.19228210246174318,M5,strict,IS,atr_only
22,1426,107,0.07503506311360449,M5,strict,IS,atr_only
23,1082,83,0.0767097966728281,M5,strict,IS,atr_only
0,788,35,0.044416243654822336,M5,strict,IS,adx_only
1,1552,156,0.10051546391752578,M5,strict,IS,adx_only
2,1664,175,0.10516826923076923,M5,strict,IS,adx_only
3,1591,182,0.11439346323067254,M5,strict,IS,adx_only
4,1593,228,0.1431261770244821,M5,strict,IS,adx_only
5,1574,233,0.1480304955527319,M5,strict,IS,adx_only
6,1535,272,0.1771986970684039,M5,strict,IS,adx_only
7,1776,314,0.1768018018018018,M5,strict,IS,adx_only
8,1687,246,0.14582098399525786,M5,strict,IS,adx_only
9,1633,229,0.14023270055113288,M5,strict,IS,adx_only
10,1564,234,0.149616368286445,M5,strict,IS,adx_only
11,1590,275,0.17295597484276728,M5,strict,IS,adx_only
12,1893,310,0.16376122556788167,M5,strict,IS,adx_only
13,1906,304,0.15949632738719832,M5,strict,IS,adx_only
14,1413,173,0.1224345364472753,M5,strict,IS,adx_only
15,825,100,0.12121212121212122,M5,strict,IS,adx_only
16,361,60,0.16620498614958448,M5,strict,IS,adx_only
17,494,112,0.22672064777327935,M5,strict,IS,adx_only
18,1220,227,0.1860655737704918,M5,strict,IS,adx_only
19,1782,264,0.14814814814814814,M5,strict,IS,adx_only
20,1626,239,0.14698646986469865,M5,strict,IS,adx_only
21,1503,187,0.12441783100465735,M5,strict,IS,adx_only
22,1426,178,0.12482468443197756,M5,strict,IS,adx_only
23,1082,154,0.1423290203327172,M5,strict,IS,adx_only
0,788,11,0.013959390862944163,M5,strict,IS,volume_atr
1,1552,27,0.017396907216494846,M5,strict,IS,volume_atr
2,1664,105,0.06310096153846154,M5,strict,IS,volume_atr
3,1591,305,0.19170333123821495,M5,strict,IS,volume_atr
4,1593,311,0.19522912743251727,M5,strict,IS,volume_atr
5,1574,126,0.08005082592121983,M5,strict,IS,volume_atr
6,1535,68,0.04429967426710098,M5,strict,IS,volume_atr
7,1776,156,0.08783783783783784,M5,strict,IS,volume_atr
8,1687,460,0.2726733847065797,M5,strict,IS,volume_atr
9,1633,653,0.3998775260257195,M5,strict,IS,volume_atr
10,1564,622,0.3976982097186701,M5,strict,IS,volume_atr
11,1590,468,0.2943396226415094,M5,strict,IS,volume_atr
12,1893,427,0.22556788166930797,M5,strict,IS,volume_atr
13,1906,614,0.32214060860440713,M5,strict,IS,volume_atr
14,1413,687,0.4861995753715499,M5,strict,IS,volume_atr
15,825,563,0.6824242424242424,M5,strict,IS,volume_atr
16,361,230,0.6371191135734072,M5,strict,IS,volume_atr
17,494,264,0.5344129554655871,M5,strict,IS,volume_atr
18,1220,575,0.4713114754098361,M5,strict,IS,volume_atr
19,1782,673,0.377665544332211,M5,strict,IS,volume_atr
20,1626,370,0.22755227552275523,M5,strict,IS,volume_atr
21,1503,154,0.10246174318030606,M5,strict,IS,volume_atr
22,1426,57,0.03997194950911641,M5,strict,IS,volume_atr
23,1082,7,0.006469500924214418,M5,strict,IS,volume_atr
0,788,0,0.0,M5,strict,IS,adaptive_quality
1,1552,3,0.0019329896907216496,M5,strict,IS,adaptive_quality
2,1664,17,0.010216346153846154,M5,strict,IS,adaptive_quality
3,1591,40,0.0251414204902577,M5,strict,IS,adaptive_quality
4,1593,61,0.038292529817953544,M5,strict,IS,adaptive_quality
5,1574,22,0.01397712833545108,M5,strict,IS,adaptive_quality
6,1535,21,0.013680781758957655,M5,strict,IS,adaptive_quality
7,1776,33,0.018581081081081082,M5,strict,IS,adaptive_quality
8,1687,53,0.03141671606401897,M5,strict,IS,adaptive_quality
9,1633,111,0.0679730557256583,M5,strict,IS,adaptive_quality
10,1564,103,0.06585677749360613,M5,strict,IS,adaptive_quality
11,1590,96,0.06037735849056604,M5,strict,IS,adaptive_quality
12,1893,90,0.04754358161648178,M5,strict,IS,adaptive_quality
13,1906,121,0.06348373557187828,M5,strict,IS,adaptive_quality
14,1413,77,0.05449398443029016,M5,strict,IS,adaptive_quality
15,825,72,0.08727272727272728,M5,strict,IS,adaptive_quality
16,361,41,0.11357340720221606,M5,strict,IS,adaptive_quality
17,494,54,0.10931174089068826,M5,strict,IS,adaptive_quality
18,1220,122,0.1,M5,strict,IS,adaptive_quality
19,1782,113,0.06341189674523008,M5,strict,IS,adaptive_quality
20,1626,75,0.046125461254612546,M5,strict,IS,adaptive_quality
21,1503,33,0.021956087824351298,M5,strict,IS,adaptive_quality
22,1426,19,0.01332398316970547,M5,strict,IS,adaptive_quality
23,1082,3,0.0027726432532347504,M5,strict,IS,adaptive_quality
0,788,0,0.0,M5,strict,IS,session_plus_adaptive
1,1552,0,0.0,M5,strict,IS,session_plus_adaptive
2,1664,0,0.0,M5,strict,IS,session_plus_adaptive
3,1591,0,0.0,M5,strict,IS,session_plus_adaptive
4,1593,0,0.0,M5,strict,IS,session_plus_adaptive
5,1574,0,0.0,M5,strict,IS,session_plus_adaptive
6,1535,0,0.0,M5,strict,IS,session_plus_adaptive
7,1776,33,0.018581081081081082,M5,strict,IS,session_plus_adaptive
8,1687,53,0.03141671606401897,M5,strict,IS,session_plus_adaptive
9,1633,111,0.0679730557256583,M5,strict,IS,session_plus_adaptive
10,1564,103,0.06585677749360613,M5,strict,IS,session_plus_adaptive
11,1590,96,0.06037735849056604,M5,strict,IS,session_plus_adaptive
12,1893,90,0.04754358161648178,M5,strict,IS,session_plus_adaptive
13,1906,121,0.06348373557187828,M5,strict,IS,session_plus_adaptive
14,1413,77,0.05449398443029016,M5,strict,IS,session_plus_adaptive
15,825,72,0.08727272727272728,M5,strict,IS,session_plus_adaptive
16,361,41,0.11357340720221606,M5,strict,IS,session_plus_adaptive
17,494,54,0.10931174089068826,M5,strict,IS,session_plus_adaptive
18,1220,122,0.1,M5,strict,IS,session_plus_adaptive
19,1782,113,0.06341189674523008,M5,strict,IS,session_plus_adaptive
20,1626,75,0.046125461254612546,M5,strict,IS,session_plus_adaptive
21,1503,0,0.0,M5,strict,IS,session_plus_adaptive
22,1426,0,0.0,M5,strict,IS,session_plus_adaptive
23,1082,0,0.0,M5,strict,IS,session_plus_adaptive
0,46,46,1.0,M5,strict,OOS,baseline_all_day
1,426,426,1.0,M5,strict,OOS,baseline_all_day
2,511,511,1.0,M5,strict,OOS,baseline_all_day
3,509,509,1.0,M5,strict,OOS,baseline_all_day
4,456,456,1.0,M5,strict,OOS,baseline_all_day
5,476,476,1.0,M5,strict,OOS,baseline_all_day
6,432,432,1.0,M5,strict,OOS,baseline_all_day
7,444,444,1.0,M5,strict,OOS,baseline_all_day
8,405,405,1.0,M5,strict,OOS,baseline_all_day
9,446,446,1.0,M5,strict,OOS,baseline_all_day
10,443,443,1.0,M5,strict,OOS,baseline_all_day
11,434,434,1.0,M5,strict,OOS,baseline_all_day
12,388,388,1.0,M5,strict,OOS,baseline_all_day
13,404,404,1.0,M5,strict,OOS,baseline_all_day
14,487,487,1.0,M5,strict,OOS,baseline_all_day
15,398,398,1.0,M5,strict,OOS,baseline_all_day
16,253,253,1.0,M5,strict,OOS,baseline_all_day
17,86,86,1.0,M5,strict,OOS,baseline_all_day
18,220,220,1.0,M5,strict,OOS,baseline_all_day
19,385,385,1.0,M5,strict,OOS,baseline_all_day
20,458,458,1.0,M5,strict,OOS,baseline_all_day
21,370,370,1.0,M5,strict,OOS,baseline_all_day
22,432,432,1.0,M5,strict,OOS,baseline_all_day
23,357,357,1.0,M5,strict,OOS,baseline_all_day
0,46,0,0.0,M5,strict,OOS,session_only
1,426,0,0.0,M5,strict,OOS,session_only
2,511,0,0.0,M5,strict,OOS,session_only
3,509,0,0.0,M5,strict,OOS,session_only
4,456,0,0.0,M5,strict,OOS,session_only
5,476,0,0.0,M5,strict,OOS,session_only
6,432,0,0.0,M5,strict,OOS,session_only
7,444,444,1.0,M5,strict,OOS,session_only
8,405,405,1.0,M5,strict,OOS,session_only
9,446,446,1.0,M5,strict,OOS,session_only
10,443,443,1.0,M5,strict,OOS,session_only
11,434,434,1.0,M5,strict,OOS,session_only
12,388,388,1.0,M5,strict,OOS,session_only
13,404,404,1.0,M5,strict,OOS,session_only
14,487,487,1.0,M5,strict,OOS,session_only
15,398,398,1.0,M5,strict,OOS,session_only
16,253,253,1.0,M5,strict,OOS,session_only
17,86,86,1.0,M5,strict,OOS,session_only
18,220,220,1.0,M5,strict,OOS,session_only
19,385,385,1.0,M5,strict,OOS,session_only
20,458,458,1.0,M5,strict,OOS,session_only
21,370,0,0.0,M5,strict,OOS,session_only
22,432,0,0.0,M5,strict,OOS,session_only
23,357,0,0.0,M5,strict,OOS,session_only
0,46,4,0.08695652173913043,M5,strict,OOS,volume_only
1,426,15,0.035211267605633804,M5,strict,OOS,volume_only
2,511,60,0.11741682974559686,M5,strict,OOS,volume_only
3,509,253,0.49705304518664045,M5,strict,OOS,volume_only
4,456,268,0.5877192982456141,M5,strict,OOS,volume_only
5,476,135,0.28361344537815125,M5,strict,OOS,volume_only
6,432,66,0.1527777777777778,M5,strict,OOS,volume_only
7,444,83,0.18693693693693694,M5,strict,OOS,volume_only
8,405,146,0.36049382716049383,M5,strict,OOS,volume_only
9,446,154,0.3452914798206278,M5,strict,OOS,volume_only
10,443,194,0.43792325056433407,M5,strict,OOS,volume_only
11,434,133,0.3064516129032258,M5,strict,OOS,volume_only
12,388,112,0.28865979381443296,M5,strict,OOS,volume_only
13,404,114,0.28217821782178215,M5,strict,OOS,volume_only
14,487,179,0.3675564681724846,M5,strict,OOS,volume_only
15,398,306,0.7688442211055276,M5,strict,OOS,volume_only
16,253,227,0.8972332015810277,M5,strict,OOS,volume_only
17,86,76,0.8837209302325582,M5,strict,OOS,volume_only
18,220,170,0.7727272727272727,M5,strict,OOS,volume_only
19,385,200,0.5194805194805194,M5,strict,OOS,volume_only
20,458,209,0.45633187772925765,M5,strict,OOS,volume_only
21,370,161,0.43513513513513513,M5,strict,OOS,volume_only
22,432,158,0.36574074074074076,M5,strict,OOS,volume_only
23,357,18,0.05042016806722689,M5,strict,OOS,volume_only
0,46,31,0.6739130434782609,M5,strict,OOS,atr_only
1,426,171,0.4014084507042254,M5,strict,OOS,atr_only
2,511,217,0.4246575342465753,M5,strict,OOS,atr_only
3,509,299,0.587426326129666,M5,strict,OOS,atr_only
4,456,338,0.7412280701754386,M5,strict,OOS,atr_only
5,476,305,0.6407563025210085,M5,strict,OOS,atr_only
6,432,237,0.5486111111111112,M5,strict,OOS,atr_only
7,444,142,0.31981981981981983,M5,strict,OOS,atr_only
8,405,174,0.42962962962962964,M5,strict,OOS,atr_only
9,446,283,0.6345291479820628,M5,strict,OOS,atr_only
10,443,329,0.7426636568848759,M5,strict,OOS,atr_only
11,434,316,0.728110599078341,M5,strict,OOS,atr_only
12,388,251,0.6469072164948454,M5,strict,OOS,atr_only
13,404,248,0.6138613861386139,M5,strict,OOS,atr_only
14,487,332,0.6817248459958932,M5,strict,OOS,atr_only
15,398,331,0.8316582914572864,M5,strict,OOS,atr_only
16,253,204,0.8063241106719368,M5,strict,OOS,atr_only
17,86,51,0.5930232558139535,M5,strict,OOS,atr_only
18,220,166,0.7545454545454545,M5,strict,OOS,atr_only
19,385,300,0.7792207792207793,M5,strict,OOS,atr_only
20,458,236,0.5152838427947598,M5,strict,OOS,atr_only
21,370,134,0.3621621621621622,M5,strict,OOS,atr_only
22,432,117,0.2708333333333333,M5,strict,OOS,atr_only
23,357,44,0.12324929971988796,M5,strict,OOS,atr_only
0,46,9,0.1956521739130435,M5,strict,OOS,adx_only
1,426,67,0.1572769953051643,M5,strict,OOS,adx_only
2,511,70,0.136986301369863,M5,strict,OOS,adx_only
3,509,46,0.09037328094302555,M5,strict,OOS,adx_only
4,456,34,0.07456140350877193,M5,strict,OOS,adx_only
5,476,74,0.15546218487394958,M5,strict,OOS,adx_only
6,432,85,0.19675925925925927,M5,strict,OOS,adx_only
7,444,100,0.22522522522522523,M5,strict,OOS,adx_only
8,405,60,0.14814814814814814,M5,strict,OOS,adx_only
9,446,58,0.13004484304932734,M5,strict,OOS,adx_only
10,443,68,0.15349887133182843,M5,strict,OOS,adx_only
11,434,66,0.15207373271889402,M5,strict,OOS,adx_only
12,388,48,0.12371134020618557,M5,strict,OOS,adx_only
13,404,71,0.17574257425742573,M5,strict,OOS,adx_only
14,487,60,0.12320328542094455,M5,strict,OOS,adx_only
15,398,45,0.11306532663316583,M5,strict,OOS,adx_only
16,253,28,0.11067193675889328,M5,strict,OOS,adx_only
17,86,7,0.08139534883720931,M5,strict,OOS,adx_only
18,220,19,0.08636363636363636,M5,strict,OOS,adx_only
19,385,49,0.12727272727272726,M5,strict,OOS,adx_only
20,458,56,0.1222707423580786,M5,strict,OOS,adx_only
21,370,53,0.14324324324324325,M5,strict,OOS,adx_only
22,432,66,0.1527777777777778,M5,strict,OOS,adx_only
23,357,45,0.12605042016806722,M5,strict,OOS,adx_only
0,46,2,0.043478260869565216,M5,strict,OOS,volume_atr
1,426,10,0.023474178403755867,M5,strict,OOS,volume_atr
2,511,52,0.10176125244618395,M5,strict,OOS,volume_atr
3,509,190,0.37328094302554027,M5,strict,OOS,volume_atr
4,456,222,0.4868421052631579,M5,strict,OOS,volume_atr
5,476,99,0.20798319327731093,M5,strict,OOS,volume_atr
6,432,56,0.12962962962962962,M5,strict,OOS,volume_atr
7,444,42,0.0945945945945946,M5,strict,OOS,volume_atr
8,405,79,0.19506172839506172,M5,strict,OOS,volume_atr
9,446,114,0.2556053811659193,M5,strict,OOS,volume_atr
10,443,150,0.33860045146726864,M5,strict,OOS,volume_atr
11,434,107,0.2465437788018433,M5,strict,OOS,volume_atr
12,388,85,0.2190721649484536,M5,strict,OOS,volume_atr
13,404,91,0.22524752475247525,M5,strict,OOS,volume_atr
14,487,152,0.31211498973305957,M5,strict,OOS,volume_atr
15,398,269,0.6758793969849246,M5,strict,OOS,volume_atr
16,253,186,0.7351778656126482,M5,strict,OOS,volume_atr
17,86,44,0.5116279069767442,M5,strict,OOS,volume_atr
18,220,132,0.6,M5,strict,OOS,volume_atr
19,385,173,0.44935064935064933,M5,strict,OOS,volume_atr
20,458,134,0.2925764192139738,M5,strict,OOS,volume_atr
21,370,95,0.25675675675675674,M5,strict,OOS,volume_atr
22,432,69,0.1597222222222222,M5,strict,OOS,volume_atr
23,357,9,0.025210084033613446,M5,strict,OOS,volume_atr
0,46,0,0.0,M5,strict,OOS,adaptive_quality
1,426,2,0.004694835680751174,M5,strict,OOS,adaptive_quality
2,511,21,0.0410958904109589,M5,strict,OOS,adaptive_quality
3,509,16,0.03143418467583497,M5,strict,OOS,adaptive_quality
4,456,13,0.02850877192982456,M5,strict,OOS,adaptive_quality
5,476,18,0.037815126050420166,M5,strict,OOS,adaptive_quality
6,432,5,0.011574074074074073,M5,strict,OOS,adaptive_quality
7,444,8,0.018018018018018018,M5,strict,OOS,adaptive_quality
8,405,17,0.04197530864197531,M5,strict,OOS,adaptive_quality
9,446,17,0.03811659192825112,M5,strict,OOS,adaptive_quality
10,443,20,0.045146726862302484,M5,strict,OOS,adaptive_quality
11,434,21,0.04838709677419355,M5,strict,OOS,adaptive_quality
12,388,12,0.030927835051546393,M5,strict,OOS,adaptive_quality
13,404,17,0.04207920792079208,M5,strict,OOS,adaptive_quality
14,487,28,0.057494866529774126,M5,strict,OOS,adaptive_quality
15,398,35,0.08793969849246232,M5,strict,OOS,adaptive_quality
16,253,19,0.07509881422924901,M5,strict,OOS,adaptive_quality
17,86,5,0.05813953488372093,M5,strict,OOS,adaptive_quality
18,220,7,0.031818181818181815,M5,strict,OOS,adaptive_quality
19,385,24,0.06233766233766234,M5,strict,OOS,adaptive_quality
20,458,17,0.03711790393013101,M5,strict,OOS,adaptive_quality
21,370,17,0.04594594594594595,M5,strict,OOS,adaptive_quality
22,432,12,0.027777777777777776,M5,strict,OOS,adaptive_quality
23,357,0,0.0,M5,strict,OOS,adaptive_quality
0,46,0,0.0,M5,strict,OOS,session_plus_adaptive
1,426,0,0.0,M5,strict,OOS,session_plus_adaptive
2,511,0,0.0,M5,strict,OOS,session_plus_adaptive
3,509,0,0.0,M5,strict,OOS,session_plus_adaptive
4,456,0,0.0,M5,strict,OOS,session_plus_adaptive
5,476,0,0.0,M5,strict,OOS,session_plus_adaptive
6,432,0,0.0,M5,strict,OOS,session_plus_adaptive
7,444,8,0.018018018018018018,M5,strict,OOS,session_plus_adaptive
8,405,17,0.04197530864197531,M5,strict,OOS,session_plus_adaptive
9,446,17,0.03811659192825112,M5,strict,OOS,session_plus_adaptive
10,443,20,0.045146726862302484,M5,strict,OOS,session_plus_adaptive
11,434,21,0.04838709677419355,M5,strict,OOS,session_plus_adaptive
12,388,12,0.030927835051546393,M5,strict,OOS,session_plus_adaptive
13,404,17,0.04207920792079208,M5,strict,OOS,session_plus_adaptive
14,487,28,0.057494866529774126,M5,strict,OOS,session_plus_adaptive
15,398,35,0.08793969849246232,M5,strict,OOS,session_plus_adaptive
16,253,19,0.07509881422924901,M5,strict,OOS,session_plus_adaptive
17,86,5,0.05813953488372093,M5,strict,OOS,session_plus_adaptive
18,220,7,0.031818181818181815,M5,strict,OOS,session_plus_adaptive
19,385,24,0.06233766233766234,M5,strict,OOS,session_plus_adaptive
20,458,17,0.03711790393013101,M5,strict,OOS,session_plus_adaptive
21,370,0,0.0,M5,strict,OOS,session_plus_adaptive
22,432,0,0.0,M5,strict,OOS,session_plus_adaptive
23,357,0,0.0,M5,strict,OOS,session_plus_adaptive
