timeframe,strategy_name,exit_model,parameter_set,profit_factor,sharpe,sortino,calmar,max_drawdown,expectancy,win_rate,trade_count,profit_per_trade,parameter_stability_score,robust_score,leg_c_lot_rule
M15,trend_pullback,fixed_tp,"{""adx_threshold"": 18.0, ""atr_stop"": 3.0, ""atr_target"": 2.0, ""confirmation_bars"": 1, ""leg_a_atr_target"": 1.0, ""pullback_rsi"": 25, ""session_filter"": ""NY""}",1.5701193932750315,7.425039957144191,9.725821807618376,303.8700923185775,14.470222783613965,26.975876890350722,0.6331288343558282,2445,26.975876890350722,19.94235182424771,18.72963911118923,A_if_A_hits_first_else_B
M15,trend_pullback,fixed_tp,"{""adx_threshold"": 15.0, ""atr_stop"": 3.0, ""atr_target"": 2.0, ""confirmation_bars"": 2, ""leg_a_atr_target"": 1.0, ""pullback_rsi"": 25, ""session_filter"": ""NY""}",1.5803378011906157,7.895020422970441,10.502188342956613,258.9332295786784,18.57292237716107,27.17032075611542,0.6312617702448211,2655,27.17032075611542,19.23924397607127,18.48333961411059,A_if_A_hits_first_else_B
M15,trend_pullback,fixed_tp,"{""adx_threshold"": 15.0, ""atr_stop"": 3.0, ""atr_target"": 2.0, ""confirmation_bars"": 1, ""leg_a_atr_target"": 1.0, ""pullback_rsi"": 25, ""session_filter"": ""NY""}",1.5725062793249995,7.924692686335836,10.578894145104915,271.4989886015786,17.965267244613926,26.927964042343163,0.631947000368053,2717,26.927964042343163,19.23924397607127,18.396948459917176,A_if_A_hits_first_else_B
M15,trend_pullback,fixed_tp,"{""adx_threshold"": 18.0, ""atr_stop"": 3.0, ""atr_target"": 2.0, ""confirmation_bars"": 1, ""leg_a_atr_target"": 1.5, ""pullback_rsi"": 25, ""session_filter"": ""NY""}",1.4603295567302468,6.214858704655705,9.516893066885684,199.24703857409918,20.364642701717635,29.16335469528187,0.6003833253473886,2087,29.16335469528187,17.156326159084134,18.219586826282566,A_if_A_hits_first_else_B
M15,trend_pullback,fixed_tp,"{""adx_threshold"": 18.0, ""atr_stop"": 3.0, ""atr_target"": 2.0, ""confirmation_bars"": 2, ""leg_a_atr_target"": 1.0, ""pullback_rsi"": 25, ""session_filter"": ""NY""}",1.5103752212160446,6.496554112142986,8.59368960757791,207.38042410440738,17.996355584770953,24.82544470179724,0.6261640798226165,2255,24.82544470179724,19.94235182424771,17.965039010783713,A_if_A_hits_first_else_B
M15,trend_pullback,fixed_tp,"{""adx_threshold"": 15.0, ""atr_stop"": 3.0, ""atr_target"": 2.0, ""confirmation_bars"": 2, ""leg_a_atr_target"": 1.5, ""pullback_rsi"": 25, ""session_filter"": ""NY""}",1.4436665095265793,6.323330849870246,9.972374869320218,204.64125779335296,20.78655552698797,28.08398020401099,0.5915492957746479,2272,28.08398020401099,16.427888843764876,17.51067635300336,A_if_A_hits_first_else_B
M15,trend_pullback,fixed_tp,"{""adx_threshold"": 18.0, ""atr_stop"": 2.5, ""atr_target"": 2.0, ""confirmation_bars"": 1, ""leg_a_atr_target"": 1.0, ""pullback_rsi"": 25, ""session_filter"": ""NY""}",1.5429431399193623,7.2758364164572304,10.260155920671533,350.8215205803859,11.856341004668069,24.916890453937086,0.6110223642172524,2504,24.916890453937086,18.49007822276793,17.35003548710742,A_if_A_hits_first_else_B
M15,trend_pullback,fixed_tp,"{""adx_threshold"": 15.0, ""atr_stop"": 3.0, ""atr_target"": 2.0, ""confirmation_bars"": 1, ""leg_a_atr_target"": 1.5, ""pullback_rsi"": 25, ""session_filter"": ""NY""}",1.4302815325945566,6.247777827382341,9.868933497784791,212.34659121069132,20.008090278766563,27.34008859286908,0.5898755898755899,2331,27.34008859286908,16.427888843764876,17.247637293717283,A_if_A_hits_first_else_B
M15,trend_pullback,fixed_tp,"{""adx_threshold"": 18.0, ""atr_stop"": 3.0, ""atr_target"": 2.0, ""confirmation_bars"": 2, ""leg_a_atr_target"": 1.5, ""pullback_rsi"": 25, ""session_filter"": ""NY""}",1.4040040684354722,5.321996926453127,8.211557066029904,119.09147086446285,28.30350252124895,26.224370429498723,0.5902489626556017,1928,26.224370429498723,17.156326159084134,17.179677235599506,A_if_A_hits_first_else_B
M15,trend_pullback,fixed_tp_plus_mr,"{""adx_threshold"": 15.0, ""atr_stop"": 3.0, ""atr_target"": 2.0, ""confirmation_bars"": 1, ""leg_a_atr_target"": 1.0, ""pullback_rsi"": 25, ""session_filter"": ""NY""}",1.5885381685518458,8.112551289255341,10.273267448627788,297.57272828079107,15.796758557264901,25.86583570365879,0.6382978723404256,2726,25.86583570365879,17.160785229996954,17.093103483489575,A_if_A_hits_first_else_B
M5,trend_pullback,fixed_tp,"{""adx_threshold"": 20, ""atr_stop"": 3.0, ""atr_target"": 1.0, ""confirmation_bars"": 1, ""leg_a_atr_target"": 1.0, ""pullback_rsi"": 30, ""session_filter"": ""NY""}",1.7459082071645293,15.61339858713177,13.341788835600484,291.14996902804523,29.4640897509172,18.928660234817006,0.7975875257428655,6798,18.928660234817006,11.58784779955047,12.18874423341657,A_if_A_hits_first_else_B
M5,trend_pullback,fixed_tp_plus_mr,"{""adx_threshold"": 20, ""atr_stop"": 3.0, ""atr_target"": 1.0, ""confirmation_bars"": 1, ""leg_a_atr_target"": 1.0, ""pullback_rsi"": 30, ""session_filter"": ""NY""}",1.7463859422208867,15.537151347618126,13.190443976722028,351.2865362897066,24.207670647557492,18.7639646368545,0.7905266254780818,6798,18.7639646368545,11.602967495855355,12.13800018447816,A_if_A_hits_first_else_B
M5,trend_pullback,fixed_tp,"{""adx_threshold"": 20, ""atr_stop"": 3.0, ""atr_target"": 1.0, ""confirmation_bars"": 2, ""leg_a_atr_target"": 1.0, ""pullback_rsi"": 30, ""session_filter"": ""NY""}",1.722889573843645,15.119173881257346,12.913499848979546,280.75442789418565,29.4640897509172,18.497704967445635,0.7966607036374478,6708,18.497704967445635,11.58784779955047,12.033306163172414,A_if_A_hits_first_else_B
M5,trend_pullback,fixed_tp_plus_mr,"{""adx_threshold"": 20, ""atr_stop"": 3.0, ""atr_target"": 1.0, ""confirmation_bars"": 2, ""leg_a_atr_target"": 1.0, ""pullback_rsi"": 30, ""session_filter"": ""NY""}",1.7231517198133806,15.041048005612307,12.761882759156578,338.63372216988574,24.207670647557492,18.330799678991678,0.789505068574836,6708,18.330799678991678,11.602967495855355,11.981745604744672,A_if_A_hits_first_else_B
M5,trend_pullback,fixed_tp,"{""adx_threshold"": 20, ""atr_stop"": 2.5, ""atr_target"": 1.0, ""confirmation_bars"": 1, ""leg_a_atr_target"": 1.0, ""pullback_rsi"": 30, ""session_filter"": ""NY""}",1.7676361278361965,16.9571100811368,16.486240092119715,363.9032699908047,24.2391826052471,18.582972918441634,0.7688202247191012,7120,18.582972918441634,11.25786772197266,11.92360822190951,A_if_A_hits_first_else_B
M5,trend_pullback,fixed_tp_plus_mr,"{""adx_threshold"": 20, ""atr_stop"": 2.5, ""atr_target"": 1.0, ""confirmation_bars"": 1, ""leg_a_atr_target"": 1.0, ""pullback_rsi"": 30, ""session_filter"": ""NY""}",1.7695761342239849,16.92657597523983,16.36255548066739,362.6292811472639,24.2391826052471,18.517915794391858,0.7654494382022472,7120,18.517915794391858,11.273816682563712,11.908403262035618,A_if_A_hits_first_else_B
M5,trend_pullback,fixed_tp,"{""adx_threshold"": 20, ""atr_stop"": 3.0, ""atr_target"": 1.0, ""confirmation_bars"": 1, ""leg_a_atr_target"": 0.8, ""pullback_rsi"": 30, ""session_filter"": ""NY""}",1.9164565382543812,18.6092405042555,14.380613563283415,687.7829546834223,13.777610635079588,17.94018506450732,0.7921241953805377,7923,17.94018506450732,11.58784779955047,11.87688759002615,A_if_A_hits_first_else_B
M5,trend_pullback,fixed_tp_plus_mr,"{""adx_threshold"": 20, ""atr_stop"": 3.0, ""atr_target"": 1.0, ""confirmation_bars"": 1, ""leg_a_atr_target"": 0.8, ""pullback_rsi"": 30, ""session_filter"": ""NY""}",1.9229583563903287,18.632336431465,14.402085657743063,673.5995561537557,14.038270625608225,17.902636998439966,0.7878328915814716,7923,17.902636998439966,11.602967495855355,11.871849993866963,A_if_A_hits_first_else_B
M5,trend_pullback,fixed_tp,"{""adx_threshold"": 20, ""atr_stop"": 2.5, ""atr_target"": 1.0, ""confirmation_bars"": 2, ""leg_a_atr_target"": 1.0, ""pullback_rsi"": 30, ""session_filter"": ""NY""}",1.7466413285012987,16.462808901181624,15.977672595405423,351.53291680424303,24.2391826052471,18.206988380711927,0.7678062678062678,7020,18.206988380711927,11.25786772197266,11.787814673837131,A_if_A_hits_first_else_B
M5,trend_pullback,fixed_tp_plus_mr,"{""adx_threshold"": 20, ""atr_stop"": 2.5, ""atr_target"": 1.0, ""confirmation_bars"": 2, ""leg_a_atr_target"": 1.0, ""pullback_rsi"": 30, ""session_filter"": ""NY""}",1.748466875156056,16.431463036817625,15.855507208432735,350.2589279607023,24.2391826052471,18.141004517003317,0.7643874643874644,7020,18.141004517003317,11.273816682563712,11.772262463136043,A_if_A_hits_first_else_B
M15,trend_pullback,fixed_tp,"{""adx_threshold"": 20.0, ""atr_stop"": 3.0, ""atr_target"": 2.0, ""confirmation_bars"": 1, ""leg_a_atr_target"": 1.0, ""pullback_rsi"": 25, ""session_filter"": ""NY""}",1.4558883868448151,5.814298486217885,7.563918641311189,165.84075317222755,19.061458418666483,22.35619958071248,0.6237623762376238,2121,22.35619958071248,19.94235182424771,17.0899058515298,A_if_A_hits_first_else_B
M15,trend_pullback,fixed_tp,"{""adx_threshold"": 20.0, ""atr_stop"": 3.0, ""atr_target"": 2.0, ""confirmation_bars"": 2, ""leg_a_atr_target"": 1.0, ""pullback_rsi"": 25, ""session_filter"": ""NY""}",1.4350197654629633,5.360056642727619,6.989532079958938,141.8450601328691,19.994408167307938,21.771556004193346,0.6197543500511771,1954,21.771556004193346,19.94235182424771,16.881106875471733,A_if_A_hits_first_else_B
M15,trend_pullback,fixed_tp,"{""adx_threshold"": 15.0, ""atr_stop"": 2.5, ""atr_target"": 2.0, ""confirmation_bars"": 1, ""leg_a_atr_target"": 1.0, ""pullback_rsi"": 25, ""session_filter"": ""NY""}",1.5377435848394232,7.6855155564349795,11.028529656425897,368.6416525728274,12.419638334272683,24.562210299909445,0.6097997138769671,2796,24.562210299909445,16.990034792915075,16.549837978747973,A_if_A_hits_first_else_B
M15,trend_pullback,fixed_tp,"{""adx_threshold"": 15.0, ""atr_stop"": 2.5, ""atr_target"": 2.0, ""confirmation_bars"": 2, ""leg_a_atr_target"": 1.0, ""pullback_rsi"": 25, ""session_filter"": ""NY""}",1.5362300735433143,7.54227679910285,10.755982980982264,341.43813284824284,13.069632984071658,24.528056521216016,0.6075485525833638,2729,24.528056521216016,16.990034792915075,16.537581453946054,A_if_A_hits_first_else_B
M15,trend_pullback,fixed_tp,"{""adx_threshold"": 18.0, ""atr_stop"": 2.5, ""atr_target"": 2.0, ""confirmation_bars"": 2, ""leg_a_atr_target"": 1.0, ""pullback_rsi"": 25, ""session_filter"": ""NY""}",1.4792077704231106,6.302712313273419,8.950009808121232,264.54176650497584,13.240896947685894,22.60824183724937,0.6037005163511188,2324,22.60824183724937,18.49007822276793,16.529261397367467,A_if_A_hits_first_else_B
M15,trend_pullback,fixed_tp,"{""adx_threshold"": 18.0, ""atr_stop"": 2.5, ""atr_target"": 2.0, ""confirmation_bars"": 1, ""leg_a_atr_target"": 1.0, ""pullback_rsi"": 30, ""session_filter"": ""NY""}",1.5136818282967117,8.192876500622095,11.723110857009424,220.88895548988992,25.483618888828502,23.717907128324786,0.6,3560,23.717907128324786,17.114451145412694,16.305506876008728,A_if_A_hits_first_else_B
M15,trend_pullback,fixed_tp,"{""adx_threshold"": 20.0, ""atr_stop"": 2.5, ""atr_target"": 2.0, ""confirmation_bars"": 2, ""leg_a_atr_target"": 1.0, ""pullback_rsi"": 25, ""session_filter"": ""NY""}",1.4493695325348248,5.6114393989442535,7.751067316991421,160.51652532381402,17.8596733792439,21.351336004874277,0.6032770605759682,2014,21.351336004874277,18.49007822276793,16.08337670845853,A_if_A_hits_first_else_B
M15,trend_pullback,fixed_tp,"{""adx_threshold"": 20.0, ""atr_stop"": 2.5, ""atr_target"": 2.0, ""confirmation_bars"": 1, ""leg_a_atr_target"": 1.0, ""pullback_rsi"": 25, ""session_filter"": ""NY""}",1.445016903341703,5.82570365067005,8.069601439208718,182.93573943649258,16.730945853575538,21.021208456014836,0.6048534798534798,2184,21.021208456014836,18.49007822276793,15.966961540519101,A_if_A_hits_first_else_B
M15,trend_pullback,fixed_tp,"{""adx_threshold"": 20.0, ""atr_stop"": 3.0, ""atr_target"": 2.0, ""confirmation_bars"": 1, ""leg_a_atr_target"": 1.5, ""pullback_rsi"": 25, ""session_filter"": ""NY""}",1.3457123604954933,4.574092998498657,7.054958670908689,93.37104800011761,29.2731292457472,22.726685886238702,0.585920177383592,1804,22.726685886238702,17.156326159084134,15.943829303870505,A_if_A_hits_first_else_B
M15,trend_pullback,fixed_tp,"{""adx_threshold"": 18.0, ""atr_stop"": 3.0, ""atr_target"": 2.0, ""confirmation_bars"": 1, ""leg_a_atr_target"": 2.0, ""pullback_rsi"": 25, ""session_filter"": ""NY""}",1.301379005883903,4.247258612666628,7.25916828949734,103.73591645584575,29.243331504205905,23.774167663094893,0.5506792058516197,1914,23.774167663094893,16.06997494040967,15.812723206444344,A_if_A_hits_first_else_B
M15,trend_pullback,fixed_tp,"{""adx_threshold"": 18.0, ""atr_stop"": 2.5, ""atr_target"": 2.0, ""confirmation_bars"": 2, ""leg_a_atr_target"": 1.0, ""pullback_rsi"": 30, ""session_filter"": ""NY""}",1.4723782082500032,7.412642554973629,10.636940228719785,182.3469775288655,27.37813818927558,22.280515096022025,0.5968461767331151,3361,22.280515096022025,17.114451145412694,15.794158940693423,A_if_A_hits_first_else_B
M15,trend_pullback,fixed_tp,"{""adx_threshold"": 18.0, ""atr_stop"": 2.0, ""atr_target"": 2.0, ""confirmation_bars"": 1, ""leg_a_atr_target"": 1.0, ""pullback_rsi"": 25, ""session_filter"": ""NY""}",1.5541162677246672,7.560192173621157,12.671754770664675,165.88990592500218,24.876827991904776,23.87281906260823,0.5699961434631701,2593,23.87281906260823,15.267480716922954,15.536676248073144,A_if_A_hits_first_else_B
M15,trend_pullback,fixed_tp,"{""adx_threshold"": 18.0, ""atr_stop"": 2.5, ""atr_target"": 2.0, ""confirmation_bars"": 1, ""leg_a_atr_target"": 1.5, ""pullback_rsi"": 30, ""session_filter"": ""NY""}",1.415726509536895,6.788865060788368,11.448177359505424,185.22004054563803,27.712332035477267,25.33504078590959,0.5524843698585061,3039,25.33504078590959,14.002067688953158,15.451340037004655,A_if_A_hits_first_else_B
M15,trend_pullback,fixed_tp,"{""adx_threshold"": 18.0, ""atr_stop"": 2.5, ""atr_target"": 2.0, ""confirmation_bars"": 1, ""leg_a_atr_target"": 1.5, ""pullback_rsi"": 25, ""session_filter"": ""NY""}",1.387585279134968,5.460342758695713,9.030825521949502,204.89613767998918,16.79960860085016,23.804805787342524,0.5583218072844629,2169,23.804805787342524,15.183155620077084,15.441619110431565,A_if_A_hits_first_else_B
M15,trend_pullback,fixed_tp,"{""adx_threshold"": 18.0, ""atr_stop"": 2.0, ""atr_target"": 2.0, ""confirmation_bars"": 2, ""leg_a_atr_target"": 1.0, ""pullback_rsi"": 25, ""session_filter"": ""NY""}",1.5162155894522047,6.85736497521482,11.547015729158868,146.97668696299496,24.76862858411561,22.592538083845128,0.5639222176251552,2417,22.592538083845128,15.267480716922954,15.080997769851566,A_if_A_hits_first_else_B
M15,trend_pullback,fixed_tp,"{""adx_threshold"": 15.0, ""atr_stop"": 2.0, ""atr_target"": 2.0, ""confirmation_bars"": 1, ""leg_a_atr_target"": 1.0, ""pullback_rsi"": 25, ""session_filter"": ""NY""}",1.5496215390449926,7.99078416679191,13.515214172827768,286.8062327345266,15.89711568742221,23.526273795946878,0.5682834537323701,2907,23.526273795946878,14.011675526762186,14.849374123433389,A_if_A_hits_first_else_B
M15,trend_pullback,fixed_tp,"{""adx_threshold"": 15.0, ""atr_stop"": 2.0, ""atr_target"": 2.0, ""confirmation_bars"": 2, ""leg_a_atr_target"": 1.0, ""pullback_rsi"": 25, ""session_filter"": ""NY""}",1.5454482485158836,7.817217821717557,13.233226052979063,247.5275342824838,17.8343683959545,23.398395236056913,0.566077738515901,2830,23.398395236056913,14.011675526762186,14.80378196936608,A_if_A_hits_first_else_B
M15,trend_pullback,fixed_tp,"{""adx_threshold"": 15.0, ""atr_stop"": 3.0, ""atr_target"": 2.0, ""confirmation_bars"": 1, ""leg_a_atr_target"": 2.0, ""pullback_rsi"": 25, ""session_filter"": ""NY""}",1.2781186647632719,4.2017207110860095,7.268952202161299,108.83607864622672,28.73814885732387,21.923463288663623,0.5429906542056074,2140,21.923463288663623,15.24208653647085,14.787774825396804,A_if_A_hits_first_else_B
M15,trend_pullback,fixed_tp,"{""adx_threshold"": 15.0, ""atr_stop"": 2.5, ""atr_target"": 2.0, ""confirmation_bars"": 2, ""leg_a_atr_target"": 1.0, ""pullback_rsi"": 30, ""session_filter"": ""NY""}",1.4871675212283473,8.277535953785257,11.93582700516462,230.0657933672478,25.651569658118035,22.473529034692067,0.591012947448591,3939,22.473529034692067,14.652331951236253,14.756718044444206,A_if_A_hits_first_else_B
M15,trend_pullback,fixed_tp,"{""adx_threshold"": 18.0, ""atr_stop"": 3.0, ""atr_target"": 2.5, ""confirmation_bars"": 1, ""leg_a_atr_target"": 1.0, ""pullback_rsi"": 25, ""session_filter"": ""NY""}",1.4048714049110063,5.333315888702928,7.3838420595222924,201.7001912311353,16.92539457607006,21.20407032705439,0.5946169772256729,2415,21.20407032705439,15.54795609089679,14.698979136354792,A_if_A_hits_first_else_B
M15,trend_pullback,fixed_tp,"{""adx_threshold"": 15.0, ""atr_stop"": 2.5, ""atr_target"": 2.0, ""confirmation_bars"": 1, ""leg_a_atr_target"": 1.0, ""pullback_rsi"": 30, ""session_filter"": ""NY""}",1.4839203241566028,8.36095995581721,12.073553089823806,232.13232868508152,25.741080601155442,22.1691948410212,0.5931239178827603,4043,22.1691948410212,14.652331951236253,14.649551637245054,A_if_A_hits_first_else_B
M15,trend_pullback,fixed_tp,"{""adx_threshold"": 18.0, ""atr_stop"": 3.0, ""atr_target"": 2.5, ""confirmation_bars"": 2, ""leg_a_atr_target"": 1.0, ""pullback_rsi"": 25, ""session_filter"": ""NY""}",1.3917815141242924,4.972706420297648,6.976665347029697,139.90827169380458,22.154992255582375,20.812444108335875,0.5926589077887198,2234,20.812444108335875,15.54795609089679,14.55929198164597,A_if_A_hits_first_else_B
M15,trend_pullback,fixed_tp,"{""adx_threshold"": 20.0, ""atr_stop"": 2.0, ""atr_target"": 2.0, ""confirmation_bars"": 2, ""leg_a_atr_target"": 1.0, ""pullback_rsi"": 25, ""session_filter"": ""NY""}",1.472648537262409,6.02074990500776,9.820727719522644,120.66397492698249,24.433491038788013,21.088999642939672,0.5636623748211731,2097,21.088999642939672,15.267480716922954,14.546045905096696,A_if_A_hits_first_else_B
M15,trend_pullback,fixed_tp,"{""adx_threshold"": 15.0, ""atr_stop"": 3.0, ""atr_target"": 2.5, ""confirmation_bars"": 2, ""leg_a_atr_target"": 1.0, ""pullback_rsi"": 25, ""session_filter"": ""NY""}",1.3859479648196613,5.373904134113954,7.475423117582771,143.63778779538438,24.57694808837931,20.1724483095818,0.5900952380952381,2625,20.1724483095818,15.969231160833367,14.523700523692575,A_if_A_hits_first_else_B
M15,trend_pullback,fixed_tp,"{""adx_threshold"": 15.0, ""atr_stop"": 3.0, ""atr_target"": 2.5, ""confirmation_bars"": 1, ""leg_a_atr_target"": 1.0, ""pullback_rsi"": 25, ""session_filter"": ""NY""}",1.3847133791575534,5.439428577675193,7.594464517991992,153.17701115925578,23.536943621495475,20.12645334442462,0.5906215109787868,2687,20.12645334442462,15.969231160833367,14.50735536875514,A_if_A_hits_first_else_B
M15,trend_pullback,fixed_tp,"{""adx_threshold"": 18.0, ""atr_stop"": 2.5, ""atr_target"": 2.0, ""confirmation_bars"": 2, ""leg_a_atr_target"": 1.5, ""pullback_rsi"": 25, ""session_filter"": ""NY""}",1.33467248225115,4.608532891967624,7.656628464191568,124.44716075879352,22.673461159816302,21.004822823180554,0.5493796526054591,2015,21.004822823180554,15.183155620077084,14.45104251359811,A_if_A_hits_first_else_B
M15,trend_pullback,fixed_tp,"{""adx_threshold"": 20.0, ""atr_stop"": 2.0, ""atr_target"": 2.0, ""confirmation_bars"": 1, ""leg_a_atr_target"": 1.0, ""pullback_rsi"": 25, ""session_filter"": ""NY""}",1.4653470923466798,6.20514068251059,10.18702888919533,126.1848845860453,24.76862858411561,20.643504222201102,0.5627476882430648,2271,20.643504222201102,15.267480716922954,14.388662218855051,A_if_A_hits_first_else_B
M15,trend_pullback,fixed_tp,"{""adx_threshold"": 18.0, ""atr_stop"": 2.5, ""atr_target"": 2.5, ""confirmation_bars"": 2, ""leg_a_atr_target"": 1.0, ""pullback_rsi"": 30, ""session_filter"": ""NY""}",1.4277757594265854,6.503518975641117,10.642461973008944,164.22607055108608,28.309124462550294,21.004953032648743,0.566566265060241,3320,21.004953032648743,14.619103624827938,14.21588534448495,A_if_A_hits_first_else_B
M15,trend_pullback,fixed_tp,"{""adx_threshold"": 18.0, ""atr_stop"": 2.5, ""atr_target"": 2.5, ""confirmation_bars"": 1, ""leg_a_atr_target"": 1.0, ""pullback_rsi"": 30, ""session_filter"": ""NY""}",1.4316731768666315,6.751205068372515,10.913665816807871,177.36268079023975,27.664275810425366,20.97439492672107,0.567113137646053,3509,20.97439492672107,14.619103624827938,14.205969490898273,A_if_A_hits_first_else_B
M15,trend_pullback,fixed_tp,"{""adx_threshold"": 20.0, ""atr_stop"": 3.0, ""atr_target"": 2.5, ""confirmation_bars"": 2, ""leg_a_atr_target"": 1.0, ""pullback_rsi"": 25, ""session_filter"": ""NY""}",1.3686214170486382,4.456983251981069,6.244890278561392,109.00482424305201,23.38479978561215,19.719360422302326,0.589994842702424,1939,19.719360422302326,15.54795609089679,14.172080672119097,A_if_A_hits_first_else_B
M15,trend_pullback,fixed_tp,"{""adx_threshold"": 20.0, ""atr_stop"": 3.0, ""atr_target"": 2.5, ""confirmation_bars"": 1, ""leg_a_atr_target"": 1.0, ""pullback_rsi"": 25, ""session_filter"": ""NY""}",1.3701521395557636,4.663815204595466,6.576009641903913,127.68715733007089,21.55783980265834,19.624472071614772,0.589828897338403,2104,19.624472071614772,15.54795609089679,14.139175893879878,A_if_A_hits_first_else_B
M15,trend_pullback,fixed_tp,"{""adx_threshold"": 15.0, ""atr_stop"": 2.5, ""atr_target"": 2.0, ""confirmation_bars"": 1, ""leg_a_atr_target"": 1.5, ""pullback_rsi"": 25, ""session_filter"": ""NY""}",1.3677377212404438,5.549614110769112,9.440574205578526,224.28059309493213,16.264707993578256,22.54547809218553,0.5496497733827771,2427,22.54547809218553,13.123598384642852,14.070084149602307,A_if_A_hits_first_else_B
M15,trend_pullback,fixed_tp,"{""adx_threshold"": 15.0, ""atr_stop"": 2.5, ""atr_target"": 2.0, ""confirmation_bars"": 2, ""leg_a_atr_target"": 1.5, ""pullback_rsi"": 25, ""session_filter"": ""NY""}",1.357113296781077,5.327362914441797,8.921319776459393,186.8119991386369,18.65040677766122,22.060699292214096,0.5474883917264669,2369,22.060699292214096,13.123598384642852,13.898286684720432,A_if_A_hits_first_else_B
M15,trend_pullback,fixed_tp,"{""adx_threshold"": 20.0, ""atr_stop"": 2.5, ""atr_target"": 2.5, ""confirmation_bars"": 2, ""leg_a_atr_target"": 1.0, ""pullback_rsi"": 25, ""session_filter"": ""NY""}",1.391000014825398,4.805096265442017,7.4533923406080325,194.61799999715166,13.366774044413704,19.539921113702846,0.5748622934401603,1997,19.539921113702846,14.711816183616442,13.737489675388474,A_if_A_hits_first_else_B
M15,trend_pullback,fixed_tp,"{""adx_threshold"": 20.0, ""atr_stop"": 2.5, ""atr_target"": 2.5, ""confirmation_bars"": 1, ""leg_a_atr_target"": 1.0, ""pullback_rsi"": 25, ""session_filter"": ""NY""}",1.3865785553439876,4.955857934081623,7.8006963926807025,208.18414904665846,13.331027064776602,19.246244975024215,0.5723532131299122,2163,19.246244975024215,14.711816183616442,13.633818734954673,A_if_A_hits_first_else_B
M15,trend_pullback,fixed_tp,"{""adx_threshold"": 18.0, ""atr_stop"": 2.0, ""atr_target"": 2.0, ""confirmation_bars"": 1, ""leg_a_atr_target"": 1.5, ""pullback_rsi"": 25, ""session_filter"": ""NY""}",1.385468737484586,5.511961952240838,10.737471010458547,122.12379083961848,27.144297527510997,21.780318749921992,0.5019710906701709,2283,21.780318749921992,12.523690073478626,13.535865843034994,A_if_A_hits_first_else_B
M15,trend_pullback,fixed_tp,"{""adx_threshold"": 18.0, ""atr_stop"": 2.5, ""atr_target"": 2.5, ""confirmation_bars"": 1, ""leg_a_atr_target"": 1.0, ""pullback_rsi"": 25, ""session_filter"": ""NY""}",1.3794318674587738,5.180328301720132,7.96724953051219,278.4896253816255,11.240317260636315,18.940974645533828,0.5740217829770069,2479,18.940974645533828,14.711816183616442,13.525544782055993,A_if_A_hits_first_else_B
M15,trend_pullback,fixed_tp,"{""adx_threshold"": 18.0, ""atr_stop"": 2.5, ""atr_target"": 2.5, ""confirmation_bars"": 2, ""leg_a_atr_target"": 1.0, ""pullback_rsi"": 25, ""session_filter"": ""NY""}",1.3752334434580553,4.914258387477519,7.7025012824081225,189.99965305716253,15.269620895885458,18.904578665503713,0.5708079930495221,2302,18.904578665503713,14.711816183616442,13.51196650424531,A_if_A_hits_first_else_B
M15,trend_pullback,fixed_tp,"{""adx_threshold"": 18.0, ""atr_stop"": 3.0, ""atr_target"": 2.5, ""confirmation_bars"": 1, ""leg_a_atr_target"": 1.5, ""pullback_rsi"": 25, ""session_filter"": ""NY""}",1.3036670304716398,4.176994465333765,6.537464999273362,98.90078665540737,29.36031034357669,21.011271992956793,0.5533043897732755,2073,21.011271992956793,12.823585981922186,13.385292295494189,A_if_A_hits_first_else_B
M15,trend_pullback,fixed_tp,"{""adx_threshold"": 18.0, ""atr_stop"": 3.0, ""atr_target"": 2.0, ""confirmation_bars"": 1, ""leg_a_atr_target"": 1.0, ""pullback_rsi"": 25, ""session_filter"": ""London_NY""}",1.435146838309152,7.80127146211753,8.505516258758874,266.4642248711294,23.139977296024227,18.836994237435746,0.6152749490835031,4910,18.836994237435746,14.068100721647042,13.21062267550551,A_if_A_hits_first_else_B
M15,trend_pullback,fixed_tp,"{""adx_threshold"": 15.0, ""atr_stop"": 2.5, ""atr_target"": 2.0, ""confirmation_bars"": 2, ""leg_a_atr_target"": 1.5, ""pullback_rsi"": 30, ""session_filter"": ""NY""}",1.3657951222617324,6.411226113509288,10.866448402341177,186.12080230701125,27.084196024000555,22.5578712432608,0.5393794749403341,3352,22.5578712432608,10.99629610294694,13.116747205919749,A_if_A_hits_first_else_B
M15,trend_pullback,fixed_tp,"{""adx_threshold"": 18.0, ""atr_stop"": 2.5, ""atr_target"": 3.0, ""confirmation_bars"": 1, ""leg_a_atr_target"": 1.0, ""pullback_rsi"": 30, ""session_filter"": ""NY""}",1.374199153569812,5.785137054459765,9.420806474084984,200.7868430914529,22.048267249420263,19.18665982366844,0.5455070788789367,3461,19.18665982366844,13.61097850135592,13.115111094608078,A_if_A_hits_first_else_B
M15,trend_pullback,fixed_tp,"{""adx_threshold"": 18.0, ""atr_stop"": 2.5, ""atr_target"": 2.0, ""confirmation_bars"": 1, ""leg_a_atr_target"": 1.0, ""pullback_rsi"": 35.0, ""session_filter"": ""NY""}",1.3924058202959857,7.5408784706338565,10.681896980114823,209.9539605965087,27.26411780918938,18.501000375595122,0.5763843999138116,4641,18.501000375595122,14.110037597133468,13.103348214227552,A_if_A_hits_first_else_B
M15,trend_pullback,fixed_tp,"{""adx_threshold"": 15.0, ""atr_stop"": 2.5, ""atr_target"": 2.0, ""confirmation_bars"": 1, ""leg_a_atr_target"": 1.5, ""pullback_rsi"": 30, ""session_filter"": ""NY""}",1.3653515520118937,6.491704112376435,11.100799288292212,186.1096545621009,27.458519771625276,22.335208170820792,0.5405011655011654,3432,22.335208170820792,10.99629610294694,13.038726416515779,A_if_A_hits_first_else_B
M15,trend_pullback,fixed_tp,"{""adx_threshold"": 18.0, ""atr_stop"": 2.5, ""atr_target"": 2.0, ""confirmation_bars"": 2, ""leg_a_atr_target"": 1.0, ""pullback_rsi"": 35.0, ""session_filter"": ""NY""}",1.38323515886229,7.210169285300797,10.262627970183933,186.72318673722623,28.880769070777596,18.284502383535898,0.5764014466546112,4424,18.284502383535898,14.110037597133468,13.025739784720082,A_if_A_hits_first_else_B
M15,trend_pullback,fixed_tp,"{""adx_threshold"": 20.0, ""atr_stop"": 3.0, ""atr_target"": 2.0, ""confirmation_bars"": 2, ""leg_a_atr_target"": 1.0, ""pullback_rsi"": 35.0, ""session_filter"": ""NY""}",1.361537317138801,6.219462836497342,8.079252833201721,154.96543321941198,29.08888496808737,18.210766203673483,0.5978992728252087,3713,18.210766203673483,13.92611461311965,12.912827210617321,A_if_A_hits_first_else_B
M15,trend_pullback,fixed_tp,"{""adx_threshold"": 18.0, ""atr_stop"": 2.5, ""atr_target"": 3.0, ""confirmation_bars"": 2, ""leg_a_atr_target"": 1.0, ""pullback_rsi"": 30, ""session_filter"": ""NY""}",1.3545866202869283,5.368968560583086,8.766942912302923,173.09858719348284,23.341266365711437,18.51668300280205,0.5432325084020776,3273,18.51668300280205,13.61097850135592,12.876696700648267,A_if_A_hits_first_else_B
M15,trend_pullback,fixed_tp,"{""adx_threshold"": 15.0, ""atr_stop"": 2.5, ""atr_target"": 2.5, ""confirmation_bars"": 2, ""leg_a_atr_target"": 1.0, ""pullback_rsi"": 30, ""session_filter"": ""NY""}",1.4000670977787164,6.70460293809109,10.75053578914608,181.45006646003628,27.750512645940823,19.411458611819704,0.5587252634284245,3891,19.411458611819704,12.77645270972242,12.823427653067728,A_if_A_hits_first_else_B
M15,trend_pullback,fixed_tp,"{""adx_threshold"": 15.0, ""atr_stop"": 2.5, ""atr_target"": 2.5, ""confirmation_bars"": 1, ""leg_a_atr_target"": 1.0, ""pullback_rsi"": 30, ""session_filter"": ""NY""}",1.4003916679815938,6.820122632710694,10.970181612076672,176.68643974488054,29.074070529308983,19.297498161965258,0.5609817180065114,3993,19.297498161965258,12.77645270972242,12.783606409659248,A_if_A_hits_first_else_B
M15,trend_pullback,fixed_tp,"{""adx_threshold"": 25.0, ""atr_stop"": 3.0, ""atr_target"": 2.0, ""confirmation_bars"": 2, ""leg_a_atr_target"": 1.0, ""pullback_rsi"": 25, ""session_filter"": ""NY""}",1.336639382271284,3.522976521525118,4.1434728773465075,60.25437607402276,25.318254145447845,17.933412305848343,0.6191222570532915,1276,17.933412305848343,13.853249806987597,12.777984596645595,A_if_A_hits_first_else_B
M15,trend_pullback,fixed_tp,"{""adx_threshold"": 18.0, ""atr_stop"": 3.0, ""atr_target"": 2.0, ""confirmation_bars"": 2, ""leg_a_atr_target"": 1.0, ""pullback_rsi"": 25, ""session_filter"": ""London_NY""}",1.397951537257191,6.940221482255575,7.5285385454342375,198.71645982340203,26.815207574585013,17.532210304840575,0.6141697740732617,4559,17.532210304840575,14.068100721647042,12.746509238886807,A_if_A_hits_first_else_B
M15,trend_pullback,fixed_tp,"{""adx_threshold"": 15.0, ""atr_stop"": 2.5, ""atr_target"": 2.5, ""confirmation_bars"": 1, ""leg_a_atr_target"": 1.0, ""pullback_rsi"": 25, ""session_filter"": ""NY""}",1.3584357626083412,5.260334566196356,8.155193632392754,198.88132567817647,16.62409486387996,17.910195150207002,0.5706031058143735,2769,17.910195150207002,13.728785514505539,12.718208936621611,A_if_A_hits_first_else_B
M15,trend_pullback,fixed_tp,"{""adx_threshold"": 18.0, ""atr_stop"": 3.0, ""atr_target"": 2.0, ""confirmation_bars"": 1, ""leg_a_atr_target"": 1.0, ""pullback_rsi"": 35.0, ""session_filter"": ""NY""}",1.3533425995677026,6.688183786852251,8.530086792091753,241.87998287613857,21.894796785625843,17.61780795603369,0.5972499445553338,4509,17.61780795603369,13.92611461311965,12.703652880429173,A_if_A_hits_first_else_B
M15,trend_pullback,fixed_tp,"{""adx_threshold"": 18.0, ""atr_stop"": 2.5, ""atr_target"": 2.0, ""confirmation_bars"": 1, ""leg_a_atr_target"": 2.0, ""pullback_rsi"": 25, ""session_filter"": ""NY""}",1.2399149840687995,3.514192067270345,6.4661331488363425,86.41786771719462,27.831262395853905,17.85978974352057,0.499009900990099,2020,17.85978974352057,13.779955538730889,12.69988939947486,A_if_A_hits_first_else_B
M15,trend_pullback,fixed_tp,"{""adx_threshold"": 15.0, ""atr_stop"": 2.5, ""atr_target"": 2.5, ""confirmation_bars"": 2, ""leg_a_atr_target"": 1.0, ""pullback_rsi"": 25, ""session_filter"": ""NY""}",1.3543759186904303,5.125956782912878,7.873992092849996,184.39230383426994,17.330672315632594,17.727307296281232,0.5687869822485208,2704,17.727307296281232,13.728785514505539,12.65338621896401,A_if_A_hits_first_else_B
M15,trend_pullback,fixed_tp,"{""adx_threshold"": 18.0, ""atr_stop"": 3.0, ""atr_target"": 2.0, ""confirmation_bars"": 2, ""leg_a_atr_target"": 1.0, ""pullback_rsi"": 35.0, ""session_filter"": ""NY""}",1.3456964838681167,6.396785321514931,8.232139131995618,207.73980637004806,23.968249049556835,17.442174509285504,0.5964502568893041,4282,17.442174509285504,13.92611461311965,12.640651950927392,A_if_A_hits_first_else_B
M15,trend_pullback,fixed_tp,"{""adx_threshold"": 25.0, ""atr_stop"": 3.0, ""atr_target"": 2.0, ""confirmation_bars"": 2, ""leg_a_atr_target"": 1.0, ""pullback_rsi"": 25, ""session_filter"": ""London_NY""}",1.3545380762101802,4.67253314751913,4.795771358594091,101.41800877784436,28.01798832113783,16.96772642609893,0.615843949044586,2512,16.96772642609893,14.240810103874376,12.61797641112013,A_if_A_hits_first_else_B
M15,trend_pullback,fixed_tp,"{""adx_threshold"": 18.0, ""atr_stop"": 2.5, ""atr_target"": 2.5, ""confirmation_bars"": 2, ""leg_a_atr_target"": 1.0, ""pullback_rsi"": 35.0, ""session_filter"": ""NY""}",1.3599881573709067,6.487515018311583,10.209785757498151,222.80570562032506,23.306852097651834,17.865480369515616,0.5490825688073394,4360,17.865480369515616,12.969808446442379,12.36132956170372,A_if_A_hits_first_else_B
M15,trend_pullback,fixed_tp,"{""adx_threshold"": 20.0, ""atr_stop"": 2.5, ""atr_target"": 2.5, ""confirmation_bars"": 2, ""leg_a_atr_target"": 1.0, ""pullback_rsi"": 35.0, ""session_filter"": ""NY""}",1.3560074491042755,6.003335361425342,9.4289154161999,176.48385372916394,25.442231414952687,17.851085532388222,0.5502252849191624,3773,17.851085532388222,12.969808446442379,12.355495227055803,A_if_A_hits_first_else_B
M15,trend_pullback,fixed_tp,"{""adx_threshold"": 20.0, ""atr_stop"": 3.0, ""atr_target"": 2.0, ""confirmation_bars"": 2, ""leg_a_atr_target"": 1.0, ""pullback_rsi"": 25, ""session_filter"": ""London_NY""}",1.3622030714227702,6.038542489085609,6.34867411518858,148.3509410633193,28.686383352759048,16.355311168658503,0.6133743274404304,3903,16.355311168658503,14.068100721647042,12.327444848056198,A_if_A_hits_first_else_B
M15,trend_pullback,fixed_tp,"{""adx_threshold"": 20.0, ""atr_stop"": 2.5, ""atr_target"": 2.5, ""confirmation_bars"": 1, ""leg_a_atr_target"": 1.0, ""pullback_rsi"": 35.0, ""session_filter"": ""NY""}",1.3525717211247252,6.072484734783145,9.70749656933651,182.648451461487,25.827635474170567,17.761210934747854,0.5481927710843374,3984,17.761210934747854,12.969808446442379,12.323351972285765,A_if_A_hits_first_else_B
M15,trend_pullback,fixed_tp,"{""adx_threshold"": 15.0, ""atr_stop"": 2.0, ""atr_target"": 2.0, ""confirmation_bars"": 1, ""leg_a_atr_target"": 1.5, ""pullback_rsi"": 25, ""session_filter"": ""NY""}",1.3625846440760028,5.553823809087176,10.875506147588391,153.29520530003023,22.80265404115206,20.425813396711934,0.49474094273470975,2567,20.425813396711934,10.68928726712984,12.231730887872803,A_if_A_hits_first_else_B
M15,trend_pullback,fixed_tp,"{""adx_threshold"": 15.0, ""atr_stop"": 3.0, ""atr_target"": 2.0, ""confirmation_bars"": 1, ""leg_a_atr_target"": 1.0, ""pullback_rsi"": 25, ""session_filter"": ""London_NY""}",1.4151298844938769,8.05848338649774,8.852807848114203,334.57532098980266,19.881854723959187,18.030297956653254,0.6152873147813517,5534,18.030297956653254,12.445197670902424,12.193969213633505,A_if_A_hits_first_else_B
M15,trend_pullback,fixed_tp,"{""adx_threshold"": 15.0, ""atr_stop"": 2.0, ""atr_target"": 2.0, ""confirmation_bars"": 2, ""leg_a_atr_target"": 1.5, ""pullback_rsi"": 25, ""session_filter"": ""NY""}",1.3579641933360775,5.411830297578154,10.625033849351139,138.3120411026418,24.37301420386068,20.24268219991784,0.49279423538831063,2498,20.24268219991784,10.68928726712984,12.166710878846887,A_if_A_hits_first_else_B
M15,trend_pullback,fixed_tp,"{""adx_threshold"": 15.0, ""atr_stop"": 3.0, ""atr_target"": 2.0, ""confirmation_bars"": 2, ""leg_a_atr_target"": 1.0, ""pullback_rsi"": 25, ""session_filter"": ""London_NY""}",1.4124158614943623,7.870758599084483,8.655051342784917,290.10981381632064,22.149162913472054,17.945511624505876,0.6118041333085087,5371,17.945511624505876,12.445197670902424,12.163751192782021,A_if_A_hits_first_else_B
M15,trend_pullback,fixed_tp,"{""adx_threshold"": 18.0, ""atr_stop"": 1.5, ""atr_target"": 2.0, ""confirmation_bars"": 1, ""leg_a_atr_target"": 1.0, ""pullback_rsi"": 25, ""session_filter"": ""NY""}",1.5214460808065475,7.476505322439405,13.056316562168776,149.1430253885013,25.37435248376298,20.679823479249464,0.512568306010929,2745,20.679823479249464,10.201316423297104,12.132819824382318,A_if_A_hits_first_else_B
M15,trend_pullback,fixed_tp,"{""adx_threshold"": 25.0, ""atr_stop"": 3.0, ""atr_target"": 2.0, ""confirmation_bars"": 1, ""leg_a_atr_target"": 1.0, ""pullback_rsi"": 25, ""session_filter"": ""NY""}",1.3002032074151801,3.377070210881444,4.022921737785969,73.03449775747043,20.56003257258759,16.042645863420585,0.6189458689458689,1404,16.042645863420585,13.853249806987597,12.10892910682466,A_if_A_hits_first_else_B
M15,trend_pullback,fixed_tp,"{""adx_threshold"": 25.0, ""atr_stop"": 2.5, ""atr_target"": 2.0, ""confirmation_bars"": 1, ""leg_a_atr_target"": 1.0, ""pullback_rsi"": 25, ""session_filter"": ""NY""}",1.3476613317753872,3.9892481643268107,5.301627405573317,92.9231547739136,17.991201261964026,17.27065268010447,0.6012396694214877,1452,17.27065268010447,12.722019657720468,12.039169550365852,A_if_A_hits_first_else_B
M15,trend_pullback,fixed_tp,"{""adx_threshold"": 18.0, ""atr_stop"": 2.5, ""atr_target"": 2.5, ""confirmation_bars"": 1, ""leg_a_atr_target"": 1.0, ""pullback_rsi"": 35.0, ""session_filter"": ""NY""}",1.343933441119772,6.392129316564441,9.939855667841915,229.3355301647948,22.529284757865945,16.951330263053876,0.5474628171478565,4572,16.951330263053876,12.969808446442379,12.038166081191882,A_if_A_hits_first_else_B
M15,trend_pullback,fixed_tp,"{""adx_threshold"": 15.0, ""atr_stop"": 2.5, ""atr_target"": 3.0, ""confirmation_bars"": 2, ""leg_a_atr_target"": 1.0, ""pullback_rsi"": 30, ""session_filter"": ""NY""}",1.3546120355500726,5.844732460818148,9.450093384395064,208.53247465840724,22.14556620745729,18.029944263219686,0.5390421655387819,3842,18.029944263219686,12.088380990742726,12.021174345071131,A_if_A_hits_first_else_B
M15,trend_pullback,fixed_tp,"{""adx_threshold"": 18.0, ""atr_stop"": 3.0, ""atr_target"": 2.5, ""confirmation_bars"": 2, ""leg_a_atr_target"": 1.0, ""pullback_rsi"": 35.0, ""session_filter"": ""NY""}",1.330579880003277,5.901358732295767,8.392534134580348,240.29900774215287,20.360553761756826,17.316968615022127,0.5696083058046248,4238,17.316968615022127,12.636388973784467,12.01343002946141,A_if_A_hits_first_else_B
M15,trend_pullback,fixed_tp,"{""adx_threshold"": 18.0, ""atr_stop"": 2.5, ""atr_target"": 2.0, ""confirmation_bars"": 1, ""leg_a_atr_target"": 1.0, ""pullback_rsi"": 30, ""session_filter"": ""London_NY""}",1.41274898494207,9.061477376847694,11.409559777018247,283.8647523263862,27.922216475125577,17.040561267267947,0.5787587788447757,6977,17.040561267267947,12.795295546649303,12.004629236524382,A_if_A_hits_first_else_B
M15,trend_pullback,fixed_tp,"{""adx_threshold"": 25.0, ""atr_stop"": 2.5, ""atr_target"": 2.0, ""confirmation_bars"": 2, ""leg_a_atr_target"": 1.0, ""pullback_rsi"": 25, ""session_filter"": ""NY""}",1.3402765424742744,3.6833056941602758,4.820671518780972,53.767798651875594,27.74305270875153,17.145780138304865,0.5969348659003831,1305,17.145780138304865,12.722019657720468,11.993987202875768,A_if_A_hits_first_else_B
M15,trend_pullback,fixed_tp,"{""adx_threshold"": 20.0, ""atr_stop"": 3.0, ""atr_target"": 2.5, ""confirmation_bars"": 2, ""leg_a_atr_target"": 1.0, ""pullback_rsi"": 35.0, ""session_filter"": ""NY""}",1.3244786102008002,5.43129896614163,7.780080792087372,190.29572862735557,22.09592463997991,17.20441930875662,0.5701036552100381,3666,17.20441930875662,12.636388973784467,11.972817518307988,A_if_A_hits_first_else_B
M15,trend_pullback,fixed_tp,"{""adx_threshold"": 15.0, ""atr_stop"": 2.5, ""atr_target"": 3.0, ""confirmation_bars"": 1, ""leg_a_atr_target"": 1.0, ""pullback_rsi"": 30, ""session_filter"": ""NY""}",1.3503124453415722,5.877164053989328,9.531502109115339,200.6493342107886,23.20413953699861,17.71649600088665,0.5405885337392187,3942,17.71649600088665,12.088380990742726,11.910607535212868,A_if_A_hits_first_else_B
M15,trend_pullback,fixed_tp,"{""adx_threshold"": 18.0, ""atr_stop"": 1.5, ""atr_target"": 2.0, ""confirmation_bars"": 2, ""leg_a_atr_target"": 1.0, ""pullback_rsi"": 25, ""session_filter"": ""NY""}",1.4969645022931077,6.893581713368807,11.980109952179541,121.14517348310302,27.994434771509454,19.92591455320759,0.509596553074814,2553,19.92591455320759,10.201316423297104,11.864055384564974,A_if_A_hits_first_else_B
M15,trend_pullback,fixed_tp,"{""adx_threshold"": 18.0, ""atr_stop"": 3.0, ""atr_target"": 2.0, ""confirmation_bars"": 1, ""leg_a_atr_target"": 1.0, ""pullback_rsi"": 30, ""session_filter"": ""London_NY""}",1.3599614962538036,7.762154781976831,8.706556772989556,257.61573149874863,27.685666704277136,15.898937316212429,0.5999405558032397,6729,15.898937316212429,13.330620762158619,11.835399702896488,A_if_A_hits_first_else_B
M15,trend_pullback,fixed_tp,"{""adx_threshold"": 18.0, ""atr_stop"": 2.0, ""atr_target"": 2.5, ""confirmation_bars"": 2, ""leg_a_atr_target"": 1.0, ""pullback_rsi"": 25, ""session_filter"": ""NY""}",1.3615981632891405,4.818736316498251,8.532511006213387,119.12937272956863,22.9915805161158,17.154316690686294,0.5290187891440501,2395,17.154316690686294,12.278556374807033,11.801680843061195,A_if_A_hits_first_else_B
M15,trend_pullback,fixed_tp,"{""adx_threshold"": 20.0, ""atr_stop"": 2.5, ""atr_target"": 3.0, ""confirmation_bars"": 2, ""leg_a_atr_target"": 1.0, ""pullback_rsi"": 35.0, ""session_filter"": ""NY""}",1.324192280698053,5.353756704291835,8.442765923105979,159.99554310046838,26.326219106859856,16.92957284479089,0.532422293676313,3732,16.92957284479089,12.385025755220207,11.763450541665517,A_if_A_hits_first_else_B
M15,trend_pullback,fixed_tp,"{""adx_threshold"": 20.0, ""atr_stop"": 3.0, ""atr_target"": 2.5, ""confirmation_bars"": 1, ""leg_a_atr_target"": 1.0, ""pullback_rsi"": 35.0, ""session_filter"": ""NY""}",1.3117342969576156,5.340836378246647,7.720544521243982,178.54499695172902,23.950022926086653,16.608584038057945,0.5680994303469705,3862,16.608584038057945,12.636388973784467,11.761726310914813,A_if_A_hits_first_else_B
M15,trend_pullback,fixed_tp,"{""adx_threshold"": 18.0, ""atr_stop"": 3.0, ""atr_target"": 3.0, ""confirmation_bars"": 1, ""leg_a_atr_target"": 1.0, ""pullback_rsi"": 25, ""session_filter"": ""NY""}",1.2551883826621322,3.5123130205544575,4.672992295374031,96.57506407058001,24.375041468632563,14.749506212758375,0.565998329156224,2394,14.749506212758375,14.09708233085177,11.757051899881155,A_if_A_hits_first_else_B
M15,trend_pullback,fixed_tp,"{""adx_threshold"": 18.0, ""atr_stop"": 3.0, ""atr_target"": 2.5, ""confirmation_bars"": 1, ""leg_a_atr_target"": 1.0, ""pullback_rsi"": 35.0, ""session_filter"": ""NY""}",1.3191667284140378,5.8620904384961126,8.232984362635868,250.89671625923916,19.618215413332564,16.565444781483748,0.5678707650886247,4457,16.565444781483748,12.636388973784467,11.748114057405129,A_if_A_hits_first_else_B
M15,trend_pullback,fixed_tp,"{""adx_threshold"": 20.0, ""atr_stop"": 3.0, ""atr_target"": 2.0, ""confirmation_bars"": 1, ""leg_a_atr_target"": 1.0, ""pullback_rsi"": 30, ""session_filter"": ""London_NY""}",1.3496580283640622,7.055608394274645,7.805993043570639,203.98888382785168,29.901218003352874,15.60776889866223,0.6025247355851245,5862,15.60776889866223,13.330620762158619,11.73143006317597,A_if_A_hits_first_else_B
M15,trend_pullback,fixed_tp,"{""adx_threshold"": 20.0, ""atr_stop"": 2.0, ""atr_target"": 2.5, ""confirmation_bars"": 2, ""leg_a_atr_target"": 1.0, ""pullback_rsi"": 25, ""session_filter"": ""NY""}",1.3526292477452084,4.4651843358943,7.7465348122576945,99.15333645782708,23.651933411437177,16.912270034295798,0.5317307692307692,2080,16.912270034295798,12.278556374807033,11.715170730215736,A_if_A_hits_first_else_B
M15,trend_pullback,fixed_tp,"{""adx_threshold"": 18.0, ""atr_stop"": 2.5, ""atr_target"": 3.0, ""confirmation_bars"": 2, ""leg_a_atr_target"": 1.0, ""pullback_rsi"": 35.0, ""session_filter"": ""NY""}",1.3239835674358158,5.708223124308511,9.1054771224452,206.17910478868754,23.39966557895178,16.732446594530444,0.5297109826589596,4325,16.732446594530444,12.385025755220207,11.69441461142191,A_if_A_hits_first_else_B
M15,trend_pullback,fixed_tp,"{""adx_threshold"": 18.0, ""atr_stop"": 2.0, ""atr_target"": 2.5, ""confirmation_bars"": 1, ""leg_a_atr_target"": 1.0, ""pullback_rsi"": 25, ""session_filter"": ""NY""}",1.3562280900539376,4.960305021994433,8.663672680365165,124.57148983180565,23.09977992390497,16.821360092991075,0.5315666406858924,2566,16.821360092991075,12.278556374807033,11.684072019220828,A_if_A_hits_first_else_B
M15,trend_pullback,fixed_tp,"{""adx_threshold"": 15.0, ""atr_stop"": 2.5, ""atr_target"": 2.0, ""confirmation_bars"": 2, ""leg_a_atr_target"": 1.0, ""pullback_rsi"": 35.0, ""session_filter"": ""NY""}",1.3596185280957436,7.432811849133026,10.626317405821684,198.1861947667371,29.5713936874429,16.967695393350986,0.566106929164254,5181,16.967695393350986,12.086267740833506,11.64943757666707,A_if_A_hits_first_else_B
M15,trend_pullback,fixed_tp,"{""adx_threshold"": 20.0, ""atr_stop"": 2.5, ""atr_target"": 3.0, ""confirmation_bars"": 1, ""leg_a_atr_target"": 1.0, ""pullback_rsi"": 35.0, ""session_filter"": ""NY""}",1.31545682181502,5.31437984355443,8.556967376030553,162.10384932739822,26.912981889394256,16.584001372843503,0.5291434363912824,3946,16.584001372843503,12.385025755220207,11.640753434707323,A_if_A_hits_first_else_B
M15,trend_pullback,fixed_tp,"{""adx_threshold"": 18.0, ""atr_stop"": 3.0, ""atr_target"": 2.5, ""confirmation_bars"": 1, ""leg_a_atr_target"": 1.0, ""pullback_rsi"": 25, ""session_filter"": ""London_NY""}",1.3613576500283833,6.3984497079638345,7.5763079214753635,216.27540636248096,24.950026595309975,16.719925038180236,0.5802520140466846,4841,16.719925038180236,12.131892205380687,11.58359678579007,A_if_A_hits_first_else_B
M15,trend_pullback,fixed_tp,"{""adx_threshold"": 18.0, ""atr_stop"": 2.0, ""atr_target"": 2.0, ""confirmation_bars"": 1, ""leg_a_atr_target"": 1.0, ""pullback_rsi"": 25, ""session_filter"": ""London_NY""}",1.45973557842288,8.963189730768562,12.301949386879095,221.73457203462448,28.56331703352975,17.67481361391352,0.5549767441860465,5375,17.67481361391352,11.33328964776039,11.578112222046482,A_if_A_hits_first_else_B
M15,trend_pullback,fixed_tp,"{""adx_threshold"": 15.0, ""atr_stop"": 2.5, ""atr_target"": 2.0, ""confirmation_bars"": 1, ""leg_a_atr_target"": 1.0, ""pullback_rsi"": 35.0, ""session_filter"": ""NY""}",1.3515738223435516,7.396716544060826,10.591076609747892,208.27962150826664,28.1000626419851,16.561036817858668,0.5674401056404452,5301,16.561036817858668,12.086267740833506,11.50549813409432,A_if_A_hits_first_else_B
M15,trend_pullback,fixed_tp,"{""adx_threshold"": 18.0, ""atr_stop"": 2.5, ""atr_target"": 2.0, ""confirmation_bars"": 2, ""leg_a_atr_target"": 1.0, ""pullback_rsi"": 30, ""session_filter"": ""London_NY""}",1.3704293675133201,8.000830025455082,10.007860247159503,240.10956288360248,28.570538563050533,15.636057268780904,0.5763561768728157,6581,15.636057268780904,12.795295546649303,11.504588913568167,A_if_A_hits_first_else_B
M15,trend_pullback,fixed_tp,"{""adx_threshold"": 18.0, ""atr_stop"": 2.5, ""atr_target"": 3.0, ""confirmation_bars"": 1, ""leg_a_atr_target"": 1.0, ""pullback_rsi"": 35.0, ""session_filter"": ""NY""}",1.3166116869988709,5.73270484421503,9.071391663353996,223.2957993540365,21.897685547311287,16.176647105062465,0.529333921482135,4534,16.176647105062465,12.385025755220207,11.49841041402073,A_if_A_hits_first_else_B
M15,trend_pullback,fixed_tp,"{""adx_threshold"": 18.0, ""atr_stop"": 3.0, ""atr_target"": 2.0, ""confirmation_bars"": 2, ""leg_a_atr_target"": 1.0, ""pullback_rsi"": 30, ""session_filter"": ""London_NY""}",1.333304690362052,7.033566216977932,7.817053400961246,219.32235908539224,28.967130055584256,14.943874783732372,0.5990277559981182,6377,14.943874783732372,13.330620762158619,11.495796455350119,A_if_A_hits_first_else_B
M15,trend_pullback,fixed_tp,"{""adx_threshold"": 25.0, ""atr_stop"": 2.0, ""atr_target"": 2.0, ""confirmation_bars"": 1, ""leg_a_atr_target"": 1.0, ""pullback_rsi"": 25, ""session_filter"": ""NY""}",1.3969322826046402,4.566675590965614,6.822195466371935,101.06580598505433,18.12277474406917,18.267215786518662,0.5678191489361702,1504,18.267215786518662,10.684585808827686,11.480975595774918,A_if_A_hits_first_else_B
M15,trend_pullback,fixed_tp,"{""adx_threshold"": 18.0, ""atr_stop"": 2.5, ""atr_target"": 2.0, ""confirmation_bars"": 1, ""leg_a_atr_target"": 1.0, ""pullback_rsi"": 40.0, ""session_filter"": ""NY""}",1.3251465354758534,7.192336512416584,10.431174892416895,223.21370665494425,26.24745936003559,15.347867693054173,0.5560600768424729,5726,15.347867693054173,12.963364643246116,11.470297089124884,A_if_A_hits_first_else_B
M15,trend_pullback,fixed_tp,"{""adx_threshold"": 15.0, ""atr_stop"": 3.0, ""atr_target"": 2.0, ""confirmation_bars"": 2, ""leg_a_atr_target"": 1.0, ""pullback_rsi"": 35.0, ""session_filter"": ""NY""}",1.3390046742584925,6.851014141412283,8.820294212794385,244.04488385765293,23.0148017213311,16.762767448535158,0.5893354556307202,5026,16.762767448535158,11.843497038361082,11.46434320910149,A_if_A_hits_first_else_B
M15,trend_pullback,fixed_tp,"{""adx_threshold"": 18.0, ""atr_stop"": 3.0, ""atr_target"": 2.0, ""confirmation_bars"": 1, ""leg_a_atr_target"": 1.5, ""pullback_rsi"": 35.0, ""session_filter"": ""NY""}",1.2539585188530502,4.898163906667714,6.988885409650561,192.7781541265465,22.204584516753393,17.11767055299902,0.5686483604372168,3751,17.11767055299902,11.589738043826475,11.45735851704218,A_if_A_hits_first_else_B
M15,trend_pullback,fixed_tp,"{""adx_threshold"": 20.0, ""atr_stop"": 2.5, ""atr_target"": 2.5, ""confirmation_bars"": 2, ""leg_a_atr_target"": 1.5, ""pullback_rsi"": 25, ""session_filter"": ""NY""}",1.2575354841402393,3.3266057879418907,5.919502055111222,68.7305705498935,28.43358325452614,16.98368829543579,0.5133256083429896,1726,16.98368829543579,11.69043481662318,11.456493667711007,A_if_A_hits_first_else_B
M15,trend_pullback,fixed_tp,"{""adx_threshold"": 18.0, ""atr_stop"": 3.0, ""atr_target"": 2.0, ""confirmation_bars"": 2, ""leg_a_atr_target"": 1.5, ""pullback_rsi"": 35.0, ""session_filter"": ""NY""}",1.2523152624349425,4.7520508932195895,6.851537410644686,144.53039491589792,28.236667389961994,17.07555099991663,0.5665271966527197,3585,17.07555099991663,11.589738043826475,11.442288022179723,A_if_A_hits_first_else_B
M15,trend_pullback,fixed_tp,"{""adx_threshold"": 15.0, ""atr_stop"": 1.5, ""atr_target"": 2.0, ""confirmation_bars"": 2, ""leg_a_atr_target"": 1.0, ""pullback_rsi"": 25, ""session_filter"": ""NY""}",1.5025493814296962,7.577487538913957,13.32581865110366,159.0661605232933,25.028234849043457,19.972300445381148,0.5100334448160535,2990,19.972300445381148,9.14585944601011,11.40645178287389,A_if_A_hits_first_else_B
M15,trend_pullback,fixed_tp,"{""adx_threshold"": 15.0, ""atr_stop"": 3.0, ""atr_target"": 2.0, ""confirmation_bars"": 1, ""leg_a_atr_target"": 1.0, ""pullback_rsi"": 35.0, ""session_filter"": ""NY""}",1.3328331742044064,6.833306132455364,8.800757188367834,248.23096141510663,22.695746890483168,16.453817379259867,0.5907320872274143,5136,16.453817379259867,11.843497038361082,11.35497638484432,A_if_A_hits_first_else_B
M15,trend_pullback,fixed_tp,"{""adx_threshold"": 20.0, ""atr_stop"": 2.0, ""atr_target"": 2.5, ""confirmation_bars"": 1, ""leg_a_atr_target"": 1.0, ""pullback_rsi"": 25, ""session_filter"": ""NY""}",1.3311405921471762,4.40019358063727,7.729656240494837,96.14674720410162,24.740904409483075,15.865434516625694,0.52690084481992,2249,15.865434516625694,12.278556374807033,11.344480567911592,A_if_A_hits_first_else_B
M15,trend_pullback,fixed_tp,"{""adx_threshold"": 15.0, ""atr_stop"": 2.5, ""atr_target"": 2.0, ""confirmation_bars"": 1, ""leg_a_atr_target"": 1.0, ""pullback_rsi"": 25, ""session_filter"": ""London_NY""}",1.4232895008484954,8.521310285856831,10.438280245905277,286.85329978818294,23.32401136687764,17.435466360891034,0.5912091730368312,5756,17.435466360891034,10.959732720836989,11.318950850858206,A_if_A_hits_first_else_B
M15,trend_pullback,fixed_tp,"{""adx_threshold"": 20.0, ""atr_stop"": 2.5, ""atr_target"": 2.0, ""confirmation_bars"": 2, ""leg_a_atr_target"": 1.0, ""pullback_rsi"": 45.0, ""session_filter"": ""NY""}",1.3217323243226673,7.001682703033872,10.514126613862736,208.91328106796357,27.776932345992634,15.185720711106528,0.5432658757850662,5732,15.185720711106528,12.734452630627374,11.309852397534137,A_if_A_hits_first_else_B
M15,trend_pullback,fixed_tp,"{""adx_threshold"": 20.0, ""atr_stop"": 3.0, ""atr_target"": 2.0, ""confirmation_bars"": 2, ""leg_a_atr_target"": 1.0, ""pullback_rsi"": 30, ""session_filter"": ""London_NY""}",1.3122631764851407,6.170672281773758,6.876587127420335,197.08341116355587,26.49695984598937,14.423065453631029,0.5982323697293316,5431,14.423065453631029,13.330620762158619,11.309304887039266,A_if_A_hits_first_else_B
M15,trend_pullback,fixed_tp,"{""adx_threshold"": 15.0, ""atr_stop"": 2.5, ""atr_target"": 2.0, ""confirmation_bars"": 2, ""leg_a_atr_target"": 1.0, ""pullback_rsi"": 25, ""session_filter"": ""London_NY""}",1.4206241435398013,8.312245427433536,10.168158925974277,261.01707095931016,24.780504162720746,17.38745863830202,0.5888888888888889,5580,17.38745863830202,10.959732720836989,11.301615076490311,A_if_A_hits_first_else_B
M15,trend_pullback,fixed_tp,"{""adx_threshold"": 20.0, ""atr_stop"": 3.0, ""atr_target"": 2.0, ""confirmation_bars"": 1, ""leg_a_atr_target"": 1.0, ""pullback_rsi"": 45.0, ""session_filter"": ""NY""}",1.2978903516669404,6.441185320455719,8.656819577381249,204.25465408869442,27.649053978649917,14.827887159869043,0.5653772098722213,5713,14.827887159869043,12.988095418097846,11.293981514431584,A_if_A_hits_first_else_B
M15,trend_pullback,fixed_tp,"{""adx_threshold"": 18.0, ""atr_stop"": 3.0, ""atr_target"": 2.0, ""confirmation_bars"": 1, ""leg_a_atr_target"": 1.0, ""pullback_rsi"": 45.0, ""session_filter"": ""NY""}",1.2991933061621836,6.975714233442125,9.256371032970247,251.73562154111508,25.551794965769314,14.570289158560291,0.5629719118091211,6622,14.570289158560291,12.988095418097846,11.204082804872568,A_if_A_hits_first_else_B
M15,trend_pullback,fixed_tp,"{""adx_threshold"": 15.0, ""atr_stop"": 2.0, ""atr_target"": 2.5, ""confirmation_bars"": 1, ""leg_a_atr_target"": 1.0, ""pullback_rsi"": 25, ""session_filter"": ""NY""}",1.3446349182742383,5.1473151437657485,9.003801570128577,167.5987304520037,18.56385252367218,16.22147088251139,0.5286757038581856,2877,16.22147088251139,11.670895870841985,11.198344934412727,A_if_A_hits_first_else_B
M15,trend_pullback,fixed_tp,"{""adx_threshold"": 18.0, ""atr_stop"": 2.5, ""atr_target"": 2.5, ""confirmation_bars"": 1, ""leg_a_atr_target"": 1.5, ""pullback_rsi"": 25, ""session_filter"": ""NY""}",1.2463169212488512,3.542962775043524,6.199930827026358,114.70884758922195,20.308143652654575,16.19974794904298,0.5150672229949004,2157,16.19974794904298,11.69043481662318,11.179870833895245,A_if_A_hits_first_else_B
M15,trend_pullback,fixed_tp,"{""adx_threshold"": 18.0, ""atr_stop"": 2.5, ""atr_target"": 2.0, ""confirmation_bars"": 2, ""leg_a_atr_target"": 1.0, ""pullback_rsi"": 40.0, ""session_filter"": ""NY""}",1.3020987361809573,6.604584003528956,9.616554505557316,196.02434005902344,27.119298179878747,14.493027613344044,0.5525263540530716,5502,14.493027613344044,12.963364643246116,11.16649350136736,A_if_A_hits_first_else_B
M15,trend_pullback,fixed_tp,"{""adx_threshold"": 15.0, ""atr_stop"": 1.5, ""atr_target"": 2.0, ""confirmation_bars"": 1, ""leg_a_atr_target"": 1.0, ""pullback_rsi"": 25, ""session_filter"": ""NY""}",1.480123953425623,7.415715027011461,13.097955691513265,167.67383606564766,23.473792810636514,19.17476885792298,0.5073075673920104,3079,19.17476885792298,9.14585944601011,11.122830641662718,A_if_A_hits_first_else_B
M15,trend_pullback,fixed_tp,"{""adx_threshold"": 18.0, ""atr_stop"": 2.5, ""atr_target"": 2.0, ""confirmation_bars"": 1, ""leg_a_atr_target"": 1.0, ""pullback_rsi"": 45.0, ""session_filter"": ""NY""}",1.3150042336313248,7.563533706101054,11.183984763303974,275.67295139721114,24.23675108063148,14.615903535096727,0.5416362840892519,6857,14.615903535096727,12.734452630627374,11.109070767792437,A_if_A_hits_first_else_B
M15,trend_pullback,fixed_tp,"{""adx_threshold"": 15.0, ""atr_stop"": 2.0, ""atr_target"": 2.5, ""confirmation_bars"": 2, ""leg_a_atr_target"": 1.0, ""pullback_rsi"": 25, ""session_filter"": ""NY""}",1.336769803574788,4.967742387444733,8.665249461333014,157.10833777708893,18.893114593895124,15.890074032542424,0.5267665952890792,2802,15.890074032542424,11.670895870841985,11.0807830139837,A_if_A_hits_first_else_B
M15,trend_pullback,fixed_tp,"{""adx_threshold"": 18.0, ""atr_stop"": 3.0, ""atr_target"": 2.0, ""confirmation_bars"": 2, ""leg_a_atr_target"": 1.0, ""pullback_rsi"": 45.0, ""session_filter"": ""NY""}",1.2880317573179634,6.634547787856182,8.859055231126018,217.8235140707024,27.799651042774038,14.214595493136894,0.5616588419405321,6390,14.214595493136894,12.988095418097846,11.077357712205536,A_if_A_hits_first_else_B
M15,trend_pullback,fixed_tp,"{""adx_threshold"": 20.0, ""atr_stop"": 2.5, ""atr_target"": 2.0, ""confirmation_bars"": 1, ""leg_a_atr_target"": 1.0, ""pullback_rsi"": 45.0, ""session_filter"": ""NY""}",1.3047877013151261,6.806865880147841,10.185584209006114,231.3606598600338,24.759922128731056,14.497566868026698,0.5429390922895225,5927,14.497566868026698,12.734452630627374,11.065609627854688,A_if_A_hits_first_else_B
M15,trend_pullback,fixed_tp,"{""adx_threshold"": 18.0, ""atr_stop"": 3.0, ""atr_target"": 3.0, ""confirmation_bars"": 2, ""leg_a_atr_target"": 1.0, ""pullback_rsi"": 35.0, ""session_filter"": ""NY""}",1.2784123357231643,4.88598613156408,7.003631546667966,197.30120110808076,21.766516689915864,15.396366707192229,0.5473231357552581,4184,15.396366707192229,12.005900671865625,11.047066117001444,A_if_A_hits_first_else_B
M15,trend_pullback,fixed_tp,"{""adx_threshold"": 25.0, ""atr_stop"": 3.0, ""atr_target"": 2.0, ""confirmation_bars"": 2, ""leg_a_atr_target"": 1.0, ""pullback_rsi"": 35.0, ""session_filter"": ""NY""}",1.2648509823427283,3.828399006084462,4.775868734798229,78.57074108984699,29.38936322262174,14.3722658624072,0.5991701244813278,2410,14.3722658624072,12.78502053115574,11.036522487331148,A_if_A_hits_first_else_B
M15,trend_pullback,fixed_tp,"{""adx_threshold"": 18.0, ""atr_stop"": 3.0, ""atr_target"": 2.5, ""confirmation_bars"": 2, ""leg_a_atr_target"": 1.0, ""pullback_rsi"": 25, ""session_filter"": ""London_NY""}",1.3163552196667105,5.481199772525105,6.433966111667886,160.1666502222075,28.067801642167154,14.988416653013854,0.5792398310735719,4499,14.988416653013854,12.131892205380687,10.9685683649095,A_if_A_hits_first_else_B
M15,trend_pullback,fixed_tp,"{""adx_threshold"": 18.0, ""atr_stop"": 3.0, ""atr_target"": 3.0, ""confirmation_bars"": 1, ""leg_a_atr_target"": 1.0, ""pullback_rsi"": 35.0, ""session_filter"": ""NY""}",1.2755399203395192,4.958523094659862,7.045417398307379,218.53322617809891,20.194845094704224,15.051994033808581,0.5479763528876762,4398,15.051994033808581,12.005900671865625,10.925961198240438,A_if_A_hits_first_else_B
M15,trend_pullback,fixed_tp,"{""adx_threshold"": 20.0, ""atr_stop"": 3.0, ""atr_target"": 3.0, ""confirmation_bars"": 2, ""leg_a_atr_target"": 1.0, ""pullback_rsi"": 35.0, ""session_filter"": ""NY""}",1.2660890563959557,4.403905938765376,6.289670614422852,145.97852879293978,24.71870316246306,14.976756729354237,0.5492529053680133,3614,14.976756729354237,12.005900671865625,10.897737968892704,A_if_A_hits_first_else_B
M15,trend_pullback,fixed_tp,"{""adx_threshold"": 18.0, ""atr_stop"": 2.5, ""atr_target"": 3.0, ""confirmation_bars"": 1, ""leg_a_atr_target"": 1.0, ""pullback_rsi"": 25, ""session_filter"": ""NY""}",1.2468291117278598,3.514597492862623,5.178594542137714,118.82747538579046,18.4245048223823,13.371360300958937,0.5464169381107492,2456,13.371360300958937,13.225169142127669,10.880668041638652,A_if_A_hits_first_else_B
M15,trend_pullback,fixed_tp,"{""adx_threshold"": 18.0, ""atr_stop"": 2.5, ""atr_target"": 2.0, ""confirmation_bars"": 2, ""leg_a_atr_target"": 1.0, ""pullback_rsi"": 45.0, ""session_filter"": ""NY""}",1.2953434167413507,7.0322212205910475,10.43095873754513,242.9434953765977,25.343483701826695,13.925741515851044,0.5392038600723763,6632,13.925741515851044,12.734452630627374,10.863581897678452,A_if_A_hits_first_else_B
M15,trend_pullback,fixed_tp,"{""adx_threshold"": 25.0, ""atr_stop"": 3.0, ""atr_target"": 2.0, ""confirmation_bars"": 2, ""leg_a_atr_target"": 1.0, ""pullback_rsi"": 45.0, ""session_filter"": ""NY""}",1.2615424006581435,4.606638460422699,6.001269016497451,130.78759412651806,25.837070014308694,13.971202700316312,0.5700110253583242,3628,13.971202700316312,12.580028581113599,10.803242286743457,A_if_A_hits_first_else_B
M15,trend_pullback,fixed_tp,"{""adx_threshold"": 15.0, ""atr_stop"": 2.5, ""atr_target"": 2.5, ""confirmation_bars"": 2, ""leg_a_atr_target"": 1.5, ""pullback_rsi"": 30, ""session_filter"": ""NY""}",1.2840105007491216,4.941085557573194,9.046689612775985,136.0766142160391,29.731015583626334,18.256750621950225,0.5027075812274369,3324,18.256750621950225,9.185144232163337,10.779979722305905,A_if_A_hits_first_else_B
M15,trend_pullback,fixed_tp,"{""adx_threshold"": 15.0, ""atr_stop"": 2.5, ""atr_target"": 2.5, ""confirmation_bars"": 1, ""leg_a_atr_target"": 1.0, ""pullback_rsi"": 35.0, ""session_filter"": ""NY""}",1.3170057942879325,6.4234315315511425,10.10290456949806,190.03443861397434,28.387414689830354,15.480925237088215,0.5391237803711498,5227,15.480925237088215,11.310322903768775,10.77137029853441,A_if_A_hits_first_else_B
M15,trend_pullback,fixed_tp,"{""adx_threshold"": 15.0, ""atr_stop"": 3.0, ""atr_target"": 2.5, ""confirmation_bars"": 1, ""leg_a_atr_target"": 1.0, ""pullback_rsi"": 35.0, ""session_filter"": ""NY""}",1.303549769480824,6.0399609615431045,8.542321373688285,258.1976144138833,20.34939991669325,15.526496788546947,0.5624507486209613,5076,15.526496788546947,11.249775678159255,10.75738288505926,A_if_A_hits_first_else_B
M15,trend_pullback,fixed_tp,"{""adx_threshold"": 15.0, ""atr_stop"": 2.5, ""atr_target"": 2.5, ""confirmation_bars"": 2, ""leg_a_atr_target"": 1.0, ""pullback_rsi"": 35.0, ""session_filter"": ""NY""}",1.314588456680165,6.285070963987656,9.871194111152851,194.66425952542656,27.00425822420752,15.430813888205781,0.5367906066536203,5110,15.430813888205781,11.310322903768775,10.753347858904005,A_if_A_hits_first_else_B
M15,trend_pullback,fixed_tp,"{""adx_threshold"": 15.0, ""atr_stop"": 3.0, ""atr_target"": 2.5, ""confirmation_bars"": 1, ""leg_a_atr_target"": 1.0, ""pullback_rsi"": 25, ""session_filter"": ""London_NY""}",1.3304313106913206,6.342558152672005,7.567008978767524,237.6525172886327,23.401616881404287,15.337708661031147,0.5774958632101489,5439,15.337708661031147,11.361582202590448,10.746996284664867,A_if_A_hits_first_else_B
M15,trend_pullback,fixed_tp,"{""adx_threshold"": 20.0, ""atr_stop"": 2.5, ""atr_target"": 3.0, ""confirmation_bars"": 1, ""leg_a_atr_target"": 1.0, ""pullback_rsi"": 25, ""session_filter"": ""NY""}",1.2363073666596092,3.208017703491841,4.686069724801916,78.83166646741327,23.368563614521527,12.906465292030532,0.5441382531527323,2141,12.906465292030532,13.225169142127669,10.715850439500059,A_if_A_hits_first_else_B
M15,trend_pullback,fixed_tp,"{""adx_threshold"": 15.0, ""atr_stop"": 3.0, ""atr_target"": 2.5, ""confirmation_bars"": 2, ""leg_a_atr_target"": 1.0, ""pullback_rsi"": 35.0, ""session_filter"": ""NY""}",1.2977269301214114,5.859188940571628,8.299727442943524,268.5330754548894,18.88757305274019,15.307660200396056,0.5599597585513079,4970,15.307660200396056,11.249775678159255,10.679625511334566,A_if_A_hits_first_else_B
M15,trend_pullback,fixed_tp,"{""adx_threshold"": 15.0, ""atr_stop"": 3.0, ""atr_target"": 2.5, ""confirmation_bars"": 2, ""leg_a_atr_target"": 1.0, ""pullback_rsi"": 25, ""session_filter"": ""London_NY""}",1.3232258800423573,6.114511815399015,7.324333622067313,196.0913493268223,27.12707442212949,15.097591182756393,0.5727530747398297,5285,15.097591182756393,11.361582202590448,10.661514081138911,A_if_A_hits_first_else_B
M15,trend_pullback,fixed_tp,"{""adx_threshold"": 18.0, ""atr_stop"": 2.5, ""atr_target"": 3.0, ""confirmation_bars"": 2, ""leg_a_atr_target"": 1.0, ""pullback_rsi"": 25, ""session_filter"": ""NY""}",1.2304686335193238,3.1667893421305924,4.708987013762196,77.16761339788212,25.006815751734003,12.706648092022908,0.5417032484635645,2278,12.706648092022908,13.225169142127669,10.644746672869335,A_if_A_hits_first_else_B
M15,trend_pullback,fixed_tp,"{""adx_threshold"": 20.0, ""atr_stop"": 2.5, ""atr_target"": 3.0, ""confirmation_bars"": 2, ""leg_a_atr_target"": 1.0, ""pullback_rsi"": 25, ""session_filter"": ""NY""}",1.2305790022994685,3.029430708852987,4.324164989550654,75.20417271773245,22.15756987853634,12.65575983911904,0.5478481012658228,1975,12.65575983911904,13.225169142127669,10.626957858109009,A_if_A_hits_first_else_B
M15,trend_pullback,fixed_tp,"{""adx_threshold"": 20.0, ""atr_stop"": 3.0, ""atr_target"": 3.0, ""confirmation_bars"": 1, ""leg_a_atr_target"": 1.0, ""pullback_rsi"": 35.0, ""session_filter"": ""NY""}",1.251563995770234,4.252280812073771,6.144055545663222,129.50131358174542,27.891338946709727,14.205420940558232,0.5456213948610383,3814,14.205420940558232,12.005900671865625,10.62486543068896,A_if_A_hits_first_else_B
M15,trend_pullback,fixed_tp,"{""adx_threshold"": 20.0, ""atr_stop"": 3.0, ""atr_target"": 2.5, ""confirmation_bars"": 2, ""leg_a_atr_target"": 1.0, ""pullback_rsi"": 30, ""session_filter"": ""London_NY""}",1.2916104013746206,5.583894741099137,6.840654318005832,182.36233116757927,27.654350568299623,14.11845418969927,0.5692422545726017,5358,14.11845418969927,12.026441953245271,10.61167992563004,A_if_A_hits_first_else_B
M15,trend_pullback,fixed_tp,"{""adx_threshold"": 18.0, ""atr_stop"": 2.5, ""atr_target"": 2.5, ""confirmation_bars"": 2, ""leg_a_atr_target"": 1.5, ""pullback_rsi"": 35.0, ""session_filter"": ""NY""}",1.2472303983029727,4.600971843038711,8.033094006919855,140.15661808122397,28.506909314493562,16.088987925372734,0.4985234899328859,3725,16.088987925372734,10.469207690344026,10.591735314195864,A_if_A_hits_first_else_B
M15,trend_pullback,fixed_tp,"{""adx_threshold"": 18.0, ""atr_stop"": 3.0, ""atr_target"": 3.0, ""confirmation_bars"": 1, ""leg_a_atr_target"": 1.0, ""pullback_rsi"": 30, ""session_filter"": ""London_NY""}",1.3070210861417508,6.186964108408246,8.207070450808454,225.9248349451718,28.125685703230797,14.647973490599808,0.5461810358075918,6507,14.647973490599808,11.535425241438418,10.57913629758557,A_if_A_hits_first_else_B
M15,trend_pullback,fixed_tp,"{""adx_threshold"": 15.0, ""atr_stop"": 2.0, ""atr_target"": 2.0, ""confirmation_bars"": 2, ""leg_a_atr_target"": 1.0, ""pullback_rsi"": 25, ""session_filter"": ""London_NY""}",1.444936817248496,9.191651902435034,12.748019171856908,322.6924134928745,20.743888589745776,17.038593604918564,0.5528593246224334,5893,17.038593604918564,9.576735330758037,10.562026024012313,A_if_A_hits_first_else_B
M15,trend_pullback,fixed_tp,"{""adx_threshold"": 25.0, ""atr_stop"": 2.5, ""atr_target"": 2.0, ""confirmation_bars"": 2, ""leg_a_atr_target"": 1.0, ""pullback_rsi"": 25, ""session_filter"": null}",1.3483303666064153,5.956878596740399,7.125178874255102,141.72582661870652,29.158795024969475,16.04667743251061,0.58529640176029,3863,16.04667743251061,10.315826183558379,10.528124957301266,A_if_A_hits_first_else_B
M15,trend_pullback,fixed_tp,"{""adx_threshold"": 15.0, ""atr_stop"": 2.0, ""atr_target"": 2.0, ""confirmation_bars"": 1, ""leg_a_atr_target"": 1.0, ""pullback_rsi"": 25, ""session_filter"": ""London_NY""}",1.4429119589343435,9.332736579554004,12.977461031412336,329.99803787895684,20.805863686076435,16.91940412218392,0.553803187120092,6087,16.91940412218392,9.576735330758037,10.519904733392357,A_if_A_hits_first_else_B
M15,trend_pullback,fixed_tp,"{""adx_threshold"": 25.0, ""atr_stop"": 3.0, ""atr_target"": 2.0, ""confirmation_bars"": 2, ""leg_a_atr_target"": 1.0, ""pullback_rsi"": 30, ""session_filter"": ""London_NY""}",1.3081652764174152,4.882495005935568,5.308576202170797,127.72638717750907,27.339571501325654,14.880616597353017,0.6036931818181818,3520,14.880616597353017,11.150526618421521,10.487585842646723,A_if_A_hits_first_else_B
M15,trend_pullback,fixed_tp,"{""adx_threshold"": 25.0, ""atr_stop"": 3.0, ""atr_target"": 2.0, ""confirmation_bars"": 2, ""leg_a_atr_target"": 1.0, ""pullback_rsi"": 40.0, ""session_filter"": ""NY""}",1.2373369328619055,3.9115959182497635,4.863687170800906,98.41774125032629,26.27594993454243,12.743197971900393,0.5824572930354797,3044,12.743197971900393,12.735331189036868,10.438485711804109,A_if_A_hits_first_else_B
M15,trend_pullback,fixed_tp,"{""adx_threshold"": 15.0, ""atr_stop"": 3.0, ""atr_target"": 2.0, ""confirmation_bars"": 2, ""leg_a_atr_target"": 1.5, ""pullback_rsi"": 25, ""session_filter"": ""London_NY""}",1.2626170090777886,5.278698945491362,6.509611902628346,168.2958876285749,28.029053510158562,15.811757899042341,0.5727374301675978,4475,15.811757899042341,10.27638313464781,10.41101107707189,A_if_A_hits_first_else_B
M15,trend_pullback,fixed_tp,"{""adx_threshold"": 15.0, ""atr_stop"": 2.5, ""atr_target"": 3.0, ""confirmation_bars"": 1, ""leg_a_atr_target"": 1.0, ""pullback_rsi"": 25, ""session_filter"": ""NY""}",1.2427423675421334,3.67908544061061,5.489650431799377,101.02125003446311,23.640305546425587,13.069171201185164,0.5454213790587377,2741,13.069171201185164,12.377452929482239,10.392612212190242,A_if_A_hits_first_else_B
M15,trend_pullback,fixed_tp,"{""adx_threshold"": 20.0, ""atr_stop"": 3.0, ""atr_target"": 2.5, ""confirmation_bars"": 1, ""leg_a_atr_target"": 1.0, ""pullback_rsi"": 45.0, ""session_filter"": ""NY""}",1.2835472115620408,5.870904188164199,8.700901819095465,191.81141950717713,28.640996314214057,14.536082622497537,0.5380137590403952,5669,14.536082622497537,11.201422849637424,10.384978642523386,A_if_A_hits_first_else_B
M15,trend_pullback,fixed_tp,"{""adx_threshold"": 18.0, ""atr_stop"": 3.0, ""atr_target"": 2.5, ""confirmation_bars"": 2, ""leg_a_atr_target"": 1.0, ""pullback_rsi"": 45.0, ""session_filter"": ""NY""}",1.2876751166845524,6.305221487068718,9.270562928442493,230.31712027348553,26.57662507686826,14.530111776291506,0.5358442791580946,6319,14.530111776291506,11.201422849637424,10.383714427375779,A_if_A_hits_first_else_B
M15,trend_pullback,fixed_tp,"{""adx_threshold"": 18.0, ""atr_stop"": 2.5, ""atr_target"": 2.5, ""confirmation_bars"": 2, ""leg_a_atr_target"": 1.0, ""pullback_rsi"": 30, ""session_filter"": ""London_NY""}",1.3170447759354929,6.662914823764311,9.13140876648788,203.61359649307133,29.904121571893867,14.105526818268709,0.5484169884169884,6475,14.105526818268709,11.514553845821226,10.381892572200698,A_if_A_hits_first_else_B
M15,trend_pullback,fixed_tp,"{""adx_threshold"": 15.0, ""atr_stop"": 3.0, ""atr_target"": 2.0, ""confirmation_bars"": 1, ""leg_a_atr_target"": 1.0, ""pullback_rsi"": 30, ""session_filter"": ""London_NY""}",1.3327422617481781,7.81663847366914,8.818620696914925,384.7750325012908,19.460042080710096,14.569473973436944,0.5970943053573745,7709,14.569473973436944,11.129581877119923,10.37417618775653,A_if_A_hits_first_else_B
M15,trend_pullback,fixed_tp,"{""adx_threshold"": 18.0, ""atr_stop"": 3.0, ""atr_target"": 2.5, ""confirmation_bars"": 1, ""leg_a_atr_target"": 1.5, ""pullback_rsi"": 35.0, ""session_filter"": ""NY""}",1.2243184744579951,4.229429777170892,6.510721995725186,174.0139732108945,22.169039701886785,15.484570567816656,0.5335830880385336,3737,15.484570567816656,10.41532670112996,10.35136040913591,A_if_A_hits_first_else_B
M15,trend_pullback,fixed_tp,"{""adx_threshold"": 15.0, ""atr_stop"": 2.5, ""atr_target"": 3.0, ""confirmation_bars"": 2, ""leg_a_atr_target"": 1.0, ""pullback_rsi"": 25, ""session_filter"": ""NY""}",1.2398039441374935,3.5849365668554296,5.294603260391768,94.66561891981755,24.35352253633165,12.918049778368875,0.5442659693686963,2677,12.918049778368875,12.377452929482239,10.339132029523611,A_if_A_hits_first_else_B
M15,trend_pullback,fixed_tp,"{""adx_threshold"": 15.0, ""atr_stop"": 2.5, ""atr_target"": 3.0, ""confirmation_bars"": 1, ""leg_a_atr_target"": 1.0, ""pullback_rsi"": 35.0, ""session_filter"": ""NY""}",1.2928147610818348,5.763491663912705,9.2446757887817,190.02383060477968,26.926044179815158,14.810662074726013,0.5216132767271324,5182,14.810662074726013,10.875451984940346,10.336248071593628,A_if_A_hits_first_else_B
M15,trend_pullback,fixed_tp,"{""adx_threshold"": 15.0, ""atr_stop"": 2.5, ""atr_target"": 3.0, ""confirmation_bars"": 2, ""leg_a_atr_target"": 1.0, ""pullback_rsi"": 35.0, ""session_filter"": ""NY""}",1.2903115865449186,5.643828436860181,9.017316783027814,194.20022018194135,25.69220779641423,14.75872336134047,0.5202129757444292,5071,14.75872336134047,10.875451984940346,10.317568887001304,A_if_A_hits_first_else_B
M15,trend_pullback,fixed_tp,"{""adx_threshold"": 15.0, ""atr_stop"": 3.0, ""atr_target"": 2.0, ""confirmation_bars"": 1, ""leg_a_atr_target"": 1.5, ""pullback_rsi"": 25, ""session_filter"": ""London_NY""}",1.2547523886639143,5.225250620245018,6.464284141122483,176.80842343182525,26.72207181867048,15.419998006172133,0.5737597911227154,4596,15.419998006172133,10.27638313464781,10.272322190484545,A_if_A_hits_first_else_B
M15,trend_pullback,fixed_tp,"{""adx_threshold"": 18.0, ""atr_stop"": 3.0, ""atr_target"": 2.5, ""confirmation_bars"": 1, ""leg_a_atr_target"": 1.0, ""pullback_rsi"": 45.0, ""session_filter"": ""NY""}",1.2847371643267051,6.349555943216111,9.237695980434133,238.9115209709493,25.98726960328391,14.205288529902424,0.535234899328859,6556,14.205288529902424,11.201422849637424,10.26943870066803,A_if_A_hits_first_else_B
M15,trend_pullback,fixed_tp,"{""adx_threshold"": 15.0, ""atr_stop"": 3.0, ""atr_target"": 2.0, ""confirmation_bars"": 2, ""leg_a_atr_target"": 1.0, ""pullback_rsi"": 30, ""session_filter"": ""London_NY""}",1.322691218321551,7.486348505622842,8.463546318392549,317.46000565567067,22.38528424122375,14.24325052476485,0.5936664885088189,7484,14.24325052476485,11.129581877119923,10.257987772035973,A_if_A_hits_first_else_B
M15,trend_pullback,fixed_tp,"{""adx_threshold"": 15.0, ""atr_stop"": 3.0, ""atr_target"": 3.0, ""confirmation_bars"": 1, ""leg_a_atr_target"": 1.0, ""pullback_rsi"": 35.0, ""session_filter"": ""NY""}",1.2745382606669358,5.311076433075021,7.64524019561598,212.75211204544183,23.022529970240672,14.653246537090752,0.5434782608695652,5014,14.653246537090752,10.831647627388008,10.257785372439754,A_if_A_hits_first_else_B
M15,trend_pullback,fixed_tp,"{""adx_threshold"": 25.0, ""atr_stop"": 2.5, ""atr_target"": 2.0, ""confirmation_bars"": 1, ""leg_a_atr_target"": 1.0, ""pullback_rsi"": 45.0, ""session_filter"": ""NY""}",1.296315870976804,5.433281705613886,7.964152101070245,128.9047481731024,29.647162982964982,14.79734155278533,0.546205472379969,3874,14.79734155278533,10.647139000508165,10.229545267898901,A_if_A_hits_first_else_B
M15,trend_pullback,fixed_tp,"{""adx_threshold"": 15.0, ""atr_stop"": 3.0, ""atr_target"": 3.0, ""confirmation_bars"": 2, ""leg_a_atr_target"": 1.0, ""pullback_rsi"": 35.0, ""session_filter"": ""NY""}",1.2716617031069932,5.1969809169635575,7.4871897149762425,229.10389010595568,20.838152497715157,14.572960316995376,0.541921041921042,4914,14.572960316995376,10.831647627388008,10.229109883894385,A_if_A_hits_first_else_B
M15,trend_pullback,fixed_tp,"{""adx_threshold"": 25.0, ""atr_stop"": 3.0, ""atr_target"": 2.5, ""confirmation_bars"": 2, ""leg_a_atr_target"": 1.0, ""pullback_rsi"": 35.0, ""session_filter"": ""NY""}",1.2256883597303507,3.2150558083671017,4.4036012066285775,83.67331261557068,24.437849795918044,12.838818620507832,0.5709501883633319,2389,12.838818620507832,12.175559642206794,10.21772602811687,A_if_A_hits_first_else_B
M15,trend_pullback,fixed_tp,"{""adx_threshold"": 18.0, ""atr_stop"": 2.5, ""atr_target"": 2.5, ""confirmation_bars"": 2, ""leg_a_atr_target"": 1.0, ""pullback_rsi"": 40.0, ""session_filter"": ""NY""}",1.2793790270329448,5.857402266611319,9.376188156802389,191.69858665278545,26.179518033629794,13.794877972231797,0.5248304929448415,5457,13.794877972231797,11.390249056899393,10.209695171292445,A_if_A_hits_first_else_B
M15,trend_pullback,fixed_tp,"{""adx_threshold"": 15.0, ""atr_stop"": 2.5, ""atr_target"": 2.0, ""confirmation_bars"": 1, ""leg_a_atr_target"": 1.0, ""pullback_rsi"": 40.0, ""session_filter"": ""NY""}",1.2990706781062322,7.221524577093647,10.536314717264888,209.86768688354704,29.284632128073728,13.955263410432432,0.5485921889191644,6606,13.955263410432432,11.254480847877495,10.20867271081747,A_if_A_hits_first_else_B
M15,trend_pullback,fixed_tp,"{""adx_threshold"": 18.0, ""atr_stop"": 2.0, ""atr_target"": 2.0, ""confirmation_bars"": 1, ""leg_a_atr_target"": 1.0, ""pullback_rsi"": 35.0, ""session_filter"": ""NY""}",1.3741999484601073,7.480823527305411,11.958327368092593,214.44754716414272,25.511452351609265,16.82998886812195,0.5393765381460214,4876,16.82998886812195,8.961030070083897,10.197799625072458,A_if_A_hits_first_else_B
M15,trend_pullback,fixed_tp,"{""adx_threshold"": 18.0, ""atr_stop"": 2.5, ""atr_target"": 2.5, ""confirmation_bars"": 1, ""leg_a_atr_target"": 1.5, ""pullback_rsi"": 35.0, ""session_filter"": ""NY""}",1.2298843190345017,4.413121779204011,7.608619507015194,157.11428763747205,24.656293144779784,14.914743069389512,0.49666324435318276,3896,14.914743069389512,10.469207690344026,10.17728039874804,A_if_A_hits_first_else_B
M15,trend_pullback,fixed_tp,"{""adx_threshold"": 18.0, ""atr_stop"": 2.5, ""atr_target"": 2.5, ""confirmation_bars"": 1, ""leg_a_atr_target"": 1.0, ""pullback_rsi"": 40.0, ""session_filter"": ""NY""}",1.2788004805384954,5.966168714041324,9.44690998121542,198.99193632161445,25.88027441149223,13.602656940511245,0.5254446205317838,5679,13.602656940511245,11.390249056899393,10.142302100891362,A_if_A_hits_first_else_B
M15,trend_pullback,fixed_tp,"{""adx_threshold"": 20.0, ""atr_stop"": 3.0, ""atr_target"": 3.0, ""confirmation_bars"": 2, ""leg_a_atr_target"": 1.0, ""pullback_rsi"": 30, ""session_filter"": ""London_NY""}",1.26173874505566,4.885071409748595,6.374324104910704,175.53133257333928,26.579352674913988,13.171962715879161,0.5482778091473743,5313,13.171962715879161,11.535425241438418,10.053476058216127,A_if_A_hits_first_else_B
M15,trend_pullback,fixed_tp,"{""adx_threshold"": 15.0, ""atr_stop"": 1.5, ""atr_target"": 2.0, ""confirmation_bars"": 2, ""leg_a_atr_target"": 1.0, ""pullback_rsi"": 30, ""session_filter"": ""NY""}",1.4498351893842656,8.224077802981022,15.433674550203445,184.23458684276713,28.34046915428839,17.88522936368069,0.49280657684402834,4379,17.88522936368069,7.7754948996102335,10.0487700199897,A_if_A_hits_first_else_B
M15,trend_pullback,fixed_tp,"{""adx_threshold"": 18.0, ""atr_stop"": 3.0, ""atr_target"": 2.5, ""confirmation_bars"": 2, ""leg_a_atr_target"": 1.0, ""pullback_rsi"": 40.0, ""session_filter"": ""NY""}",1.2426575491054632,5.0158518176599385,7.170937696895844,150.22896582775758,29.918746247587414,12.802874024795358,0.5444360045575389,5266,12.802874024795358,11.798716021177942,10.038959628029541,A_if_A_hits_first_else_B
M15,trend_pullback,fixed_tp,"{""adx_threshold"": 25.0, ""atr_stop"": 3.0, ""atr_target"": 2.0, ""confirmation_bars"": 2, ""leg_a_atr_target"": 1.0, ""pullback_rsi"": 25, ""session_filter"": null}",1.3168690192583516,5.264357126150102,5.603294100284427,149.45867020671807,26.165045815516784,15.613227123309796,0.61298908703753,3757,15.613227123309796,9.560741263139768,10.030336865422996,A_if_A_hits_first_else_B
M15,trend_pullback,fixed_tp,"{""adx_threshold"": 20.0, ""atr_stop"": 2.5, ""atr_target"": 2.5, ""confirmation_bars"": 2, ""leg_a_atr_target"": 1.0, ""pullback_rsi"": 45.0, ""session_filter"": ""NY""}",1.2884886535365383,6.019823578103653,9.898788948392099,190.68816728530751,28.00133157131699,14.125721161065266,0.517636684303351,5670,14.125721161065266,10.703263152387269,10.018168555654421,A_if_A_hits_first_else_B
M15,trend_pullback,fixed_tp,"{""adx_threshold"": 18.0, ""atr_stop"": 3.0, ""atr_target"": 2.5, ""confirmation_bars"": 1, ""leg_a_atr_target"": 1.0, ""pullback_rsi"": 40.0, ""session_filter"": ""NY""}",1.2441751194924253,5.146703415266361,7.268356187368611,157.71482014383153,29.53157382141798,12.709387448997331,0.5448426414407859,5497,12.709387448997331,11.798716021177942,10.006542840577625,A_if_A_hits_first_else_B
M15,trend_pullback,fixed_tp,"{""adx_threshold"": 18.0, ""atr_stop"": 3.0, ""atr_target"": 3.0, ""confirmation_bars"": 1, ""leg_a_atr_target"": 1.0, ""pullback_rsi"": 25, ""session_filter"": ""London_NY""}",1.2645283717081328,4.709753379496765,5.876528263866331,174.30875802717287,23.858576981080276,13.04776904999309,0.5542773478351809,4781,13.04776904999309,11.425992364455093,9.961321405844,A_if_A_hits_first_else_B
M15,trend_pullback,fixed_tp,"{""adx_threshold"": 15.0, ""atr_stop"": 3.0, ""atr_target"": 2.0, ""confirmation_bars"": 1, ""leg_a_atr_target"": 1.0, ""pullback_rsi"": 25, ""session_filter"": null}",1.357424598959599,8.643668407925007,9.59814751953176,299.9341171455259,28.784062736137788,15.626865774028444,0.606974779775552,8287,15.626865774028444,9.35230031903201,9.949423084266279,A_if_A_hits_first_else_B
M15,trend_pullback,fixed_tp,"{""adx_threshold"": 25.0, ""atr_stop"": 3.0, ""atr_target"": 3.0, ""confirmation_bars"": 2, ""leg_a_atr_target"": 1.0, ""pullback_rsi"": 35.0, ""session_filter"": ""NY""}",1.217078978241675,2.969763990728459,4.397713690682671,67.73314577718445,29.936857990548045,12.84449471949743,0.5527871621621622,2368,12.84449471949743,11.563300215833394,9.942474044597464,A_if_A_hits_first_else_B
M15,trend_pullback,fixed_tp,"{""adx_threshold"": 15.0, ""atr_stop"": 2.5, ""atr_target"": 2.0, ""confirmation_bars"": 1, ""leg_a_atr_target"": 1.0, ""pullback_rsi"": 30, ""session_filter"": ""London_NY""}",1.3579923825125797,8.675545405866005,10.973762694175468,382.8439577659422,20.657845199181608,14.814056971099195,0.5759240759240759,8008,14.814056971099195,9.950690874526266,9.934329309924054,A_if_A_hits_first_else_B
M15,trend_pullback,fixed_tp,"{""adx_threshold"": 15.0, ""atr_stop"": 2.5, ""atr_target"": 2.0, ""confirmation_bars"": 2, ""leg_a_atr_target"": 1.0, ""pullback_rsi"": 30, ""session_filter"": ""London_NY""}",1.3527632139833183,8.411916630665973,10.641342072933904,359.8126178670253,21.141981195378452,14.698863069955914,0.5728455494010047,7763,14.698863069955914,9.950690874526266,9.892965610818054,A_if_A_hits_first_else_B
M15,trend_pullback,fixed_tp,"{""adx_threshold"": 20.0, ""atr_stop"": 3.0, ""atr_target"": 2.0, ""confirmation_bars"": 1, ""leg_a_atr_target"": 1.0, ""pullback_rsi"": 35.0, ""session_filter"": ""London_NY""}",1.3422223716009005,7.891347419198792,9.035093123913114,372.8720522402671,20.23937723162096,14.963710755623465,0.5890284203569068,7565,14.963710755623465,9.726743763788797,9.882777932493351,A_if_A_hits_first_else_B
M15,trend_pullback,fixed_tp,"{""adx_threshold"": 18.0, ""atr_stop"": 2.5, ""atr_target"": 2.5, ""confirmation_bars"": 2, ""leg_a_atr_target"": 1.0, ""pullback_rsi"": 45.0, ""session_filter"": ""NY""}",1.2823851881272326,6.39328082907135,10.373634502686668,242.0628618894612,24.672242734120683,13.670609687439438,0.5156416908286281,6553,13.670609687439438,10.703263152387269,9.857658846803519,A_if_A_hits_first_else_B
M15,trend_pullback,fixed_tp,"{""adx_threshold"": 15.0, ""atr_stop"": 2.5, ""atr_target"": 2.0, ""confirmation_bars"": 2, ""leg_a_atr_target"": 1.0, ""pullback_rsi"": 45.0, ""session_filter"": ""NY""}",1.2856722971887147,7.445725954608993,10.989821463271841,239.07214605540594,28.834961747528254,13.214638057010443,0.5344408945686902,7825,13.214638057010443,11.049521067273067,9.854542259664278,A_if_A_hits_first_else_B
M15,trend_pullback,fixed_tp,"{""adx_threshold"": 15.0, ""atr_stop"": 2.5, ""atr_target"": 2.5, ""confirmation_bars"": 1, ""leg_a_atr_target"": 1.5, ""pullback_rsi"": 25, ""session_filter"": ""NY""}",1.2208121031863453,3.4178152571552403,6.092122069781647,96.45997326928205,24.237754028608688,14.515561500664521,0.5049668874172185,2416,14.515561500664521,10.026571051816372,9.836565919187217,A_if_A_hits_first_else_B
M15,trend_pullback,fixed_tp,"{""adx_threshold"": 15.0, ""atr_stop"": 1.5, ""atr_target"": 2.0, ""confirmation_bars"": 1, ""leg_a_atr_target"": 1.0, ""pullback_rsi"": 30, ""session_filter"": ""NY""}",1.4345996288827572,8.118501420666465,15.225279337942212,182.05170154737124,28.413268346123772,17.242279496446336,0.49333333333333335,4500,17.242279496446336,7.7754948996102335,9.820690454357374,A_if_A_hits_first_else_B
M15,trend_pullback,fixed_tp,"{""adx_threshold"": 20.0, ""atr_stop"": 2.5, ""atr_target"": 2.5, ""confirmation_bars"": 1, ""leg_a_atr_target"": 1.0, ""pullback_rsi"": 45.0, ""session_filter"": ""NY""}",1.2757156774647052,5.9016926347155065,9.701315459324485,210.30462360943736,25.276022628517946,13.56036843171963,0.5164965986394557,5880,13.56036843171963,10.703263152387269,9.817740505169082,A_if_A_hits_first_else_B
M15,trend_pullback,fixed_tp,"{""adx_threshold"": 15.0, ""atr_stop"": 3.0, ""atr_target"": 2.0, ""confirmation_bars"": 1, ""leg_a_atr_target"": 1.0, ""pullback_rsi"": 45.0, ""session_filter"": ""NY""}",1.2701951076858031,6.906363361674521,9.218048461272277,248.05371713148878,27.027720218165708,13.108041838580379,0.5553962460896767,7672,13.108041838580379,11.05749319751988,9.817725603924238,A_if_A_hits_first_else_B
M15,trend_pullback,fixed_tp,"{""adx_threshold"": 15.0, ""atr_stop"": 2.5, ""atr_target"": 2.0, ""confirmation_bars"": 1, ""leg_a_atr_target"": 1.0, ""pullback_rsi"": 45.0, ""session_filter"": ""NY""}",1.2828895609839415,7.4464669164437645,11.02083088308076,253.00265944066743,27.355254697337305,13.094637086471645,0.5344349142280524,7928,13.094637086471645,11.049521067273067,9.811985372734744,A_if_A_hits_first_else_B
M15,trend_pullback,fixed_tp,"{""adx_threshold"": 25.0, ""atr_stop"": 1.5, ""atr_target"": 2.0, ""confirmation_bars"": 1, ""leg_a_atr_target"": 1.0, ""pullback_rsi"": 25, ""session_filter"": ""NY""}",1.4197776378691485,4.84499507755045,8.90308910884457,62.11476062820045,29.224301098918147,17.310176102534225,0.5073108709472346,1573,17.310176102534225,7.68893721567611,9.802538910515057,A_if_A_hits_first_else_B
M15,trend_pullback,fixed_tp,"{""adx_threshold"": 15.0, ""atr_stop"": 3.0, ""atr_target"": 2.5, ""confirmation_bars"": 1, ""leg_a_atr_target"": 1.0, ""pullback_rsi"": 30, ""session_filter"": ""London_NY""}",1.3065404423300406,6.940783352184977,8.568038908439243,259.90881062638056,26.992871759755527,13.94583592857498,0.5670553935860059,7546,13.94583592857498,10.346640879329522,9.798339059165533,A_if_A_hits_first_else_B
M15,trend_pullback,fixed_tp,"{""adx_threshold"": 15.0, ""atr_stop"": 3.0, ""atr_target"": 2.0, ""confirmation_bars"": 2, ""leg_a_atr_target"": 1.0, ""pullback_rsi"": 45.0, ""session_filter"": ""NY""}",1.2686051381834103,6.808189114560229,9.079019509158154,234.78717335401984,27.996303817862778,13.048914182946723,0.5543938591847538,7556,13.048914182946723,11.05749319751988,9.796712930551982,A_if_A_hits_first_else_B
M15,trend_pullback,fixed_tp,"{""adx_threshold"": 18.0, ""atr_stop"": 2.5, ""atr_target"": 3.0, ""confirmation_bars"": 2, ""leg_a_atr_target"": 1.0, ""pullback_rsi"": 30, ""session_filter"": ""London_NY""}",1.2831663908831126,5.751758466792226,8.450986965895254,214.83725112885966,25.975261919333832,13.103758300176477,0.5278647463994991,6388,13.103758300176477,10.963994310865855,9.776746123128024,A_if_A_hits_first_else_B
M15,trend_pullback,fixed_tp,"{""adx_threshold"": 15.0, ""atr_stop"": 3.0, ""atr_target"": 3.0, ""confirmation_bars"": 2, ""leg_a_atr_target"": 1.0, ""pullback_rsi"": 25, ""session_filter"": ""London_NY""}",1.2680766946173128,4.987151026463051,6.3268160787246925,174.1449954697441,26.302830472172044,13.17752098221477,0.5523590333716916,5214,13.17752098221477,10.893291246105317,9.767728743446025,A_if_A_hits_first_else_B
M15,trend_pullback,fixed_tp,"{""adx_threshold"": 25.0, ""atr_stop"": 2.5, ""atr_target"": 2.5, ""confirmation_bars"": 1, ""leg_a_atr_target"": 1.0, ""pullback_rsi"": 35.0, ""session_filter"": ""NY""}",1.251284419981388,3.75474233644893,5.646537472227845,80.49175795604141,29.044296494913397,13.379396128226263,0.5501716901945822,2621,13.379396128226263,10.699297888399386,9.747729578655195,A_if_A_hits_first_else_B
M15,trend_pullback,fixed_tp,"{""adx_threshold"": 18.0, ""atr_stop"": 2.5, ""atr_target"": 2.5, ""confirmation_bars"": 1, ""leg_a_atr_target"": 1.0, ""pullback_rsi"": 45.0, ""session_filter"": ""NY""}",1.2779353347414244,6.415237436333326,10.31744176823566,248.58872714880923,24.244308579097368,13.304330707021549,0.5152317880794702,6795,13.304330707021549,10.703263152387269,9.728571232980098,A_if_A_hits_first_else_B
M15,trend_pullback,fixed_tp,"{""adx_threshold"": 15.0, ""atr_stop"": 3.0, ""atr_target"": 3.0, ""confirmation_bars"": 1, ""leg_a_atr_target"": 1.0, ""pullback_rsi"": 25, ""session_filter"": ""London_NY""}",1.2664448644403983,5.041501711262521,6.37380270838162,193.47381926503454,24.193649671644142,13.065233914960675,0.5552660960178638,5374,13.065233914960675,10.893291246105317,9.728101903871707,A_if_A_hits_first_else_B
M15,trend_pullback,fixed_tp,"{""adx_threshold"": 20.0, ""atr_stop"": 2.0, ""atr_target"": 2.5, ""confirmation_bars"": 2, ""leg_a_atr_target"": 1.0, ""pullback_rsi"": 25, ""session_filter"": ""London_NY""}",1.3299961733208583,5.794395184424973,8.288545988819433,130.50586409323554,29.99244411835668,13.84410458359188,0.5208677198773874,4241,13.84410458359188,10.174773638089734,9.69008397606171,A_if_A_hits_first_else_B
M15,trend_pullback,fixed_tp,"{""adx_threshold"": 18.0, ""atr_stop"": 2.0, ""atr_target"": 3.0, ""confirmation_bars"": 1, ""leg_a_atr_target"": 1.0, ""pullback_rsi"": 25, ""session_filter"": ""NY""}",1.2583047881657998,3.71193579776197,6.229586631651364,98.01434134058526,22.40426871570904,12.937586261121567,0.5082482325216026,2546,12.937586261121567,10.886935085867874,9.67893693766625,A_if_A_hits_first_else_B
M15,trend_pullback,fixed_tp,"{""adx_threshold"": 18.0, ""atr_stop"": 2.0, ""atr_target"": 2.5, ""confirmation_bars"": 1, ""leg_a_atr_target"": 1.0, ""pullback_rsi"": 25, ""session_filter"": ""London_NY""}",1.3341627613341003,6.540023261916567,9.561893174021042,178.17678020096014,27.392973717088175,13.803144392082277,0.5220588235294118,5304,13.803144392082277,10.174773638089734,9.676581226635996,A_if_A_hits_first_else_B
M15,trend_pullback,fixed_tp,"{""adx_threshold"": 18.0, ""atr_stop"": 3.0, ""atr_target"": 2.0, ""confirmation_bars"": 1, ""leg_a_atr_target"": 1.0, ""pullback_rsi"": 35.0, ""session_filter"": ""London_NY""}",1.3345191659375395,8.340147909141647,9.542271119504072,372.0306260184249,22.492901151860107,14.374796317848812,0.586578103527256,8732,14.374796317848812,9.726743763788797,9.675117238139551,A_if_A_hits_first_else_B
M15,trend_pullback,fixed_tp,"{""adx_threshold"": 18.0, ""atr_stop"": 2.5, ""atr_target"": 3.0, ""confirmation_bars"": 1, ""leg_a_atr_target"": 1.5, ""pullback_rsi"": 35.0, ""session_filter"": ""NY""}",1.2132109855961402,3.990796202543333,6.968087201369329,129.36734295942168,28.314949204885536,14.234571546633537,0.47694300518134713,3860,14.234571546633537,9.856636998307732,9.660228887679445,A_if_A_hits_first_else_B
M15,trend_pullback,fixed_tp,"{""adx_threshold"": 18.0, ""atr_stop"": 2.0, ""atr_target"": 2.5, ""confirmation_bars"": 2, ""leg_a_atr_target"": 1.0, ""pullback_rsi"": 25, ""session_filter"": ""London_NY""}",1.3305102610553063,6.211478510517241,9.042603467309135,159.49101552645374,28.229188626338665,13.69868750964267,0.5208924949290061,4930,13.69868750964267,10.174773638089734,9.639290817726376,A_if_A_hits_first_else_B
M15,trend_pullback,fixed_tp,"{""adx_threshold"": 25.0, ""atr_stop"": 2.0, ""atr_target"": 2.0, ""confirmation_bars"": 2, ""leg_a_atr_target"": 1.0, ""pullback_rsi"": 25, ""session_filter"": null}",1.3762289760725073,6.542248619301245,8.831765799398584,186.69377324476912,23.04289696654119,15.913558746636316,0.5489519112207152,4055,15.913558746636316,8.35679823341005,9.605550561571736,A_if_A_hits_first_else_B
M15,trend_pullback,fixed_tp,"{""adx_threshold"": 15.0, ""atr_stop"": 2.5, ""atr_target"": 2.5, ""confirmation_bars"": 2, ""leg_a_atr_target"": 1.5, ""pullback_rsi"": 25, ""session_filter"": ""NY""}",1.207200620169431,3.176186777424407,5.5665907624126705,78.09930199080715,27.642660589836826,13.733285605820944,0.5025445292620865,2358,13.733285605820944,10.026571051816372,9.560047059388584,A_if_A_hits_first_else_B
M15,trend_pullback,fixed_tp,"{""adx_threshold"": 18.0, ""atr_stop"": 3.0, ""atr_target"": 3.0, ""confirmation_bars"": 1, ""leg_a_atr_target"": 1.5, ""pullback_rsi"": 35.0, ""session_filter"": ""NY""}",1.195603138907023,3.615415465473168,5.612562875442072,130.08217149545962,26.576528797402236,14.041968224117397,0.511779041429732,3693,14.041968224117397,9.785059830210498,9.557086429817218,A_if_A_hits_first_else_B
M15,trend_pullback,fixed_tp,"{""adx_threshold"": 15.0, ""atr_stop"": 2.0, ""atr_target"": 3.0, ""confirmation_bars"": 1, ""leg_a_atr_target"": 1.0, ""pullback_rsi"": 25, ""session_filter"": ""NY""}",1.2620297056033254,3.999876705824615,6.775384826848908,95.4637279543329,25.926685422522784,13.01292346968077,0.5075359270942867,2853,13.01292346968077,10.509201104439697,9.536069652506798,A_if_A_hits_first_else_B
M15,trend_pullback,fixed_tp,"{""adx_threshold"": 18.0, ""atr_stop"": 3.0, ""atr_target"": 3.0, ""confirmation_bars"": 2, ""leg_a_atr_target"": 1.0, ""pullback_rsi"": 25, ""session_filter"": ""London_NY""}",1.2334006704468816,4.03089816020061,5.017510577626326,127.06873174231048,27.596532750006098,11.849481021722477,0.5544041450777202,4439,11.849481021722477,11.425992364455093,9.535695055697035,A_if_A_hits_first_else_B
M15,trend_pullback,fixed_tp,"{""adx_threshold"": 18.0, ""atr_stop"": 3.0, ""atr_target"": 2.0, ""confirmation_bars"": 2, ""leg_a_atr_target"": 1.0, ""pullback_rsi"": 35.0, ""session_filter"": ""London_NY""}",1.3195747982631125,7.815622442758221,8.90710145178628,329.01298679264187,23.557039967807476,13.978427461468014,0.5881928580016833,8317,13.978427461468014,9.726743763788797,9.533399264871386,A_if_A_hits_first_else_B
M15,trend_pullback,fixed_tp,"{""adx_threshold"": 18.0, ""atr_stop"": 2.5, ""atr_target"": 2.0, ""confirmation_bars"": 1, ""leg_a_atr_target"": 1.0, ""pullback_rsi"": 30, ""session_filter"": ""London""}",1.3882892026086546,7.536902229417462,9.372767231504177,181.65359820579997,28.84463757533356,14.23066867056373,0.5705232663407568,5523,14.23066867056373,9.479241109444134,9.524050374468896,A_if_A_hits_first_else_B
M15,trend_pullback,fixed_tp,"{""adx_threshold"": 18.0, ""atr_stop"": 3.0, ""atr_target"": 2.0, ""confirmation_bars"": 1, ""leg_a_atr_target"": 1.0, ""pullback_rsi"": 25, ""session_filter"": ""London""}",1.3522676433005796,5.811103311010343,6.041403674247985,159.53323591978634,23.458214525702488,14.005856557581787,0.6097804391217565,4008,14.005856557581787,9.606668507280169,9.495504152089818,A_if_A_hits_first_else_B
M15,trend_pullback,fixed_tp,"{""adx_threshold"": 25.0, ""atr_stop"": 3.0, ""atr_target"": 2.5, ""confirmation_bars"": 2, ""leg_a_atr_target"": 1.0, ""pullback_rsi"": 40.0, ""session_filter"": ""NY""}",1.1978847073345917,3.2069558800501294,4.348081635407967,105.85008715987675,21.089433134968985,11.131906593195776,0.5528590425531915,3008,11.131906593195776,11.90438499709347,9.492717497777502,A_if_A_hits_first_else_B
M15,trend_pullback,fixed_tp,"{""adx_threshold"": 15.0, ""atr_stop"": 2.5, ""atr_target"": 2.5, ""confirmation_bars"": 1, ""leg_a_atr_target"": 1.0, ""pullback_rsi"": 25, ""session_filter"": ""London_NY""}",1.3043731827547864,6.122875922920542,8.102560711342221,201.78576652534835,25.289331920362862,13.514372951441686,0.5536723163841808,5664,13.514372951441686,9.906871736128778,9.448997450813497,A_if_A_hits_first_else_B
M15,trend_pullback,fixed_tp,"{""adx_threshold"": 18.0, ""atr_stop"": 2.0, ""atr_target"": 3.0, ""confirmation_bars"": 2, ""leg_a_atr_target"": 1.0, ""pullback_rsi"": 25, ""session_filter"": ""NY""}",1.2413593866466068,3.3548558481203905,5.647623327790989,82.60437486407487,23.480494902537497,12.260376756783861,0.5031605562579013,2373,12.260376756783861,10.886935085867874,9.438524530844214,A_if_A_hits_first_else_B
M15,trend_pullback,fixed_tp,"{""adx_threshold"": 18.0, ""atr_stop"": 1.5, ""atr_target"": 2.0, ""confirmation_bars"": 1, ""leg_a_atr_target"": 1.5, ""pullback_rsi"": 25, ""session_filter"": ""NY""}",1.3164788494645536,4.802728485774165,9.472102066762387,109.05101106717855,24.23976291555465,16.105020231335942,0.4268887083671812,2462,16.105020231335942,7.842128289705376,9.42901058122791,A_if_A_hits_first_else_B
M15,trend_pullback,fixed_tp,"{""adx_threshold"": 15.0, ""atr_stop"": 3.0, ""atr_target"": 3.0, ""confirmation_bars"": 1, ""leg_a_atr_target"": 1.0, ""pullback_rsi"": 30, ""session_filter"": ""London_NY""}",1.2840975392194494,6.190189914261853,8.170916575914706,222.2563967152119,29.74167915147748,13.330757812182005,0.5453078784619522,7438,13.330757812182005,10.01260756632278,9.428258146952842,A_if_A_hits_first_else_B
M15,trend_pullback,fixed_tp,"{""adx_threshold"": 20.0, ""atr_stop"": 3.0, ""atr_target"": 2.5, ""confirmation_bars"": 1, ""leg_a_atr_target"": 1.0, ""pullback_rsi"": 35.0, ""session_filter"": ""London_NY""}",1.3163059598643436,7.052214824503912,8.844408728133473,282.81620371250733,25.367948369064386,14.45687839947676,0.5599140247178936,7444,14.45687839947676,9.116507502208073,9.425597007783368,A_if_A_hits_first_else_B
M15,trend_pullback,fixed_tp,"{""adx_threshold"": 15.0, ""atr_stop"": 2.5, ""atr_target"": 2.5, ""confirmation_bars"": 2, ""leg_a_atr_target"": 1.0, ""pullback_rsi"": 25, ""session_filter"": ""London_NY""}",1.3002099387109596,5.9397101441169795,7.854811852242635,175.65382760219563,27.98664378419294,13.414483634071395,0.5513916681826451,5497,13.414483634071395,9.906871736128778,9.413203540925128,A_if_A_hits_first_else_B
M15,trend_pullback,fixed_tp,"{""adx_threshold"": 20.0, ""atr_stop"": 3.0, ""atr_target"": 2.0, ""confirmation_bars"": 2, ""leg_a_atr_target"": 1.0, ""pullback_rsi"": 35.0, ""session_filter"": ""London_NY""}",1.3013922715807942,6.889782029583024,7.8775526864908585,317.5961890433396,20.207004536598514,13.589076015256543,0.5859683794466403,7084,13.589076015256543,9.726743763788797,9.393489753360909,A_if_A_hits_first_else_B
M15,trend_pullback,fixed_tp,"{""adx_threshold"": 20.0, ""atr_stop"": 2.0, ""atr_target"": 3.0, ""confirmation_bars"": 2, ""leg_a_atr_target"": 1.0, ""pullback_rsi"": 25, ""session_filter"": ""NY""}",1.2361649051994548,3.1531936593423264,5.107886629648226,55.92628355122962,29.792141273633487,12.120492777406778,0.5077594568380214,2062,12.120492777406778,10.886935085867874,9.388526241772807,A_if_A_hits_first_else_B
M15,trend_pullback,fixed_tp,"{""adx_threshold"": 18.0, ""atr_stop"": 3.0, ""atr_target"": 2.0, ""confirmation_bars"": 1, ""leg_a_atr_target"": 1.0, ""pullback_rsi"": 30, ""session_filter"": ""London""}",1.3428042273021272,6.500775381531393,7.061549063066511,221.5906044506036,21.53247582522846,13.432979542315236,0.5966591591591591,5328,13.432979542315236,9.805291831090361,9.382485009261421,A_if_A_hits_first_else_B
M15,trend_pullback,fixed_tp,"{""adx_threshold"": 18.0, ""atr_stop"": 2.5, ""atr_target"": 2.0, ""confirmation_bars"": 1, ""leg_a_atr_target"": 1.5, ""pullback_rsi"": 45.0, ""session_filter"": ""NY""}",1.212617030836242,5.123427997989362,8.5189284838367,193.41759972570435,25.654375753766573,13.336340568235528,0.5113778892671564,5581,13.336340568235528,9.930678298746379,9.379047839485551,A_if_A_hits_first_else_B
M15,trend_pullback,fixed_tp,"{""adx_threshold"": 15.0, ""atr_stop"": 2.0, ""atr_target"": 3.0, ""confirmation_bars"": 2, ""leg_a_atr_target"": 1.0, ""pullback_rsi"": 25, ""session_filter"": ""NY""}",1.2521784460912875,3.810207570392639,6.422586283188484,88.9266588403192,26.170444641973145,12.561623978281057,0.5055775458798129,2779,12.561623978281057,10.509201104439697,9.37614457861449,A_if_A_hits_first_else_B
M15,trend_pullback,fixed_tp,"{""adx_threshold"": 25.0, ""atr_stop"": 3.0, ""atr_target"": 3.0, ""confirmation_bars"": 2, ""leg_a_atr_target"": 1.0, ""pullback_rsi"": 30, ""session_filter"": ""London_NY""}",1.25342919930747,3.8463477399185853,4.872776399894154,116.85282333542692,26.72260858943935,13.47890184415908,0.5562589928057554,3475,13.47890184415908,9.777951427131423,9.368379627526314,A_if_A_hits_first_else_B
M15,trend_pullback,fixed_tp,"{""adx_threshold"": 18.0, ""atr_stop"": 3.0, ""atr_target"": 2.5, ""confirmation_bars"": 1, ""leg_a_atr_target"": 1.0, ""pullback_rsi"": 35.0, ""session_filter"": ""London_NY""}",1.3175733261974965,7.620952145040801,9.548573292435975,307.5110025989049,26.289372935221316,14.14488177243626,0.5569812201096466,8573,14.14488177243626,9.116507502208073,9.316651661585825,A_if_A_hits_first_else_B
M15,trend_pullback,fixed_tp,"{""adx_threshold"": 15.0, ""atr_stop"": 2.5, ""atr_target"": 2.5, ""confirmation_bars"": 1, ""leg_a_atr_target"": 1.0, ""pullback_rsi"": 40.0, ""session_filter"": ""NY""}",1.2648055345540923,6.162866890162961,9.828066867733513,193.20352179381211,28.637656602782346,12.668820282962987,0.5199206228056785,6551,12.668820282962987,10.24886564638147,9.299037746819526,A_if_A_hits_first_else_B
M15,trend_pullback,fixed_tp,"{""adx_threshold"": 18.0, ""atr_stop"": 1.5, ""atr_target"": 2.0, ""confirmation_bars"": 2, ""leg_a_atr_target"": 1.5, ""pullback_rsi"": 25, ""session_filter"": ""NY""}",1.3051103865824298,4.458424460801979,8.732448650450431,87.06577503866401,27.373087467562367,15.610867307190773,0.4244541484716157,2290,15.610867307190773,7.842128289705376,9.253783365200675,A_if_A_hits_first_else_B
M15,trend_pullback,fixed_tp,"{""adx_threshold"": 18.0, ""atr_stop"": 3.0, ""atr_target"": 2.5, ""confirmation_bars"": 2, ""leg_a_atr_target"": 1.0, ""pullback_rsi"": 35.0, ""session_filter"": ""London_NY""}",1.3067164840359409,7.232617774261365,9.008679771940667,282.66767309840213,26.88737822321789,13.901096155481586,0.5605413973905621,8201,13.901096155481586,9.116507502208073,9.229155327219376,A_if_A_hits_first_else_B
M15,trend_pullback,fixed_tp,"{""adx_threshold"": 25.0, ""atr_stop"": 2.5, ""atr_target"": 2.5, ""confirmation_bars"": 1, ""leg_a_atr_target"": 1.0, ""pullback_rsi"": 40.0, ""session_filter"": ""NY""}",1.2472464933003664,4.150390676234667,6.384539457383312,102.04553625544837,27.01906326455677,12.756823565476129,0.5326958667489204,3242,12.756823565476129,9.935204739566109,9.185179679381466,A_if_A_hits_first_else_B
M15,trend_pullback,fixed_tp,"{""adx_threshold"": 18.0, ""atr_stop"": 2.5, ""atr_target"": 2.0, ""confirmation_bars"": 2, ""leg_a_atr_target"": 1.5, ""pullback_rsi"": 45.0, ""session_filter"": ""NY""}",1.1994905953412083,4.760019304081051,7.976943892505563,158.77758306233432,28.751803193244314,12.650494604767887,0.509698873083318,5413,12.650494604767887,9.930678298746379,9.136376465172871,A_if_A_hits_first_else_B
M15,trend_pullback,fixed_tp,"{""adx_threshold"": 15.0, ""atr_stop"": 3.0, ""atr_target"": 2.0, ""confirmation_bars"": 1, ""leg_a_atr_target"": 1.5, ""pullback_rsi"": 30, ""session_filter"": ""London_NY""}",1.229575000024913,5.536319188483934,7.077627715435134,200.9730441909682,28.77366313981532,13.887441579572828,0.5627601665065642,6246,13.887441579572828,8.94221312438481,9.130515458828638,A_if_A_hits_first_else_B
M15,trend_pullback,fixed_tp,"{""adx_threshold"": 18.0, ""atr_stop"": 3.0, ""atr_target"": 3.0, ""confirmation_bars"": 1, ""leg_a_atr_target"": 1.0, ""pullback_rsi"": 45.0, ""session_filter"": ""NY""}",1.2275392933892255,5.1192425096304905,7.240472841981293,190.7374029576538,26.90620185974874,11.794129920751207,0.5137122721005056,6527,11.794129920751207,10.556401941203815,9.123834204482485,A_if_A_hits_first_else_B
M15,trend_pullback,fixed_tp,"{""adx_threshold"": 18.0, ""atr_stop"": 2.0, ""atr_target"": 2.5, ""confirmation_bars"": 1, ""leg_a_atr_target"": 1.5, ""pullback_rsi"": 25, ""session_filter"": ""NY""}",1.2092585205763242,3.0729812873726012,6.081736462237674,65.0636858698038,29.733305731179343,12.794698835742665,0.4572310405643739,2268,12.794698835742665,9.557495579838044,9.020869307552315,A_if_A_hits_first_else_B
M15,trend_pullback,fixed_tp,"{""adx_threshold"": 20.0, ""atr_stop"": 3.0, ""atr_target"": 2.0, ""confirmation_bars"": 2, ""leg_a_atr_target"": 1.0, ""pullback_rsi"": 25, ""session_filter"": ""London""}",1.3077956416481924,4.632060183062722,4.65643760743968,94.69683969005003,28.366101008766933,12.666677710746475,0.6067274441999371,3181,12.666677710746475,9.606668507280169,9.017897155366981,A_if_A_hits_first_else_B
M15,trend_pullback,fixed_tp,"{""adx_threshold"": 15.0, ""atr_stop"": 2.0, ""atr_target"": 2.0, ""confirmation_bars"": 1, ""leg_a_atr_target"": 1.0, ""pullback_rsi"": 30, ""session_filter"": ""London_NY""}",1.3791581545184188,9.607242203876394,13.893024195733963,404.49518515820074,20.43280150089538,14.535648657061927,0.5401571110329464,8529,14.535648657061927,8.116005099596187,9.01551095569364,A_if_A_hits_first_else_B
M15,trend_pullback,fixed_tp,"{""adx_threshold"": 15.0, ""atr_stop"": 2.5, ""atr_target"": 2.0, ""confirmation_bars"": 1, ""leg_a_atr_target"": 1.5, ""pullback_rsi"": 25, ""session_filter"": ""London_NY""}",1.2466804812006997,5.255921446139181,7.356726175040082,185.61193137771622,24.285931556234864,13.93864768540441,0.5330859616573902,4851,13.93864768540441,8.54873745636484,8.974794641495862,A_if_A_hits_first_else_B
M15,trend_pullback,fixed_tp,"{""adx_threshold"": 18.0, ""atr_stop"": 2.5, ""atr_target"": 3.0, ""confirmation_bars"": 1, ""leg_a_atr_target"": 1.0, ""pullback_rsi"": 40.0, ""session_filter"": ""NY""}",1.2212208788653438,4.773066216231828,7.273702518781986,168.62137051862737,24.999974702435335,11.203570155711338,0.505846917080085,5644,11.203570155711338,10.663489066805942,8.96406381033471,A_if_A_hits_first_else_B
M15,trend_pullback,fixed_tp,"{""adx_threshold"": 15.0, ""atr_stop"": 2.5, ""atr_target"": 2.0, ""confirmation_bars"": 2, ""leg_a_atr_target"": 1.5, ""pullback_rsi"": 25, ""session_filter"": ""London_NY""}",1.2450770095199954,5.12911538506949,7.125623344093814,158.7228054042135,27.4857431424824,13.870117402059465,0.5313692242475625,4718,13.870117402059465,8.54873745636484,8.95048834798899,A_if_A_hits_first_else_B
M15,trend_pullback,fixed_tp,"{""adx_threshold"": 20.0, ""atr_stop"": 3.0, ""atr_target"": 2.0, ""confirmation_bars"": 1, ""leg_a_atr_target"": 1.0, ""pullback_rsi"": 30, ""session_filter"": ""London""}",1.3041989940420022,5.4309797904671955,5.774553611262186,127.39090794260636,29.860357937150965,12.207760298796105,0.5969191270860077,4674,12.207760298796105,9.805291831090361,8.9459372273777,A_if_A_hits_first_else_B
M15,trend_pullback,fixed_tp,"{""adx_threshold"": 15.0, ""atr_stop"": 2.0, ""atr_target"": 2.0, ""confirmation_bars"": 2, ""leg_a_atr_target"": 1.0, ""pullback_rsi"": 30, ""session_filter"": ""London_NY""}",1.3688213399596847,9.22834572732809,13.367081597163537,336.7825343763127,23.364707989833068,14.263732154281156,0.5366767371601209,8275,14.263732154281156,8.116005099596187,8.918272816808624,A_if_A_hits_first_else_B
M15,trend_pullback,fixed_tp,"{""adx_threshold"": 25.0, ""atr_stop"": 2.5, ""atr_target"": 2.0, ""confirmation_bars"": 2, ""leg_a_atr_target"": 1.0, ""pullback_rsi"": 30, ""session_filter"": null}",1.2978550319980353,6.047842221824207,7.508038478254998,168.6428861982255,29.192581436704756,13.870551809905988,0.5679939894815927,5324,13.870551809905988,8.419792174942259,8.90317061859072,A_if_A_hits_first_else_B
M15,trend_pullback,fixed_tp,"{""adx_threshold"": 15.0, ""atr_stop"": 2.5, ""atr_target"": 2.5, ""confirmation_bars"": 2, ""leg_a_atr_target"": 1.0, ""pullback_rsi"": 30, ""session_filter"": ""London_NY""}",1.2971836374877,6.893631130566289,9.478498698223966,255.98794054031438,25.825654519594853,12.96624499263219,0.544194560669456,7648,12.96624499263219,9.11538305961749,8.899544851746676,A_if_A_hits_first_else_B
M15,trend_pullback,fixed_tp,"{""adx_threshold"": 18.0, ""atr_stop"": 2.0, ""atr_target"": 3.0, ""confirmation_bars"": 2, ""leg_a_atr_target"": 1.0, ""pullback_rsi"": 25, ""session_filter"": ""London_NY""}",1.286798801729504,5.26226063004894,8.13971213312052,152.86992258388034,26.399933409818367,12.433012250704024,0.5003080714725816,4869,12.433012250704024,9.50115828890669,8.884435278100321,A_if_A_hits_first_else_B
M15,trend_pullback,fixed_tp,"{""adx_threshold"": 18.0, ""atr_stop"": 2.5, ""atr_target"": 2.0, ""confirmation_bars"": 2, ""leg_a_atr_target"": 1.0, ""pullback_rsi"": 30, ""session_filter"": ""London""}",1.3299036259868091,6.333538277243933,7.79044557516038,153.06198836579168,28.146019092018328,12.434343794898565,0.5670579180296325,5197,12.434343794898565,9.479241109444134,8.88365955266172,A_if_A_hits_first_else_B
M15,trend_pullback,fixed_tp,"{""adx_threshold"": 15.0, ""atr_stop"": 2.5, ""atr_target"": 2.5, ""confirmation_bars"": 1, ""leg_a_atr_target"": 1.0, ""pullback_rsi"": 30, ""session_filter"": ""London_NY""}",1.2966363648557564,7.003521010653783,9.620745202805587,277.237447463892,24.369716078746936,12.859150896634088,0.5462504758279406,7881,12.859150896634088,9.11538305961749,8.86195246362095,A_if_A_hits_first_else_B
M15,trend_pullback,fixed_tp,"{""adx_threshold"": 20.0, ""atr_stop"": 3.0, ""atr_target"": 2.5, ""confirmation_bars"": 2, ""leg_a_atr_target"": 1.0, ""pullback_rsi"": 35.0, ""session_filter"": ""London_NY""}",1.2722153075961316,6.058977874567687,7.564887980610205,217.2676614759163,27.592559856661786,12.842696988412866,0.5565552699228792,7002,12.842696988412866,9.116507502208073,8.851815383457362,A_if_A_hits_first_else_B
M15,trend_pullback,fixed_tp,"{""adx_threshold"": 18.0, ""atr_stop"": 3.0, ""atr_target"": 2.0, ""confirmation_bars"": 2, ""leg_a_atr_target"": 1.0, ""pullback_rsi"": 25, ""session_filter"": ""London""}",1.2995958981924873,4.834635905467097,4.978478167357261,103.39897764261663,29.246198800094703,12.187105276178855,0.607469102632993,3722,12.187105276178855,9.606668507280169,8.848406854577174,A_if_A_hits_first_else_B
M15,trend_pullback,fixed_tp,"{""adx_threshold"": 20.0, ""atr_stop"": 3.0, ""atr_target"": 3.0, ""confirmation_bars"": 1, ""leg_a_atr_target"": 1.0, ""pullback_rsi"": 35.0, ""session_filter"": ""London_NY""}",1.2860806465040195,6.16606267168687,8.198220906993845,246.21784430317243,26.821583957764133,13.409948388135678,0.541897928793827,7387,13.409948388135678,8.614856248604843,8.827383377020471,A_if_A_hits_first_else_B
M15,trend_pullback,fixed_tp,"{""adx_threshold"": 15.0, ""atr_stop"": 2.0, ""atr_target"": 2.5, ""confirmation_bars"": 2, ""leg_a_atr_target"": 1.0, ""pullback_rsi"": 25, ""session_filter"": ""London_NY""}",1.3145503594392005,6.529651619443147,9.661484234684591,195.97064179031108,25.610837820018567,12.948845006131606,0.5173718610251118,5814,12.948845006131606,8.959710116556572,8.826875376484358,A_if_A_hits_first_else_B
M15,trend_pullback,fixed_tp,"{""adx_threshold"": 25.0, ""atr_stop"": 3.0, ""atr_target"": 3.0, ""confirmation_bars"": 2, ""leg_a_atr_target"": 1.0, ""pullback_rsi"": 40.0, ""session_filter"": ""NY""}",1.1679997573754235,2.678125243821323,3.761400563762742,80.29656179374253,24.419125164270252,9.826788135826735,0.5362512529234882,2993,9.826788135826735,11.427231843241872,8.815230128473285,A_if_A_hits_first_else_B
M15,trend_pullback,fixed_tp,"{""adx_threshold"": 18.0, ""atr_stop"": 3.0, ""atr_target"": 2.0, ""confirmation_bars"": 2, ""leg_a_atr_target"": 1.0, ""pullback_rsi"": 30, ""session_filter"": ""London""}",1.294952189059933,5.509386221134562,5.903896558309979,171.40363287678338,23.230965685423513,11.836717936139921,0.5941339674990092,5046,11.836717936139921,9.805291831090361,8.81422303945162,A_if_A_hits_first_else_B
M15,trend_pullback,fixed_tp,"{""adx_threshold"": 25.0, ""atr_stop"": 2.0, ""atr_target"": 2.5, ""confirmation_bars"": 1, ""leg_a_atr_target"": 1.0, ""pullback_rsi"": 25, ""session_filter"": ""NY""}",1.2430103249976405,2.869786819283756,4.492176831065506,50.78009950123656,23.678784887805644,12.104809255078665,0.5322147651006711,1490,12.104809255078665,9.546654819570863,8.781279973083947,A_if_A_hits_first_else_B
M15,trend_pullback,fixed_tp,"{""adx_threshold"": 18.0, ""atr_stop"": 2.0, ""atr_target"": 3.0, ""confirmation_bars"": 1, ""leg_a_atr_target"": 1.0, ""pullback_rsi"": 25, ""session_filter"": ""London_NY""}",1.2831622172627986,5.453051119773045,8.404331988478612,157.71340665321995,26.940117318697197,12.139479079911844,0.5013333333333333,5250,12.139479079911844,9.50115828890669,8.780971351429717,A_if_A_hits_first_else_B
M15,trend_pullback,fixed_tp,"{""adx_threshold"": 18.0, ""atr_stop"": 2.0, ""atr_target"": 2.5, ""confirmation_bars"": 2, ""leg_a_atr_target"": 1.0, ""pullback_rsi"": 35.0, ""session_filter"": ""NY""}",1.3041571403380954,5.765811867561022,10.117906355479207,169.82283186509338,26.01768222775795,14.464414473430702,0.5096027935399389,4582,14.464414473430702,7.671365725865357,8.775491070407774,A_if_A_hits_first_else_B
M15,trend_pullback,fixed_tp,"{""adx_threshold"": 15.0, ""atr_stop"": 2.0, ""atr_target"": 2.5, ""confirmation_bars"": 1, ""leg_a_atr_target"": 1.0, ""pullback_rsi"": 25, ""session_filter"": ""London_NY""}",1.3114053983364948,6.595068787719952,9.772557404084555,224.660465250492,22.749207789568768,12.772861394746663,0.5184938353882039,6002,12.772861394746663,8.959710116556572,8.764652120279086,A_if_A_hits_first_else_B
M15,trend_pullback,fixed_tp,"{""adx_threshold"": 18.0, ""atr_stop"": 3.0, ""atr_target"": 3.0, ""confirmation_bars"": 1, ""leg_a_atr_target"": 1.0, ""pullback_rsi"": 35.0, ""session_filter"": ""London_NY""}",1.2891164109080135,6.696031674686735,8.946389729664846,255.53212750427258,29.192994865243477,13.198421949994637,0.5373908940787921,8478,13.198421949994637,8.614856248604843,8.753956276551905,A_if_A_hits_first_else_B
M15,trend_pullback,fixed_tp,"{""adx_threshold"": 15.0, ""atr_stop"": 2.5, ""atr_target"": 3.0, ""confirmation_bars"": 2, ""leg_a_atr_target"": 1.0, ""pullback_rsi"": 25, ""session_filter"": ""London_NY""}",1.2622362452134939,5.03728310890301,7.116374794329335,167.41649627189494,26.37931335276177,12.217813211668567,0.5313537440059019,5422,12.217813211668567,9.344259683364523,8.733598730640733,A_if_A_hits_first_else_B
M15,trend_pullback,fixed_tp,"{""adx_threshold"": 15.0, ""atr_stop"": 2.5, ""atr_target"": 3.0, ""confirmation_bars"": 1, ""leg_a_atr_target"": 1.0, ""pullback_rsi"": 25, ""session_filter"": ""London_NY""}",1.258259252081996,5.0529554935655305,7.148503091952394,180.67093328197808,24.766066151617373,12.019631855307807,0.5324140401146131,5584,12.019631855307807,9.344259683364523,8.663439857288166,A_if_A_hits_first_else_B
M15,trend_pullback,fixed_tp,"{""adx_threshold"": 20.0, ""atr_stop"": 3.0, ""atr_target"": 2.0, ""confirmation_bars"": 2, ""leg_a_atr_target"": 1.0, ""pullback_rsi"": 30, ""session_filter"": ""London""}",1.2712061372363075,4.71951918966471,5.071571954318001,153.80181128732596,21.032848917576825,11.281877214796474,0.5921878632876075,4301,11.281877214796474,9.805291831090361,8.61527957661669,A_if_A_hits_first_else_B
M15,trend_pullback,fixed_tp,"{""adx_threshold"": 18.0, ""atr_stop"": 2.5, ""atr_target"": 3.0, ""confirmation_bars"": 1, ""leg_a_atr_target"": 1.0, ""pullback_rsi"": 45.0, ""session_filter"": ""NY""}",1.2209016038154399,5.174897589325137,8.075192881460806,171.79661920500274,28.688920290139837,10.920220490002581,0.493943870014771,6770,10.920220490002581,10.046541185540853,8.587201025757375,A_if_A_hits_first_else_B
M15,trend_pullback,fixed_tp,"{""adx_threshold"": 15.0, ""atr_stop"": 3.0, ""atr_target"": 2.5, ""confirmation_bars"": 1, ""leg_a_atr_target"": 1.0, ""pullback_rsi"": 25, ""session_filter"": null}",1.2774940273037922,6.6283279752730575,7.855628343432526,242.13732212915573,28.74828303639661,12.810144037990622,0.5737946264262054,8151,12.810144037990622,8.540276265836123,8.582173538383731,A_if_A_hits_first_else_B
M15,trend_pullback,fixed_tp,"{""adx_threshold"": 18.0, ""atr_stop"": 2.0, ""atr_target"": 2.5, ""confirmation_bars"": 1, ""leg_a_atr_target"": 1.0, ""pullback_rsi"": 35.0, ""session_filter"": ""NY""}",1.2946704891991152,5.758199377308824,9.990096567365136,185.65883986393388,24.008563560250774,13.911991440061403,0.5093632958801498,4806,13.911991440061403,7.671365725865357,8.580245678500724,A_if_A_hits_first_else_B
M15,trend_pullback,fixed_tp,"{""adx_threshold"": 15.0, ""atr_stop"": 1.5, ""atr_target"": 2.0, ""confirmation_bars"": 2, ""leg_a_atr_target"": 1.0, ""pullback_rsi"": 25, ""session_filter"": ""London_NY""}",1.4240572730240169,9.018764478403504,15.413173187292248,223.6159107456382,27.969968754338755,14.970153270771917,0.4970480293601404,6267,14.970153270771917,6.680469486079131,8.530576368110584,A_if_A_hits_first_else_B
M15,trend_pullback,fixed_tp,"{""adx_threshold"": 18.0, ""atr_stop"": 2.5, ""atr_target"": 2.5, ""confirmation_bars"": 2, ""leg_a_atr_target"": 1.5, ""pullback_rsi"": 45.0, ""session_filter"": ""NY""}",1.202351328609001,4.602387606168057,8.228198612924002,190.72384153669097,24.280477818111727,12.868282707901102,0.4853649499814746,5398,12.868282707901102,8.293475894321446,8.476433365931836,A_if_A_hits_first_else_B
M15,trend_pullback,fixed_tp,"{""adx_threshold"": 15.0, ""atr_stop"": 1.5, ""atr_target"": 2.0, ""confirmation_bars"": 2, ""leg_a_atr_target"": 1.5, ""pullback_rsi"": 25, ""session_filter"": ""NY""}",1.298404077664212,4.761240552735839,9.48550143576946,115.26298433811228,23.62113137746446,15.193315267908407,0.42150297619047616,2688,15.193315267908407,6.373353857593074,8.445350395217668,A_if_A_hits_first_else_B
M15,trend_pullback,fixed_tp,"{""adx_threshold"": 15.0, ""atr_stop"": 2.5, ""atr_target"": 3.0, ""confirmation_bars"": 2, ""leg_a_atr_target"": 1.0, ""pullback_rsi"": 30, ""session_filter"": ""London_NY""}",1.268849733433723,5.989141978431392,8.827281851339082,214.6580151185039,28.242977331942505,12.0945234508146,0.5244048410692911,7519,12.0945234508146,8.72284355712617,8.412132755178632,A_if_A_hits_first_else_B
M15,trend_pullback,fixed_tp,"{""adx_threshold"": 18.0, ""atr_stop"": 3.0, ""atr_target"": 2.5, ""confirmation_bars"": 1, ""leg_a_atr_target"": 1.0, ""pullback_rsi"": 25, ""session_filter"": ""London""}",1.3109289762273166,5.030217221898349,5.7368504052891565,127.5181422891666,26.942395122345143,13.02696224022557,0.5758341759352882,3956,13.02696224022557,7.9570527122858605,8.402296299853049,A_if_A_hits_first_else_B
M15,trend_pullback,fixed_tp,"{""adx_threshold"": 15.0, ""atr_stop"": 2.5, ""atr_target"": 3.0, ""confirmation_bars"": 1, ""leg_a_atr_target"": 1.0, ""pullback_rsi"": 40.0, ""session_filter"": ""NY""}",1.2175652405333761,5.075030992332735,7.835202263073415,165.86710696537432,28.23624983504352,10.771538803335316,0.5013799448022079,6522,10.771538803335316,9.707927290108934,8.382118909823056,A_if_A_hits_first_else_B
M15,trend_pullback,fixed_tp,"{""adx_threshold"": 18.0, ""atr_stop"": 3.0, ""atr_target"": 2.5, ""confirmation_bars"": 1, ""leg_a_atr_target"": 1.0, ""pullback_rsi"": 30, ""session_filter"": ""London""}",1.2997430312519003,5.549098116924531,6.641034946150354,165.18418949112382,26.439584310604978,12.426217673073367,0.5646813353566009,5272,12.426217673073367,8.332700338354373,8.358839944085526,A_if_A_hits_first_else_B
M15,trend_pullback,fixed_tp,"{""adx_threshold"": 18.0, ""atr_stop"": 2.5, ""atr_target"": 2.5, ""confirmation_bars"": 1, ""leg_a_atr_target"": 1.5, ""pullback_rsi"": 45.0, ""session_filter"": ""NY""}",1.1989775247759185,4.610181742130773,8.150879765052476,177.93139788744264,26.239242824302,12.512377582372947,0.48383062354832945,5597,12.512377582372947,8.293475894321446,8.351191811230366,A_if_A_hits_first_else_B
M15,trend_pullback,fixed_tp,"{""adx_threshold"": 15.0, ""atr_stop"": 2.5, ""atr_target"": 3.0, ""confirmation_bars"": 1, ""leg_a_atr_target"": 1.0, ""pullback_rsi"": 30, ""session_filter"": ""London_NY""}",1.2654234219673053,6.020268280731916,8.869324038040205,237.04355089993103,25.931989828537233,11.886704172084603,0.5259765373211293,7757,11.886704172084603,8.72284355712617,8.338710745329848,A_if_A_hits_first_else_B
M15,trend_pullback,fixed_tp,"{""adx_threshold"": 15.0, ""atr_stop"": 3.0, ""atr_target"": 2.0, ""confirmation_bars"": 2, ""leg_a_atr_target"": 1.0, ""pullback_rsi"": 25, ""session_filter"": ""London""}",1.3165929506324172,5.561990842318748,5.804546677730389,172.58011783725834,21.676536620653284,12.83194344030181,0.6055339583809741,4373,12.83194344030181,7.925363023231343,8.320912154686221,A_if_A_hits_first_else_B
M15,trend_pullback,fixed_tp,"{""adx_threshold"": 15.0, ""atr_stop"": 2.0, ""atr_target"": 3.0, ""confirmation_bars"": 1, ""leg_a_atr_target"": 1.0, ""pullback_rsi"": 25, ""session_filter"": ""London_NY""}",1.287951792033753,5.883128239174301,9.268653541674688,185.71946356560693,25.959936553796425,12.201616730980936,0.5009279568078285,5927,12.201616730980936,8.413922439355837,8.314421311960205,A_if_A_hits_first_else_B
M15,trend_pullback,fixed_tp,"{""adx_threshold"": 15.0, ""atr_stop"": 2.5, ""atr_target"": 2.0, ""confirmation_bars"": 1, ""leg_a_atr_target"": 1.5, ""pullback_rsi"": 30, ""session_filter"": ""London_NY""}",1.2401226400837895,5.976731041730927,8.658601419198643,237.61874857104144,25.02149745959541,13.46981629751369,0.5246941549614862,6621,13.46981629751369,7.444556429583773,8.312510625459247,A_if_A_hits_first_else_B
M15,trend_pullback,fixed_tp,"{""adx_threshold"": 18.0, ""atr_stop"": 2.5, ""atr_target"": 2.5, ""confirmation_bars"": 1, ""leg_a_atr_target"": 1.5, ""pullback_rsi"": 40.0, ""session_filter"": ""NY""}",1.1756276015996325,3.8470088681635524,6.737977175679527,122.19811486218336,29.427567059353276,11.336674715111766,0.4827658680117696,4758,11.336674715111766,9.070357637444006,8.284622607458846,A_if_A_hits_first_else_B
M15,trend_pullback,fixed_tp,"{""adx_threshold"": 25.0, ""atr_stop"": 2.5, ""atr_target"": 2.0, ""confirmation_bars"": 2, ""leg_a_atr_target"": 1.0, ""pullback_rsi"": 30, ""session_filter"": ""London""}",1.2931419495342256,4.199102661410214,4.959785235163358,75.58812603818015,29.819344424537803,12.023408773495039,0.5714793741109531,2812,12.023408773495039,8.470580173636694,8.27858253876662,A_if_A_hits_first_else_B
M15,trend_pullback,fixed_tp,"{""adx_threshold"": 15.0, ""atr_stop"": 3.0, ""atr_target"": 2.0, ""confirmation_bars"": 1, ""leg_a_atr_target"": 1.0, ""pullback_rsi"": 25, ""session_filter"": ""London""}",1.313907307959824,5.62976338613972,5.868309840197912,175.11664747565638,21.896456624294537,12.691198396875274,0.6074580759046778,4532,12.691198396875274,7.925363023231343,8.271114260952414,A_if_A_hits_first_else_B
M15,trend_pullback,fixed_tp,"{""adx_threshold"": 20.0, ""atr_stop"": 3.0, ""atr_target"": 3.0, ""confirmation_bars"": 2, ""leg_a_atr_target"": 1.0, ""pullback_rsi"": 35.0, ""session_filter"": ""London_NY""}",1.24355034740641,5.254016409115853,6.956397683562103,195.44853421282116,28.051767620231143,11.822908704973079,0.539102932719954,6956,11.822908704973079,8.614856248604843,8.263413428094038,A_if_A_hits_first_else_B
M15,trend_pullback,fixed_tp,"{""adx_threshold"": 15.0, ""atr_stop"": 2.5, ""atr_target"": 2.0, ""confirmation_bars"": 2, ""leg_a_atr_target"": 1.5, ""pullback_rsi"": 30, ""session_filter"": ""London_NY""}",1.2357149364640743,5.778905485596325,8.334485563409139,230.72072713864117,24.73133443341188,13.302839905779498,0.5220702517873795,6434,13.302839905779498,7.444556429583773,8.253187347628337,A_if_A_hits_first_else_B
M15,trend_pullback,fixed_tp,"{""adx_threshold"": 15.0, ""atr_stop"": 2.5, ""atr_target"": 3.0, ""confirmation_bars"": 2, ""leg_a_atr_target"": 1.0, ""pullback_rsi"": 45.0, ""session_filter"": ""NY""}",1.2177553031241697,5.460700056447827,8.592662207538796,188.35482195579388,28.903993041404068,10.564436862467973,0.48990944372574385,7730,10.564436862467973,9.380669672616094,8.162405315165866,A_if_A_hits_first_else_B
M15,trend_pullback,fixed_tp,"{""adx_threshold"": 15.0, ""atr_stop"": 2.5, ""atr_target"": 2.0, ""confirmation_bars"": 2, ""leg_a_atr_target"": 1.0, ""pullback_rsi"": 30, ""session_filter"": null}",1.2891584942544496,8.522931075920608,10.744810716802867,342.02928028480005,26.943632338928058,12.196282659001854,0.5605258514205047,11334,12.196282659001854,8.066736378229745,8.156561999704923,A_if_A_hits_first_else_B
M15,trend_pullback,fixed_tp,"{""adx_threshold"": 15.0, ""atr_stop"": 2.5, ""atr_target"": 3.0, ""confirmation_bars"": 1, ""leg_a_atr_target"": 1.0, ""pullback_rsi"": 45.0, ""session_filter"": ""NY""}",1.2150234653572973,5.450673090073985,8.612650907742177,202.46147398246688,27.0004858185026,10.440332614699647,0.48943213649096,7854,10.440332614699647,9.380669672616094,8.118422460893578,A_if_A_hits_first_else_B
M15,trend_pullback,fixed_tp,"{""adx_threshold"": 15.0, ""atr_stop"": 1.5, ""atr_target"": 2.0, ""confirmation_bars"": 1, ""leg_a_atr_target"": 1.5, ""pullback_rsi"": 25, ""session_filter"": ""NY""}",1.2786669302437605,4.549337843412634,9.07115547477471,121.22402031014381,21.663884643802543,14.221208621246948,0.41913357400722023,2770,14.221208621246948,6.373353857593074,8.101165639402067,A_if_A_hits_first_else_B
M15,trend_pullback,fixed_tp,"{""adx_threshold"": 15.0, ""atr_stop"": 2.0, ""atr_target"": 2.5, ""confirmation_bars"": 1, ""leg_a_atr_target"": 1.0, ""pullback_rsi"": 35.0, ""session_filter"": ""NY""}",1.2750185560991336,5.850380563052755,10.147471993942988,158.5084706286981,29.765628068512022,12.83488624168249,0.504715270221255,5514,12.83488624168249,7.340712151781374,8.050534364110316,A_if_A_hits_first_else_B
M15,trend_pullback,fixed_tp,"{""adx_threshold"": 15.0, ""atr_stop"": 1.5, ""atr_target"": 2.5, ""confirmation_bars"": 2, ""leg_a_atr_target"": 1.0, ""pullback_rsi"": 25, ""session_filter"": ""NY""}",1.2865972652338167,4.533858369110921,8.137856327115614,83.45404033740172,28.987242627737825,12.242421637273715,0.4726720647773279,2964,12.242421637273715,7.614334465728867,7.968617535670554,A_if_A_hits_first_else_B
M15,trend_pullback,fixed_tp,"{""adx_threshold"": 15.0, ""atr_stop"": 3.0, ""atr_target"": 2.0, ""confirmation_bars"": 1, ""leg_a_atr_target"": 1.0, ""pullback_rsi"": 30, ""session_filter"": ""London""}",1.3087748355056892,6.4049185186752675,6.945515024295006,306.5611079446376,16.190655119101823,12.078419463809286,0.5953926022063595,6164,12.078419463809286,7.721088350544399,7.9636915371793675,A_if_A_hits_first_else_B
M15,trend_pullback,fixed_tp,"{""adx_threshold"": 15.0, ""atr_stop"": 2.0, ""atr_target"": 2.5, ""confirmation_bars"": 1, ""leg_a_atr_target"": 1.5, ""pullback_rsi"": 25, ""session_filter"": ""NY""}",1.185891616034115,2.9378261438407627,5.810604496645841,70.24253363827013,27.471100644109487,11.346372272094264,0.44962759702077615,2551,11.346372272094264,8.309974936575532,7.947897339898805,A_if_A_hits_first_else_B
M15,trend_pullback,fixed_tp,"{""adx_threshold"": 15.0, ""atr_stop"": 3.0, ""atr_target"": 2.0, ""confirmation_bars"": 1, ""leg_a_atr_target"": 1.0, ""pullback_rsi"": 35.0, ""session_filter"": ""London_NY""}",1.2948639481602184,8.059140671402893,9.237492414752884,356.14211987921647,23.775920372078392,12.599355247581753,0.5834738617200674,10081,12.599355247581753,7.170680117355383,7.895553179095579,A_if_A_hits_first_else_B
M15,trend_pullback,fixed_tp,"{""adx_threshold"": 15.0, ""atr_stop"": 3.0, ""atr_target"": 2.0, ""confirmation_bars"": 2, ""leg_a_atr_target"": 1.0, ""pullback_rsi"": 35.0, ""session_filter"": ""London_NY""}",1.291637994605366,7.870528410346689,9.029965175511302,466.4583131360035,17.587771296923957,12.513670120477364,0.5817571690054911,9834,12.513670120477364,7.170680117355383,7.864918193898073,A_if_A_hits_first_else_B
M15,trend_pullback,fixed_tp,"{""adx_threshold"": 20.0, ""atr_stop"": 3.0, ""atr_target"": 2.0, ""confirmation_bars"": 1, ""leg_a_atr_target"": 1.0, ""pullback_rsi"": 35.0, ""session_filter"": ""London""}",1.3333860699002678,6.729971795833508,7.450159299200281,197.54734505341446,26.12115581919378,12.969583566877363,0.5869638069705094,5968,12.969583566877363,6.761958399208309,7.84891274203087,A_if_A_hits_first_else_B
M15,trend_pullback,fixed_tp,"{""adx_threshold"": 15.0, ""atr_stop"": 3.0, ""atr_target"": 2.0, ""confirmation_bars"": 2, ""leg_a_atr_target"": 1.0, ""pullback_rsi"": 30, ""session_filter"": null}",1.2669200545955546,7.610288958264947,8.651468016854048,309.1605609211239,27.491648777164606,11.710296991725992,0.580968127124093,10887,11.710296991725992,7.708132246452461,7.820647468926816,A_if_A_hits_first_else_B
M15,trend_pullback,fixed_tp,"{""adx_threshold"": 25.0, ""atr_stop"": 3.0, ""atr_target"": 2.0, ""confirmation_bars"": 2, ""leg_a_atr_target"": 1.0, ""pullback_rsi"": 30, ""session_filter"": ""London""}",1.2458707228601935,3.440813360147625,3.585326648355736,69.11682868963499,28.727243046174355,10.842023678638194,0.5941026574444849,2747,10.842023678638194,8.383389259618287,7.816407598923636,A_if_A_hits_first_else_B
M15,trend_pullback,fixed_tp,"{""adx_threshold"": 18.0, ""atr_stop"": 3.0, ""atr_target"": 2.0, ""confirmation_bars"": 1, ""leg_a_atr_target"": 1.0, ""pullback_rsi"": 35.0, ""session_filter"": ""London""}",1.336700148801902,7.316058973691936,8.188100642326528,234.1874342754632,25.036800976964912,12.86564697906849,0.5863077823288473,6836,12.86564697906849,6.761958399208309,7.813197752078092,A_if_A_hits_first_else_B
M15,trend_pullback,fixed_tp,"{""adx_threshold"": 15.0, ""atr_stop"": 2.0, ""atr_target"": 2.0, ""confirmation_bars"": 2, ""leg_a_atr_target"": 1.5, ""pullback_rsi"": 25, ""session_filter"": ""London_NY""}",1.2505186427975234,5.469694558609702,8.371423365070285,151.6607694125931,28.614398066984243,12.851969280701999,0.4811451135241856,5065,12.851969280701999,6.783586601022606,7.800906947265377,A_if_A_hits_first_else_B
M15,trend_pullback,fixed_tp,"{""adx_threshold"": 15.0, ""atr_stop"": 3.0, ""atr_target"": 2.0, ""confirmation_bars"": 1, ""leg_a_atr_target"": 1.0, ""pullback_rsi"": 30, ""session_filter"": null}",1.269005290329373,7.7765099063073135,8.80273623415433,450.45365367888036,19.411924005242668,11.652681360738672,0.5811122956645345,11256,11.652681360738672,7.708132246452461,7.800899045228018,A_if_A_hits_first_else_B
M15,trend_pullback,fixed_tp,"{""adx_threshold"": 15.0, ""atr_stop"": 2.5, ""atr_target"": 2.0, ""confirmation_bars"": 2, ""leg_a_atr_target"": 1.0, ""pullback_rsi"": 35.0, ""session_filter"": ""London_NY""}",1.3088547306772507,8.688236202092062,11.146192346144204,375.0108473027654,23.136302945890726,12.604887996889019,0.5587409200968523,10325,12.604887996889019,6.9402362320090045,7.7965880494506585,A_if_A_hits_first_else_B
M15,trend_pullback,fixed_tp,"{""adx_threshold"": 15.0, ""atr_stop"": 2.0, ""atr_target"": 2.5, ""confirmation_bars"": 2, ""leg_a_atr_target"": 1.5, ""pullback_rsi"": 25, ""session_filter"": ""NY""}",1.176119220043669,2.7537512325291194,5.443888761526676,65.33077885554131,27.369523777642808,10.806238750797712,0.44721998388396456,2482,10.806238750797712,8.309974936575532,7.756896128246923,A_if_A_hits_first_else_B
M15,trend_pullback,fixed_tp,"{""adx_threshold"": 15.0, ""atr_stop"": 3.0, ""atr_target"": 3.0, ""confirmation_bars"": 1, ""leg_a_atr_target"": 1.0, ""pullback_rsi"": 25, ""session_filter"": null}",1.223954640768877,5.241062840316618,6.574626788320513,212.11348091859358,27.355597617915812,10.853892692376578,0.55331088664422,8019,10.853892692376578,8.248783456010443,7.7556059256902765,A_if_A_hits_first_else_B
M15,trend_pullback,fixed_tp,"{""adx_threshold"": 20.0, ""atr_stop"": 3.0, ""atr_target"": 2.0, ""confirmation_bars"": 1, ""leg_a_atr_target"": 1.0, ""pullback_rsi"": 45.0, ""session_filter"": ""London_NY""}",1.2698124207765735,7.662559425266959,9.08322797912643,373.21083255223283,22.76623163339365,11.378364782576298,0.5559325060262477,11201,11.378364782576298,7.798462274276897,7.745698181481623,A_if_A_hits_first_else_B
M15,trend_pullback,fixed_tp,"{""adx_threshold"": 15.0, ""atr_stop"": 3.0, ""atr_target"": 2.0, ""confirmation_bars"": 2, ""leg_a_atr_target"": 1.0, ""pullback_rsi"": 30, ""session_filter"": ""London""}",1.2902111504647926,5.954248324103489,6.471714095055226,232.22554220993916,19.605833468065576,11.460753417350118,0.5907031381104212,5959,11.460753417350118,7.721088350544399,7.743795683910478,A_if_A_hits_first_else_B
M15,trend_pullback,fixed_tp,"{""adx_threshold"": 15.0, ""atr_stop"": 2.0, ""atr_target"": 2.0, ""confirmation_bars"": 1, ""leg_a_atr_target"": 1.5, ""pullback_rsi"": 25, ""session_filter"": ""London_NY""}",1.2479320005435421,5.516431059083065,8.469484343201321,170.7019892390555,25.905724382494892,12.687907473519235,0.48106350420811017,5228,12.687907473519235,6.783586601022606,7.742967986300614,A_if_A_hits_first_else_B
M15,trend_pullback,fixed_tp,"{""adx_threshold"": 15.0, ""atr_stop"": 2.5, ""atr_target"": 2.0, ""confirmation_bars"": 1, ""leg_a_atr_target"": 1.0, ""pullback_rsi"": 30, ""session_filter"": ""London""}",1.3275443252214878,7.052143793109037,8.730025985872468,249.0045520216916,20.704409616266528,12.13437684302223,0.5706888435587635,6373,12.13437684302223,7.1386118503453195,7.7249160927574705,A_if_A_hits_first_else_B
M15,trend_pullback,fixed_tp,"{""adx_threshold"": 25.0, ""atr_stop"": 3.0, ""atr_target"": 2.0, ""confirmation_bars"": 2, ""leg_a_atr_target"": 1.0, ""pullback_rsi"": 35.0, ""session_filter"": ""London_NY""}",1.2254784270284558,4.281744001533691,4.661292325712981,155.65092022349532,21.947526209488817,11.026961430394492,0.5915644501829137,4647,11.026961430394492,8.040821892891056,7.722902037844739,A_if_A_hits_first_else_B
M15,trend_pullback,fixed_tp,"{""adx_threshold"": 18.0, ""atr_stop"": 2.0, ""atr_target"": 3.0, ""confirmation_bars"": 1, ""leg_a_atr_target"": 1.0, ""pullback_rsi"": 35.0, ""session_filter"": ""NY""}",1.2599334311870178,4.969881292661284,8.8052299080008,150.47311407569416,26.784426976887808,12.687312075378827,0.4900314795383001,4765,12.687312075378827,6.679284418258067,7.698223900836123,A_if_A_hits_first_else_B
M15,trend_pullback,fixed_tp,"{""adx_threshold"": 15.0, ""atr_stop"": 2.5, ""atr_target"": 2.0, ""confirmation_bars"": 1, ""leg_a_atr_target"": 1.0, ""pullback_rsi"": 35.0, ""session_filter"": ""London_NY""}",1.2995601256961673,8.574347649028006,10.923026282892664,423.5560667075538,20.43582340438074,12.249811747933322,0.5597697896027927,10599,12.249811747933322,6.9402362320090045,7.670452441319948,A_if_A_hits_first_else_B
M15,trend_pullback,fixed_tp,"{""adx_threshold"": 20.0, ""atr_stop"": 3.0, ""atr_target"": 2.0, ""confirmation_bars"": 2, ""leg_a_atr_target"": 1.0, ""pullback_rsi"": 45.0, ""session_filter"": ""London_NY""}",1.2596833329463963,7.295133214628832,8.714772689247084,321.69977493152555,24.75275501579296,11.129736839613939,0.5563734625419307,10732,11.129736839613939,7.798462274276897,7.656652583878762,A_if_A_hits_first_else_B
M15,trend_pullback,fixed_tp,"{""adx_threshold"": 25.0, ""atr_stop"": 2.0, ""atr_target"": 3.0, ""confirmation_bars"": 1, ""leg_a_atr_target"": 1.0, ""pullback_rsi"": 25, ""session_filter"": ""NY""}",1.2037000549602266,2.3503021236269857,3.9248852529367655,43.41096853137534,23.975201165184757,10.57710064344745,0.5115176151761518,1476,10.57710064344745,8.231960349743344,7.647107393583157,A_if_A_hits_first_else_B
M15,trend_pullback,fixed_tp,"{""adx_threshold"": 18.0, ""atr_stop"": 2.5, ""atr_target"": 2.0, ""confirmation_bars"": 1, ""leg_a_atr_target"": 1.0, ""pullback_rsi"": 35.0, ""session_filter"": null}",1.2863087614033224,9.020686780293664,11.526925844950377,391.39562812558444,26.474732328401263,11.808206133629824,0.5496467370660184,13163,11.808206133629824,7.195385689158488,7.628057459172423,A_if_A_hits_first_else_B
M15,trend_pullback,fixed_tp,"{""adx_threshold"": 18.0, ""atr_stop"": 3.0, ""atr_target"": 2.0, ""confirmation_bars"": 2, ""leg_a_atr_target"": 1.0, ""pullback_rsi"": 35.0, ""session_filter"": ""London""}",1.3163165765620448,6.742586013890942,7.4386778506228275,201.9566480890103,26.510524055217843,12.296684835266106,0.5887306691165212,6531,12.296684835266106,6.761958399208309,7.6099842872992856,A_if_A_hits_first_else_B
M15,trend_pullback,fixed_tp,"{""adx_threshold"": 18.0, ""atr_stop"": 2.0, ""atr_target"": 2.0, ""confirmation_bars"": 2, ""leg_a_atr_target"": 1.0, ""pullback_rsi"": 40.0, ""session_filter"": ""NY""}",1.2537220978254582,5.85784748515221,9.353175824965403,177.12768292096797,25.5714470230236,11.76063136608389,0.5141076683399688,5777,11.76063136608389,7.175319695118955,7.595859260497983,A_if_A_hits_first_else_B
M15,trend_pullback,fixed_tp,"{""adx_threshold"": 15.0, ""atr_stop"": 2.5, ""atr_target"": 2.0, ""confirmation_bars"": 2, ""leg_a_atr_target"": 1.0, ""pullback_rsi"": 30, ""session_filter"": ""London""}",1.3135864002360178,6.656418976395237,8.255955984348583,223.00224042158982,21.49585742698935,11.684167287946927,0.5661358466038349,6154,11.684167287946927,7.1386118503453195,7.564551163484022,A_if_A_hits_first_else_B
M15,trend_pullback,fixed_tp,"{""adx_threshold"": 18.0, ""atr_stop"": 3.0, ""atr_target"": 2.0, ""confirmation_bars"": 2, ""leg_a_atr_target"": 1.0, ""pullback_rsi"": 40.0, ""session_filter"": ""London_NY""}",1.2337778791593677,6.580292201284967,7.563204921071568,240.65347021464783,29.38631390771331,10.265025767430071,0.5647377588542675,10334,10.265025767430071,8.225305503694885,7.540902071095097,A_if_A_hits_first_else_B
M15,trend_pullback,fixed_tp,"{""adx_threshold"": 18.0, ""atr_stop"": 3.0, ""atr_target"": 3.0, ""confirmation_bars"": 1, ""leg_a_atr_target"": 1.0, ""pullback_rsi"": 30, ""session_filter"": ""London""}",1.250982035935013,4.5771692797418915,5.874182773126205,135.35252906625092,28.13042913141002,10.893166297888488,0.5395765782948694,5243,10.893166297888488,7.649918499954645,7.505267936427563,A_if_A_hits_first_else_B
M15,trend_pullback,fixed_tp,"{""adx_threshold"": 15.0, ""atr_stop"": 3.0, ""atr_target"": 2.5, ""confirmation_bars"": 1, ""leg_a_atr_target"": 1.0, ""pullback_rsi"": 35.0, ""session_filter"": ""London_NY""}",1.2733878314058964,7.202081562776783,8.96771240805762,339.710829020656,23.438065920877722,12.039563716666523,0.5543346774193548,9920,12.039563716666523,6.73613851040957,7.499787196798769,A_if_A_hits_first_else_B
M15,trend_pullback,fixed_tp,"{""adx_threshold"": 20.0, ""atr_stop"": 3.0, ""atr_target"": 2.0, ""confirmation_bars"": 2, ""leg_a_atr_target"": 1.0, ""pullback_rsi"": 35.0, ""session_filter"": ""London""}",1.292002586679769,5.798365006631612,6.470199402162444,157.95029275373255,27.55286110816662,11.787601512020183,0.5832430480317804,5538,11.787601512020183,6.761958399208309,7.426942326186756,A_if_A_hits_first_else_B
M15,trend_pullback,fixed_tp,"{""adx_threshold"": 15.0, ""atr_stop"": 3.0, ""atr_target"": 2.5, ""confirmation_bars"": 2, ""leg_a_atr_target"": 1.0, ""pullback_rsi"": 35.0, ""session_filter"": ""London_NY""}",1.266150741041714,6.941188462317233,8.670402795427098,321.64705156625166,23.735642333270622,11.807144097630045,0.5521187751314568,9699,11.807144097630045,6.73613851040957,7.416992912063165,A_if_A_hits_first_else_B
M15,trend_pullback,fixed_tp,"{""adx_threshold"": 15.0, ""atr_stop"": 2.0, ""atr_target"": 2.0, ""confirmation_bars"": 2, ""leg_a_atr_target"": 1.0, ""pullback_rsi"": 25, ""session_filter"": ""London""}",1.3620769032997222,6.949054036798489,9.125869954072087,190.47638072384262,21.35572811376818,12.79706941746947,0.5459312080536913,4768,12.79706941746947,5.892595470507173,7.403057638502486,A_if_A_hits_first_else_B
M15,trend_pullback,fixed_tp,"{""adx_threshold"": 15.0, ""atr_stop"": 2.0, ""atr_target"": 2.0, ""confirmation_bars"": 1, ""leg_a_atr_target"": 1.0, ""pullback_rsi"": 25, ""session_filter"": ""London""}",1.3601866713298683,7.065449450122414,9.31400910027709,186.85821538287823,22.370355717456782,12.669482966793675,0.5463730046474036,4949,12.669482966793675,5.892595470507173,7.358024334371988,A_if_A_hits_first_else_B
M15,trend_pullback,fixed_tp,"{""adx_threshold"": 18.0, ""atr_stop"": 2.5, ""atr_target"": 2.0, ""confirmation_bars"": 2, ""leg_a_atr_target"": 1.5, ""pullback_rsi"": 30, ""session_filter"": ""London""}",1.2121753738442962,4.19650800224867,5.7825511617707885,112.63925250718036,27.567561884769514,10.829538121875878,0.5242966751918159,4301,10.829538121875878,7.27168224918763,7.30503042955985,A_if_A_hits_first_else_B
M15,trend_pullback,fixed_tp,"{""adx_threshold"": 15.0, ""atr_stop"": 2.5, ""atr_target"": 2.5, ""confirmation_bars"": 2, ""leg_a_atr_target"": 1.0, ""pullback_rsi"": 35.0, ""session_filter"": ""London_NY""}",1.2821433928944912,7.672218120842799,10.373008118915083,288.20999272810326,27.99749565559479,11.882718465497849,0.5330846259571962,10186,11.882718465497849,6.359440269283372,7.277128262680662,A_if_A_hits_first_else_B
M15,trend_pullback,fixed_tp,"{""adx_threshold"": 18.0, ""atr_stop"": 3.0, ""atr_target"": 2.0, ""confirmation_bars"": 1, ""leg_a_atr_target"": 1.0, ""pullback_rsi"": 45.0, ""session_filter"": ""London_NY""}",1.2413904176629473,7.477789961505297,8.85513983891634,403.2483015744385,21.480525642971454,10.044822747337951,0.5499033629686896,12935,10.044822747337951,7.798462274276897,7.273274068525476,A_if_A_hits_first_else_B
M15,trend_pullback,fixed_tp,"{""adx_threshold"": 15.0, ""atr_stop"": 3.0, ""atr_target"": 2.5, ""confirmation_bars"": 2, ""leg_a_atr_target"": 1.0, ""pullback_rsi"": 25, ""session_filter"": ""London""}",1.262036474354043,4.536421183563443,5.191353795182437,113.4070474244262,28.465377617646542,11.201160407490063,0.5683553088133241,4323,11.201160407490063,6.879144522757412,7.268428472733165,A_if_A_hits_first_else_B
M15,trend_pullback,fixed_tp,"{""adx_threshold"": 15.0, ""atr_stop"": 3.0, ""atr_target"": 2.5, ""confirmation_bars"": 1, ""leg_a_atr_target"": 1.0, ""pullback_rsi"": 25, ""session_filter"": ""London""}",1.2604265227778861,4.605914676393816,5.250371037294099,116.91911510529015,28.3145849760545,11.099182677605612,0.5715243629861422,4474,11.099182677605612,6.879144522757412,7.232414276958376,A_if_A_hits_first_else_B
M15,trend_pullback,fixed_tp,"{""adx_threshold"": 18.0, ""atr_stop"": 3.0, ""atr_target"": 2.0, ""confirmation_bars"": 2, ""leg_a_atr_target"": 1.0, ""pullback_rsi"": 45.0, ""session_filter"": ""London_NY""}",1.2350157846644285,7.17367288341309,8.463117699485245,341.1157831861005,24.191405077995086,9.896150571097508,0.5512472017908538,12508,9.896150571097508,7.798462274276897,7.219963880241616,A_if_A_hits_first_else_B
M15,trend_pullback,fixed_tp,"{""adx_threshold"": 25.0, ""atr_stop"": 1.5, ""atr_target"": 2.0, ""confirmation_bars"": 2, ""leg_a_atr_target"": 1.0, ""pullback_rsi"": 30, ""session_filter"": ""London""}",1.357850664295109,5.409415969867117,8.831331170330564,99.3275896644965,25.85781171879637,11.968285703757752,0.48710779745262506,3219,11.968285703757752,5.982061493721462,7.152397801348893,A_if_A_hits_first_else_B
M15,trend_pullback,fixed_tp,"{""adx_threshold"": 15.0, ""atr_stop"": 1.5, ""atr_target"": 2.0, ""confirmation_bars"": 2, ""leg_a_atr_target"": 1.0, ""pullback_rsi"": 30, ""session_filter"": ""London_NY""}",1.3408482843309038,8.913964424819701,15.660936003831818,345.6655407343124,20.845937698441357,12.09555001115517,0.48310205908683973,8936,12.09555001115517,5.852362844995076,7.135175441018274,A_if_A_hits_first_else_B
M15,trend_pullback,fixed_tp,"{""adx_threshold"": 15.0, ""atr_stop"": 2.5, ""atr_target"": 2.5, ""confirmation_bars"": 1, ""leg_a_atr_target"": 1.0, ""pullback_rsi"": 35.0, ""session_filter"": ""London_NY""}",1.272311095950388,7.540752038784544,10.11271200772926,326.8337594956927,24.47202048620972,11.469812320215388,0.5340344168260038,10460,11.469812320215388,6.359440269283372,7.130644652442981,A_if_A_hits_first_else_B
M15,trend_pullback,fixed_tp,"{""adx_threshold"": 18.0, ""atr_stop"": 3.0, ""atr_target"": 2.0, ""confirmation_bars"": 1, ""leg_a_atr_target"": 1.0, ""pullback_rsi"": 35.0, ""session_filter"": null}",1.2531518178856247,7.69441279285941,8.834430118696371,333.08477517625596,27.57189471527402,10.92873266848924,0.5689012296707656,12605,10.92873266848924,6.747948018939812,7.112263406071275,A_if_A_hits_first_else_B
M15,trend_pullback,fixed_tp,"{""adx_threshold"": 18.0, ""atr_stop"": 2.0, ""atr_target"": 2.0, ""confirmation_bars"": 2, ""leg_a_atr_target"": 1.0, ""pullback_rsi"": 45.0, ""session_filter"": ""NY""}",1.2402669250660605,6.06815261981097,9.823909513301855,217.66009486156065,23.657879560267013,11.054908349744736,0.5039358809217117,6987,11.054908349744736,6.553714391334151,7.066442783524237,A_if_A_hits_first_else_B
M15,trend_pullback,fixed_tp,"{""adx_threshold"": 15.0, ""atr_stop"": 1.5, ""atr_target"": 2.0, ""confirmation_bars"": 1, ""leg_a_atr_target"": 1.0, ""pullback_rsi"": 30, ""session_filter"": ""London_NY""}",1.3329833469457701,8.884072929179014,15.667666202603169,313.5930846710619,23.111213654974925,11.801210563214624,0.482957012592271,9212,11.801210563214624,5.852362844995076,7.0305836467620555,A_if_A_hits_first_else_B
M15,trend_pullback,fixed_tp,"{""adx_threshold"": 15.0, ""atr_stop"": 3.0, ""atr_target"": 2.5, ""confirmation_bars"": 1, ""leg_a_atr_target"": 1.0, ""pullback_rsi"": 30, ""session_filter"": null}",1.2333381919151252,6.52133959031196,7.963888851410464,318.5834000117642,24.136450085205112,10.440087344802954,0.5525887038377987,11048,10.440087344802954,6.943366507207587,7.025213137307473,A_if_A_hits_first_else_B
M15,trend_pullback,fixed_tp,"{""adx_threshold"": 18.0, ""atr_stop"": 3.0, ""atr_target"": 2.0, ""confirmation_bars"": 2, ""leg_a_atr_target"": 1.0, ""pullback_rsi"": 35.0, ""session_filter"": null}",1.2420363244404744,7.218170935139976,8.304779325335852,297.75878577945053,28.643747632236828,10.681632522937097,0.5696752108207398,11977,10.681632522937097,6.747948018939812,7.023555256438994,A_if_A_hits_first_else_B
M15,trend_pullback,fixed_tp,"{""adx_threshold"": 15.0, ""atr_stop"": 3.0, ""atr_target"": 3.0, ""confirmation_bars"": 1, ""leg_a_atr_target"": 1.0, ""pullback_rsi"": 35.0, ""session_filter"": ""London_NY""}",1.2467018944293156,6.244194274046427,8.235294614614183,268.7662524728158,26.906400169136052,11.067542609416298,0.5363738394041424,9801,11.067542609416298,6.305356551230478,6.960390740235283,A_if_A_hits_first_else_B
M15,trend_pullback,fixed_tp,"{""adx_threshold"": 15.0, ""atr_stop"": 3.0, ""atr_target"": 2.5, ""confirmation_bars"": 1, ""leg_a_atr_target"": 1.0, ""pullback_rsi"": 30, ""session_filter"": ""London""}",1.2552502987929681,5.1884636054854525,6.161279054672937,158.3437163920813,26.996660085666935,10.530673726732449,0.5618328132698308,6089,10.530673726732449,6.718962420057618,6.960318953140879,A_if_A_hits_first_else_B
M15,trend_pullback,fixed_tp,"{""adx_threshold"": 25.0, ""atr_stop"": 3.0, ""atr_target"": 2.0, ""confirmation_bars"": 2, ""leg_a_atr_target"": 1.0, ""pullback_rsi"": 45.0, ""session_filter"": ""London_NY""}",1.2210557177484311,5.0634107221724,5.91886128386386,211.1066274544742,22.888015441372467,10.32144349676887,0.5613785246368556,7022,10.32144349676887,6.8878409484394965,6.9562447942165635,A_if_A_hits_first_else_B
M15,trend_pullback,fixed_tp,"{""adx_threshold"": 15.0, ""atr_stop"": 2.0, ""atr_target"": 2.0, ""confirmation_bars"": 1, ""leg_a_atr_target"": 1.0, ""pullback_rsi"": 30, ""session_filter"": ""London""}",1.3370732682215294,7.707858885334152,10.740257911793876,187.38936737867294,28.270512746206755,11.653307300885144,0.5348291538348732,6819,11.653307300885144,5.798077969446081,6.955207295204843,A_if_A_hits_first_else_B
M15,trend_pullback,fixed_tp,"{""adx_threshold"": 20.0, ""atr_stop"": 3.0, ""atr_target"": 2.5, ""confirmation_bars"": 1, ""leg_a_atr_target"": 1.0, ""pullback_rsi"": 45.0, ""session_filter"": ""London_NY""}",1.2354464764281312,6.500772183139894,8.158752550122108,257.1119159330692,29.09114972659469,10.13781681065403,0.5267913617059727,11067,10.13781681065403,6.951855783720526,6.923660281688773,A_if_A_hits_first_else_B
M15,trend_pullback,fixed_tp,"{""adx_threshold"": 25.0, ""atr_stop"": 3.0, ""atr_target"": 2.0, ""confirmation_bars"": 2, ""leg_a_atr_target"": 1.0, ""pullback_rsi"": 40.0, ""session_filter"": ""London_NY""}",1.1940357168399227,4.142476813326678,4.670700888228156,155.96267271181318,23.367588595652908,9.413995795268066,0.5722403995178234,5807,9.413995795268066,7.429968568351344,6.877191527469913,A_if_A_hits_first_else_B
M15,trend_pullback,fixed_tp,"{""adx_threshold"": 18.0, ""atr_stop"": 2.5, ""atr_target"": 2.0, ""confirmation_bars"": 1, ""leg_a_atr_target"": 1.0, ""pullback_rsi"": 45.0, ""session_filter"": ""London_NY""}",1.2450539819409332,7.92861887947995,10.079402303607635,315.6238043030508,28.15409046322016,9.893966529127606,0.5318438242280285,13472,9.893966529127606,6.970032737431775,6.848413813427148,A_if_A_hits_first_else_B
M15,trend_pullback,fixed_tp,"{""adx_threshold"": 15.0, ""atr_stop"": 2.5, ""atr_target"": 2.5, ""confirmation_bars"": 1, ""leg_a_atr_target"": 1.5, ""pullback_rsi"": 25, ""session_filter"": ""London_NY""}",1.1544698228870869,3.289871112468779,4.896061008008068,100.66729712280537,29.335339810083354,9.21886379456857,0.4909469302809573,4805,9.21886379456857,7.535342754596991,6.848400532245062,A_if_A_hits_first_else_B
M15,trend_pullback,fixed_tp,"{""adx_threshold"": 15.0, ""atr_stop"": 1.5, ""atr_target"": 3.0, ""confirmation_bars"": 2, ""leg_a_atr_target"": 1.0, ""pullback_rsi"": 25, ""session_filter"": ""NY""}",1.2388496595530754,3.6979992477882044,7.00869051570413,71.14056942109148,29.088704750102067,10.543751798459283,0.4555027173913043,2944,10.543751798459283,6.444079890354207,6.837919012030757,A_if_A_hits_first_else_B
M15,trend_pullback,fixed_tp,"{""adx_threshold"": 15.0, ""atr_stop"": 3.0, ""atr_target"": 2.5, ""confirmation_bars"": 2, ""leg_a_atr_target"": 1.0, ""pullback_rsi"": 30, ""session_filter"": ""London""}",1.2446226853111082,4.9063913720766275,5.842449164056672,135.85023405336048,29.451706569141134,10.170364084109586,0.5583799356041349,5901,10.170364084109586,6.718962420057618,6.832085055526505,A_if_A_hits_first_else_B
M15,trend_pullback,fixed_tp,"{""adx_threshold"": 15.0, ""atr_stop"": 3.0, ""atr_target"": 3.0, ""confirmation_bars"": 2, ""leg_a_atr_target"": 1.0, ""pullback_rsi"": 35.0, ""session_filter"": ""London_NY""}",1.235977312973068,5.932056027091012,7.84704350310133,239.35131677571658,28.52270396516027,10.686027473753063,0.5340707502869665,9583,10.686027473753063,6.305356551230478,6.8247155264619,A_if_A_hits_first_else_B
M15,trend_pullback,fixed_tp,"{""adx_threshold"": 18.0, ""atr_stop"": 3.0, ""atr_target"": 2.5, ""confirmation_bars"": 2, ""leg_a_atr_target"": 1.0, ""pullback_rsi"": 40.0, ""session_filter"": ""London_NY""}",1.2051836087309513,5.616928839631817,6.7784934727130635,248.90018253041,25.178204480219186,9.18535229272209,0.5366425640023451,10234,9.18535229272209,7.473807838188664,6.819123551383821,A_if_A_hits_first_else_B
M15,trend_pullback,fixed_tp,"{""adx_threshold"": 15.0, ""atr_stop"": 2.5, ""atr_target"": 2.5, ""confirmation_bars"": 2, ""leg_a_atr_target"": 1.5, ""pullback_rsi"": 25, ""session_filter"": ""London_NY""}",1.151852870699965,3.1840106827240615,4.708408473041657,104.07993527447212,27.28544499759778,9.090484472743775,0.48954332052923605,4686,9.090484472743775,7.535342754596991,6.80294437916896,A_if_A_hits_first_else_B
M15,trend_pullback,fixed_tp,"{""adx_threshold"": 15.0, ""atr_stop"": 2.0, ""atr_target"": 2.0, ""confirmation_bars"": 2, ""leg_a_atr_target"": 1.0, ""pullback_rsi"": 30, ""session_filter"": ""London""}",1.3145464154085955,7.126732400989684,9.90487871971902,175.56389157991225,27.52418062814444,10.9907178096106,0.5311599696739955,6595,10.9907178096106,5.798077969446081,6.718795602696166,A_if_A_hits_first_else_B
M15,trend_pullback,fixed_tp,"{""adx_threshold"": 15.0, ""atr_stop"": 2.5, ""atr_target"": 3.0, ""confirmation_bars"": 2, ""leg_a_atr_target"": 1.0, ""pullback_rsi"": 35.0, ""session_filter"": ""London_NY""}",1.247457054991625,6.522504078136702,9.275933150269722,261.3686067152177,27.186475424201404,10.594967002665554,0.51610337972167,10060,10.594967002665554,5.909401600210112,6.616960582025819,A_if_A_hits_first_else_B
M15,trend_pullback,fixed_tp,"{""adx_threshold"": 18.0, ""atr_stop"": 3.0, ""atr_target"": 3.0, ""confirmation_bars"": 1, ""leg_a_atr_target"": 1.0, ""pullback_rsi"": 35.0, ""session_filter"": ""London""}",1.257454131261873,5.343819170117537,6.8664904181923525,164.29398923437913,29.252421312099436,10.689495089256205,0.5355871886120996,6744,10.689495089256205,5.681583577616186,6.54952671741933,A_if_A_hits_first_else_B
M15,trend_pullback,fixed_tp,"{""adx_threshold"": 18.0, ""atr_stop"": 3.0, ""atr_target"": 2.5, ""confirmation_bars"": 1, ""leg_a_atr_target"": 1.0, ""pullback_rsi"": 45.0, ""session_filter"": ""London_NY""}",1.2156671703276913,6.464155505558849,8.061548595213058,272.80369688599103,28.414253754767017,9.075296755257297,0.5220106150483921,12812,9.075296755257297,6.951855783720526,6.547822401079828,A_if_A_hits_first_else_B
M15,trend_pullback,fixed_tp,"{""adx_threshold"": 15.0, ""atr_stop"": 2.5, ""atr_target"": 3.0, ""confirmation_bars"": 1, ""leg_a_atr_target"": 1.0, ""pullback_rsi"": 35.0, ""session_filter"": ""London_NY""}",1.2416064943885887,6.457987380131708,9.118238433922468,286.43885091620115,24.79528535156611,10.3171601456158,0.5166569823745885,10326,10.3171601456158,5.909401600210112,6.518558069937798,A_if_A_hits_first_else_B
M15,trend_pullback,fixed_tp,"{""adx_threshold"": 15.0, ""atr_stop"": 2.5, ""atr_target"": 2.5, ""confirmation_bars"": 1, ""leg_a_atr_target"": 1.0, ""pullback_rsi"": 30, ""session_filter"": ""London""}",1.2550268857264808,5.385857583947346,7.242670665627307,150.12971607779826,27.935077329384615,9.96645729104526,0.5388149556400507,6312,9.96645729104526,6.162290487198852,6.512296148250621,A_if_A_hits_first_else_B
M15,trend_pullback,fixed_tp,"{""adx_threshold"": 15.0, ""atr_stop"": 2.5, ""atr_target"": 2.5, ""confirmation_bars"": 2, ""leg_a_atr_target"": 1.0, ""pullback_rsi"": 30, ""session_filter"": ""London""}",1.2495329205223682,5.178628630036792,6.979253305249979,137.22029517514343,29.04181717496992,9.78825951818878,0.5357786147044376,6107,9.78825951818878,6.162290487198852,6.4488281347100305,A_if_A_hits_first_else_B
M15,trend_pullback,fixed_tp,"{""adx_threshold"": 15.0, ""atr_stop"": 3.0, ""atr_target"": 2.0, ""confirmation_bars"": 1, ""leg_a_atr_target"": 1.0, ""pullback_rsi"": 35.0, ""session_filter"": ""London""}",1.292686201712064,6.994265372983735,7.736622929654264,259.6325855266074,22.901514109349023,11.136183020385227,0.5854663503558497,8009,11.136183020385227,4.989290097651093,6.401381841420234,A_if_A_hits_first_else_B
M15,trend_pullback,fixed_tp,"{""adx_threshold"": 15.0, ""atr_stop"": 2.5, ""atr_target"": 2.0, ""confirmation_bars"": 2, ""leg_a_atr_target"": 1.0, ""pullback_rsi"": 35.0, ""session_filter"": null}",1.2479414958232267,8.46197626830544,10.701817899303686,391.41918232544225,25.682017371123806,10.097536569885174,0.545637179401326,14933,10.097536569885174,5.767239796590232,6.37898400709006,A_if_A_hits_first_else_B
M15,trend_pullback,fixed_tp,"{""adx_threshold"": 15.0, ""atr_stop"": 3.0, ""atr_target"": 2.0, ""confirmation_bars"": 1, ""leg_a_atr_target"": 1.5, ""pullback_rsi"": 30, ""session_filter"": ""London""}",1.2008310400111701,4.299966409361113,5.222970744907451,146.7273990836921,24.732034734927645,10.871381458069031,0.5634112242859995,5007,10.871381458069031,5.152016329716878,6.3635570666989905,A_if_A_hits_first_else_B
M15,trend_pullback,fixed_tp,"{""adx_threshold"": 15.0, ""atr_stop"": 3.0, ""atr_target"": 3.0, ""confirmation_bars"": 1, ""leg_a_atr_target"": 1.0, ""pullback_rsi"": 30, ""session_filter"": ""London""}",1.2200760563573585,4.355836001037022,5.54988528183609,132.988555965276,28.702763009627063,9.470242321031686,0.5382070790605359,6046,9.470242321031686,6.080062769457834,6.2946282698885865,A_if_A_hits_first_else_B
M15,trend_pullback,fixed_tp,"{""adx_threshold"": 15.0, ""atr_stop"": 3.0, ""atr_target"": 2.0, ""confirmation_bars"": 2, ""leg_a_atr_target"": 1.0, ""pullback_rsi"": 35.0, ""session_filter"": ""London""}",1.281373984675733,6.650498131170708,7.374368076319974,250.66730456932737,22.339519428867643,10.795117184054154,0.582572934070171,7781,10.795117184054154,4.989290097651093,6.2797463552970925,A_if_A_hits_first_else_B
M15,trend_pullback,fixed_tp,"{""adx_threshold"": 15.0, ""atr_stop"": 2.5, ""atr_target"": 2.0, ""confirmation_bars"": 1, ""leg_a_atr_target"": 1.0, ""pullback_rsi"": 35.0, ""session_filter"": null}",1.2419804905990326,8.350387204842491,10.509533215775564,368.33079730295736,27.270638541430444,9.798350819658378,0.5450998244130845,15377,9.798350819658378,5.767239796590232,6.273076793465843,A_if_A_hits_first_else_B
M15,trend_pullback,fixed_tp,"{""adx_threshold"": 25.0, ""atr_stop"": 1.5, ""atr_target"": 2.5, ""confirmation_bars"": 2, ""leg_a_atr_target"": 1.0, ""pullback_rsi"": 30, ""session_filter"": ""London""}",1.3081241743069079,4.482849918728106,7.9810849606705965,78.10642505180348,29.287671308126694,10.732977653910158,0.46105724116359087,3197,10.732977653910158,4.97865459549876,6.258561581704379,A_if_A_hits_first_else_B
M15,trend_pullback,fixed_tp,"{""adx_threshold"": 18.0, ""atr_stop"": 2.5, ""atr_target"": 2.0, ""confirmation_bars"": 1, ""leg_a_atr_target"": 1.0, ""pullback_rsi"": 40.0, ""session_filter"": null}",1.2297486981069647,8.160537701013238,10.137069912295939,520.575282261943,19.426611023961915,9.398711447204395,0.5357496902106568,16140,9.398711447204395,5.97126763553889,6.222569182135432,A_if_A_hits_first_else_B
M15,trend_pullback,fixed_tp,"{""adx_threshold"": 15.0, ""atr_stop"": 1.5, ""atr_target"": 2.5, ""confirmation_bars"": 2, ""leg_a_atr_target"": 1.0, ""pullback_rsi"": 30, ""session_filter"": ""London_NY""}",1.286438939996845,7.188179434794326,13.664599256601532,262.4849894030102,23.534948624289683,10.510839508133659,0.45780399274047184,8816,10.510839508133659,4.926315095637149,6.152923408882866,A_if_A_hits_first_else_B
M15,trend_pullback,fixed_tp,"{""adx_threshold"": 18.0, ""atr_stop"": 3.0, ""atr_target"": 3.0, ""confirmation_bars"": 1, ""leg_a_atr_target"": 1.0, ""pullback_rsi"": 40.0, ""session_filter"": ""London_NY""}",1.1769821969447618,4.869427332962025,6.03720646325984,212.67228334042903,26.436714716626717,8.001456095072843,0.5181214421252371,10540,8.001456095072843,6.923298856436154,6.151390558060717,A_if_A_hits_first_else_B
M15,trend_pullback,fixed_tp,"{""adx_threshold"": 18.0, ""atr_stop"": 3.0, ""atr_target"": 3.0, ""confirmation_bars"": 2, ""leg_a_atr_target"": 1.0, ""pullback_rsi"": 40.0, ""session_filter"": ""London_NY""}",1.1741681130176873,4.701085828276236,5.80533067609107,215.59773698145932,25.032200630264274,7.979624160991841,0.5204534253326762,10145,7.979624160991841,6.923298856436154,6.1431865643469505,A_if_A_hits_first_else_B
M15,trend_pullback,fixed_tp,"{""adx_threshold"": 15.0, ""atr_stop"": 2.5, ""atr_target"": 2.0, ""confirmation_bars"": 2, ""leg_a_atr_target"": 1.0, ""pullback_rsi"": 35.0, ""session_filter"": ""London""}",1.289810164356802,7.195104414962971,9.051112563780533,235.13748014633998,24.521024145185805,10.639337854791279,0.557510148849797,8129,10.639337854791279,4.778890133680912,6.132230842204719,A_if_A_hits_first_else_B
M15,trend_pullback,fixed_tp,"{""adx_threshold"": 15.0, ""atr_stop"": 3.0, ""atr_target"": 2.0, ""confirmation_bars"": 2, ""leg_a_atr_target"": 1.5, ""pullback_rsi"": 30, ""session_filter"": ""London""}",1.1875049798938888,3.9625681082905673,4.81342211718882,124.7506533954164,26.436012291889966,10.21024707920281,0.5589267285861713,4845,10.21024707920281,5.152016329716878,6.129494822072356,A_if_A_hits_first_else_B
M15,trend_pullback,fixed_tp,"{""adx_threshold"": 15.0, ""atr_stop"": 2.5, ""atr_target"": 2.0, ""confirmation_bars"": 1, ""leg_a_atr_target"": 1.0, ""pullback_rsi"": 35.0, ""session_filter"": ""London""}",1.2855673195519655,7.197453150507977,8.952346394058331,240.6407139140185,24.39527443037417,10.514321650842355,0.5588059701492537,8375,10.514321650842355,4.778890133680912,6.087626601861627,A_if_A_hits_first_else_B
M15,trend_pullback,fixed_tp,"{""adx_threshold"": 18.0, ""atr_stop"": 2.5, ""atr_target"": 2.0, ""confirmation_bars"": 2, ""leg_a_atr_target"": 1.0, ""pullback_rsi"": 40.0, ""session_filter"": null}",1.213962944920143,7.494740127069431,9.307944977460325,412.17568510166006,22.277939247241637,8.918439075257355,0.536001036001036,15444,8.918439075257355,5.97126763553889,6.051316701316603,A_if_A_hits_first_else_B
M15,trend_pullback,fixed_tp,"{""adx_threshold"": 25.0, ""atr_stop"": 3.0, ""atr_target"": 2.0, ""confirmation_bars"": 2, ""leg_a_atr_target"": 1.0, ""pullback_rsi"": 45.0, ""session_filter"": ""London""}",1.236765582908952,4.623770849234668,5.287967386875076,141.09000652479506,25.125432036639907,9.80712108996995,0.5590188122464036,5422,9.80712108996995,5.25207945477854,6.043281252721616,A_if_A_hits_first_else_B
M15,trend_pullback,fixed_tp,"{""adx_threshold"": 20.0, ""atr_stop"": 2.5, ""atr_target"": 2.0, ""confirmation_bars"": 1, ""leg_a_atr_target"": 1.0, ""pullback_rsi"": 40.0, ""session_filter"": null}",1.2077106213012654,6.963414011576401,8.608215141253464,288.4888720020861,28.664185284785766,8.892356240232234,0.5364542261093985,13949,8.892356240232234,5.97126763553889,6.040937244334035,A_if_A_hits_first_else_B
M15,trend_pullback,fixed_tp,"{""adx_threshold"": 15.0, ""atr_stop"": 2.0, ""atr_target"": 2.5, ""confirmation_bars"": 2, ""leg_a_atr_target"": 1.0, ""pullback_rsi"": 25, ""session_filter"": ""London""}",1.2591418121202567,4.978678112340098,6.99971663895529,108.20479119464508,28.24358739306524,9.716272180333805,0.5120813904196694,4718,9.716272180333805,5.265897467057016,6.02217748571654,A_if_A_hits_first_else_B
M15,trend_pullback,fixed_tp,"{""adx_threshold"": 25.0, ""atr_stop"": 3.0, ""atr_target"": 2.5, ""confirmation_bars"": 2, ""leg_a_atr_target"": 1.0, ""pullback_rsi"": 40.0, ""session_filter"": ""London_NY""}",1.1612231614765722,3.384177037170627,3.958408548613149,116.7287658422563,26.659514339497676,8.127978948642248,0.5457078182134772,5743,8.127978948642248,6.496165393281001,6.0003116912965515,A_if_A_hits_first_else_B
M15,trend_pullback,fixed_tp,"{""adx_threshold"": 15.0, ""atr_stop"": 1.5, ""atr_target"": 2.5, ""confirmation_bars"": 1, ""leg_a_atr_target"": 1.0, ""pullback_rsi"": 30, ""session_filter"": ""London_NY""}",1.2734728385610876,7.014998184355552,13.339979763266106,250.67055779497431,24.21469207852723,10.039547420042979,0.4576028228029551,9069,10.039547420042979,4.926315095637149,5.985377957763976,A_if_A_hits_first_else_B
M15,trend_pullback,fixed_tp,"{""adx_threshold"": 25.0, ""atr_stop"": 3.0, ""atr_target"": 2.5, ""confirmation_bars"": 2, ""leg_a_atr_target"": 1.0, ""pullback_rsi"": 45.0, ""session_filter"": ""London_NY""}",1.1823441620482742,4.0982417528853095,4.986971368114438,170.14192866403445,24.03181153569343,8.82224992226726,0.5345224395857308,6952,8.82224992226726,5.896201655169853,5.977547050029629,A_if_A_hits_first_else_B
M15,trend_pullback,fixed_tp,"{""adx_threshold"": 15.0, ""atr_stop"": 3.0, ""atr_target"": 2.0, ""confirmation_bars"": 2, ""leg_a_atr_target"": 1.0, ""pullback_rsi"": 35.0, ""session_filter"": null}",1.2306190923209297,7.537186294302725,8.622299039384904,439.53112555930323,21.108830940687803,9.762877821046889,0.5657663977551737,14255,9.762877821046889,5.076813438745182,5.947697103265929,A_if_A_hits_first_else_B
M15,trend_pullback,fixed_tp,"{""adx_threshold"": 15.0, ""atr_stop"": 2.0, ""atr_target"": 2.5, ""confirmation_bars"": 1, ""leg_a_atr_target"": 1.0, ""pullback_rsi"": 25, ""session_filter"": ""London""}",1.2539526460436388,4.996588733091424,7.02940730466779,109.84233063479226,28.121221082411257,9.475154797510118,0.5130879345603272,4890,9.475154797510118,5.265897467057016,5.936748568512926,A_if_A_hits_first_else_B
M15,trend_pullback,fixed_tp,"{""adx_threshold"": 15.0, ""atr_stop"": 2.5, ""atr_target"": 2.0, ""confirmation_bars"": 1, ""leg_a_atr_target"": 1.5, ""pullback_rsi"": 30, ""session_filter"": ""London""}",1.2028421243783705,4.507128794575807,6.316822873670827,122.92461049645885,29.17129727816602,10.218095618146721,0.5207066869300911,5264,10.218095618146721,4.632647133385812,5.901593101250642,A_if_A_hits_first_else_B
M15,trend_pullback,fixed_tp,"{""adx_threshold"": 18.0, ""atr_stop"": 3.0, ""atr_target"": 3.0, ""confirmation_bars"": 1, ""leg_a_atr_target"": 1.0, ""pullback_rsi"": 45.0, ""session_filter"": ""London_NY""}",1.181690403861959,5.37959734430137,6.871647804145638,247.17437500029223,26.622982928905724,7.704924478294855,0.5030832877995473,12811,7.704924478294855,6.5641531272689075,5.8869305554465985,A_if_A_hits_first_else_B
M15,trend_pullback,fixed_tp,"{""adx_threshold"": 18.0, ""atr_stop"": 3.0, ""atr_target"": 3.0, ""confirmation_bars"": 2, ""leg_a_atr_target"": 1.0, ""pullback_rsi"": 45.0, ""session_filter"": ""London_NY""}",1.1783929319548812,5.196846528394479,6.616539771097187,218.89415486939106,28.877239960292318,7.657558192620865,0.5047649814246487,12382,7.657558192620865,6.5641531272689075,5.869692861079287,A_if_A_hits_first_else_B
M15,trend_pullback,fixed_tp,"{""adx_threshold"": 25.0, ""atr_stop"": 3.0, ""atr_target"": 2.0, ""confirmation_bars"": 2, ""leg_a_atr_target"": 1.0, ""pullback_rsi"": 40.0, ""session_filter"": ""London""}",1.1973156845368116,3.5979368299801835,3.982382272910086,99.66871893131488,25.900086353904083,8.58377885315022,0.5681667036133895,4511,8.58377885315022,5.780335670183275,5.844936787092413,A_if_A_hits_first_else_B
M15,trend_pullback,fixed_tp,"{""adx_threshold"": 15.0, ""atr_stop"": 2.5, ""atr_target"": 3.0, ""confirmation_bars"": 1, ""leg_a_atr_target"": 1.0, ""pullback_rsi"": 30, ""session_filter"": ""London""}",1.2146538393771928,4.391032225901011,6.357604258379385,125.50859046420462,29.049929108951034,8.754639800423009,0.5172082599647831,6247,8.754639800423009,5.539190801612202,5.799690558748982,A_if_A_hits_first_else_B
M15,trend_pullback,fixed_tp,"{""adx_threshold"": 20.0, ""atr_stop"": 3.0, ""atr_target"": 2.0, ""confirmation_bars"": 1, ""leg_a_atr_target"": 1.0, ""pullback_rsi"": 40.0, ""session_filter"": ""London""}",1.2282149780019158,5.2997708651100535,5.90159135236997,148.5589796218052,29.73485336201464,9.061910847917579,0.5641411378555798,7312,9.061910847917579,5.0724943442675645,5.699934247291939,A_if_A_hits_first_else_B
M15,trend_pullback,fixed_tp,"{""adx_threshold"": 15.0, ""atr_stop"": 1.5, ""atr_target"": 2.0, ""confirmation_bars"": 2, ""leg_a_atr_target"": 1.5, ""pullback_rsi"": 25, ""session_filter"": ""London_NY""}",1.2194563862688388,4.92188969282983,9.160179023068395,128.2819302726748,28.72527913529261,10.007969188204068,0.4091978996921963,5523,10.007969188204068,4.246321232794321,5.657525047882636,A_if_A_hits_first_else_B
M15,trend_pullback,fixed_tp,"{""adx_threshold"": 15.0, ""atr_stop"": 3.0, ""atr_target"": 2.5, ""confirmation_bars"": 1, ""leg_a_atr_target"": 1.0, ""pullback_rsi"": 35.0, ""session_filter"": ""London""}",1.240175385900598,5.625828625660734,6.7079936977356445,192.95104748700476,26.312116175821693,9.594841333736674,0.5536096762000756,7937,9.594841333736674,4.524183395613062,5.642112072013834,A_if_A_hits_first_else_B
M15,trend_pullback,fixed_tp,"{""adx_threshold"": 18.0, ""atr_stop"": 2.5, ""atr_target"": 2.0, ""confirmation_bars"": 1, ""leg_a_atr_target"": 1.0, ""pullback_rsi"": 45.0, ""session_filter"": null}",1.2123807516094263,8.096344951484035,10.345140525280604,543.61995194178,19.928378715215715,8.391529263704973,0.52001032791118,19365,8.391529263704973,5.419508317695532,5.618290135581615,A_if_A_hits_first_else_B
M15,trend_pullback,fixed_tp,"{""adx_threshold"": 18.0, ""atr_stop"": 3.0, ""atr_target"": 2.0, ""confirmation_bars"": 1, ""leg_a_atr_target"": 1.0, ""pullback_rsi"": 40.0, ""session_filter"": ""London""}",1.2261224120529757,5.655496778229793,6.3158332191339035,194.14738898679025,25.39888547967777,8.808730437752665,0.563415505537692,8397,8.808730437752665,5.0724943442675645,5.610902590544432,A_if_A_hits_first_else_B
M15,trend_pullback,fixed_tp,"{""adx_threshold"": 15.0, ""atr_stop"": 3.0, ""atr_target"": 2.5, ""confirmation_bars"": 2, ""leg_a_atr_target"": 1.0, ""pullback_rsi"": 35.0, ""session_filter"": ""London""}",1.2345668333828426,5.4200717096402675,6.483653637304514,170.81501309364964,28.440579546553806,9.430719491980504,0.5515724084379449,7727,9.430719491980504,4.524183395613062,5.583547716895622,A_if_A_hits_first_else_B
M15,trend_pullback,fixed_tp,"{""adx_threshold"": 18.0, ""atr_stop"": 3.0, ""atr_target"": 2.0, ""confirmation_bars"": 1, ""leg_a_atr_target"": 1.0, ""pullback_rsi"": 45.0, ""session_filter"": null}",1.201247847920446,7.352435462373244,8.804281925470718,371.89256017703246,27.25303140061245,8.233751857798003,0.5322790294627383,18464,8.233751857798003,5.4076613107045555,5.55551030963044,A_if_A_hits_first_else_B
M15,trend_pullback,fixed_tp,"{""adx_threshold"": 15.0, ""atr_stop"": 2.5, ""atr_target"": 2.0, ""confirmation_bars"": 2, ""leg_a_atr_target"": 1.0, ""pullback_rsi"": 45.0, ""session_filter"": ""London_NY""}",1.215200614552545,7.5200235341335775,9.639532260352906,322.25903947247735,27.534760520714467,8.587643213281641,0.5257113362152397,15499,8.587643213281641,5.074342057565016,5.532169173463341,A_if_A_hits_first_else_B
M15,trend_pullback,fixed_tp,"{""adx_threshold"": 18.0, ""atr_stop"": 2.5, ""atr_target"": 2.5, ""confirmation_bars"": 1, ""leg_a_atr_target"": 1.0, ""pullback_rsi"": 40.0, ""session_filter"": null}",1.2003957425579448,6.876842372286973,9.026177291654943,295.78188225985696,29.689984651525307,8.23341416134857,0.5095318457403588,15999,8.23341416134857,5.329525238683248,5.520060462391049,A_if_A_hits_first_else_B
M15,trend_pullback,fixed_tp,"{""adx_threshold"": 18.0, ""atr_stop"": 3.0, ""atr_target"": 2.0, ""confirmation_bars"": 2, ""leg_a_atr_target"": 1.0, ""pullback_rsi"": 40.0, ""session_filter"": ""London""}",1.2169771204398059,5.320497966838637,5.873399447232398,179.0034046260628,25.710410888817048,8.550132059883406,0.5660143671042853,8074,8.550132059883406,5.0724943442675645,5.518564099967557,A_if_A_hits_first_else_B
M15,trend_pullback,fixed_tp,"{""adx_threshold"": 18.0, ""atr_stop"": 2.5, ""atr_target"": 3.0, ""confirmation_bars"": 1, ""leg_a_atr_target"": 1.0, ""pullback_rsi"": 45.0, ""session_filter"": ""London_NY""}",1.189784798242987,5.792998033057381,8.163465981339874,246.7290456238823,28.096578019226264,7.833041672294516,0.4891148775894539,13275,7.833041672294516,5.63940778792284,5.517255049516956,A_if_A_hits_first_else_B
M15,trend_pullback,fixed_tp,"{""adx_threshold"": 15.0, ""atr_stop"": 1.5, ""atr_target"": 3.0, ""confirmation_bars"": 2, ""leg_a_atr_target"": 1.0, ""pullback_rsi"": 30, ""session_filter"": ""London_NY""}",1.2498148523688353,6.005199501847902,12.13138796324419,218.61747875064853,24.921711500429623,9.392578555984908,0.4405240776922193,8701,9.392578555984908,4.390607811445362,5.513138980218898,A_if_A_hits_first_else_B
M15,trend_pullback,fixed_tp,"{""adx_threshold"": 18.0, ""atr_stop"": 2.5, ""atr_target"": 2.0, ""confirmation_bars"": 2, ""leg_a_atr_target"": 1.0, ""pullback_rsi"": 45.0, ""session_filter"": null}",1.2010086621550242,7.542372489239708,9.55583504584095,403.3844306009935,24.873470575206422,8.073792257698207,0.5211630277345636,18641,8.073792257698207,5.419508317695532,5.5048077655883665,A_if_A_hits_first_else_B
M15,trend_pullback,fixed_tp,"{""adx_threshold"": 15.0, ""atr_stop"": 2.5, ""atr_target"": 2.0, ""confirmation_bars"": 1, ""leg_a_atr_target"": 1.0, ""pullback_rsi"": 45.0, ""session_filter"": ""London_NY""}",1.2127091342628578,7.494370514701143,9.570626840671647,315.1989259319937,28.227435352511538,8.48111715644996,0.5263726487036096,15736,8.48111715644996,5.074342057565016,5.494386757514315,A_if_A_hits_first_else_B
M15,trend_pullback,fixed_tp,"{""adx_threshold"": 15.0, ""atr_stop"": 3.0, ""atr_target"": 2.0, ""confirmation_bars"": 2, ""leg_a_atr_target"": 1.0, ""pullback_rsi"": 45.0, ""session_filter"": ""London_NY""}",1.203625144320765,6.8554811154800674,8.101817100483537,348.7998999534868,23.7191189928547,8.366371939283267,0.5430459111440706,14833,8.366371939283267,5.0266085742745,5.430929066036821,A_if_A_hits_first_else_B
M15,trend_pullback,fixed_tp,"{""adx_threshold"": 18.0, ""atr_stop"": 3.0, ""atr_target"": 2.0, ""confirmation_bars"": 2, ""leg_a_atr_target"": 1.0, ""pullback_rsi"": 45.0, ""session_filter"": null}",1.1882581601394169,6.787239344841205,8.009646504922687,365.24971417566303,25.521608210583146,7.8633675381442645,0.534360589360027,17782,7.8633675381442645,5.4076613107045555,5.423277860195426,A_if_A_hits_first_else_B
M15,trend_pullback,fixed_tp,"{""adx_threshold"": 15.0, ""atr_stop"": 1.5, ""atr_target"": 3.0, ""confirmation_bars"": 1, ""leg_a_atr_target"": 1.0, ""pullback_rsi"": 30, ""session_filter"": ""London_NY""}",1.2413438873060667,5.902732873659802,11.94223499575829,212.25510931500136,25.533046151433155,9.082993578800169,0.44055865921787707,8950,9.082993578800169,4.390607811445362,5.403090045191685,A_if_A_hits_first_else_B
M15,trend_pullback,fixed_tp,"{""adx_threshold"": 15.0, ""atr_stop"": 3.0, ""atr_target"": 2.0, ""confirmation_bars"": 1, ""leg_a_atr_target"": 1.0, ""pullback_rsi"": 45.0, ""session_filter"": ""London_NY""}",1.2015700053286562,6.8477781072079305,8.080041038284813,403.9419482074209,20.56798838342912,8.266938605283537,0.5437479270315091,15075,8.266938605283537,5.0266085742745,5.395716371338494,A_if_A_hits_first_else_B
M15,trend_pullback,fixed_tp,"{""adx_threshold"": 15.0, ""atr_stop"": 1.5, ""atr_target"": 2.0, ""confirmation_bars"": 2, ""leg_a_atr_target"": 1.0, ""pullback_rsi"": 30, ""session_filter"": ""London""}",1.2904349618864535,6.86455702718728,11.660918091889513,193.88172079426684,22.83647841246673,9.315982041289455,0.4793098611305934,7129,9.315982041289455,4.0700039672153245,5.350182492075496,A_if_A_hits_first_else_B
M15,trend_pullback,fixed_tp,"{""adx_threshold"": 15.0, ""atr_stop"": 1.5, ""atr_target"": 2.0, ""confirmation_bars"": 1, ""leg_a_atr_target"": 1.0, ""pullback_rsi"": 30, ""session_filter"": ""London""}",1.2879399858601763,6.933804363648467,11.834683110834824,156.03479200788064,29.03784859157501,9.227932108641008,0.47970128988458927,7365,9.227932108641008,4.0700039672153245,5.318866020443284,A_if_A_hits_first_else_B
M15,trend_pullback,fixed_tp,"{""adx_threshold"": 15.0, ""atr_stop"": 2.5, ""atr_target"": 2.5, ""confirmation_bars"": 1, ""leg_a_atr_target"": 1.0, ""pullback_rsi"": 35.0, ""session_filter"": ""London""}",1.2295987322384283,5.71090944304881,7.331696441351621,167.40097887586228,29.246043390904735,8.838277094506067,0.5311108436634974,8309,8.838277094506067,4.1689211609269385,5.215331251941931,A_if_A_hits_first_else_B
M15,trend_pullback,fixed_tp,"{""adx_threshold"": 25.0, ""atr_stop"": 3.0, ""atr_target"": 2.5, ""confirmation_bars"": 2, ""leg_a_atr_target"": 1.0, ""pullback_rsi"": 45.0, ""session_filter"": ""London""}",1.1810544789303723,3.4805203304342793,4.074253830652125,97.639277770232,28.756789323804906,7.824053893461904,0.531116477800483,5383,7.824053893461904,4.87127293725562,5.16670258026277,A_if_A_hits_first_else_B
M15,trend_pullback,fixed_tp,"{""adx_threshold"": 15.0, ""atr_stop"": 1.5, ""atr_target"": 2.0, ""confirmation_bars"": 2, ""leg_a_atr_target"": 1.0, ""pullback_rsi"": 35.0, ""session_filter"": ""London_NY""}",1.2695998355827163,8.440680833506145,13.981624871465433,263.5613553499454,29.07669736673381,9.729361532471259,0.47515869657215404,11815,9.729361532471259,3.345161860453309,5.164519340685473,A_if_A_hits_first_else_B
M15,trend_pullback,fixed_tp,"{""adx_threshold"": 15.0, ""atr_stop"": 1.5, ""atr_target"": 2.0, ""confirmation_bars"": 1, ""leg_a_atr_target"": 1.0, ""pullback_rsi"": 35.0, ""session_filter"": ""London_NY""}",1.264361333457983,8.407654248882423,13.859273799325,303.6896998185741,25.426840530035715,9.551252867033842,0.47480827904675516,12127,9.551252867033842,3.345161860453309,5.10113360735743,A_if_A_hits_first_else_B
M15,trend_pullback,fixed_tp,"{""adx_threshold"": 15.0, ""atr_stop"": 3.0, ""atr_target"": 3.0, ""confirmation_bars"": 1, ""leg_a_atr_target"": 1.0, ""pullback_rsi"": 35.0, ""session_filter"": ""London""}",1.2154554439738101,4.894291821097563,6.1735320237256985,172.93874319332778,26.713836788977563,8.79637730418404,0.5349073368875349,7878,8.79637730418404,3.9532484701258137,5.100784956815792,A_if_A_hits_first_else_B
M15,trend_pullback,fixed_tp,"{""adx_threshold"": 15.0, ""atr_stop"": 3.0, ""atr_target"": 2.5, ""confirmation_bars"": 2, ""leg_a_atr_target"": 1.0, ""pullback_rsi"": 40.0, ""session_filter"": ""London_NY""}",1.1694025325340158,5.11620674556677,6.164526852863068,249.170803185184,23.898856150503732,7.35172491633105,0.5287242798353909,12150,7.35172491633105,5.053977728080686,5.081274204858979,A_if_A_hits_first_else_B
M15,trend_pullback,fixed_tp,"{""adx_threshold"": 15.0, ""atr_stop"": 3.0, ""atr_target"": 2.5, ""confirmation_bars"": 1, ""leg_a_atr_target"": 1.0, ""pullback_rsi"": 40.0, ""session_filter"": ""London_NY""}",1.1702541234604902,5.193310804624429,6.256293314499164,259.7304096729677,23.345916103756288,7.347496995499615,0.5287987721140641,12379,7.347496995499615,5.053977728080686,5.0799647507532715,A_if_A_hits_first_else_B
M15,trend_pullback,fixed_tp,"{""adx_threshold"": 15.0, ""atr_stop"": 2.5, ""atr_target"": 2.0, ""confirmation_bars"": 1, ""leg_a_atr_target"": 1.0, ""pullback_rsi"": 40.0, ""session_filter"": null}",1.1997880650742092,7.709816905306715,9.506681489579307,335.00768807047587,29.72027261572479,7.914143249815743,0.5283238832070373,18871,7.914143249815743,4.590852358359351,5.07579131171206,A_if_A_hits_first_else_B
M15,trend_pullback,fixed_tp,"{""adx_threshold"": 18.0, ""atr_stop"": 3.0, ""atr_target"": 2.0, ""confirmation_bars"": 1, ""leg_a_atr_target"": 1.0, ""pullback_rsi"": 45.0, ""session_filter"": ""London""}",1.2157131649497506,5.8898425767370455,6.737779299166382,227.59009657140746,23.931300492419407,8.105755020561224,0.5506498660581407,10079,8.105755020561224,4.402125029984929,5.061113153679596,A_if_A_hits_first_else_B
M15,trend_pullback,fixed_tp,"{""adx_threshold"": 18.0, ""atr_stop"": 2.5, ""atr_target"": 2.0, ""confirmation_bars"": 1, ""leg_a_atr_target"": 1.0, ""pullback_rsi"": 45.0, ""session_filter"": ""London""}",1.22754221267477,6.437339901415367,7.821269628140409,220.2293445491236,26.195272726759715,8.265786239707497,0.5311873149297928,10469,8.265786239707497,4.21580099708199,5.035644075119473,A_if_A_hits_first_else_B
M15,trend_pullback,fixed_tp,"{""adx_threshold"": 15.0, ""atr_stop"": 2.5, ""atr_target"": 2.5, ""confirmation_bars"": 1, ""leg_a_atr_target"": 1.0, ""pullback_rsi"": 40.0, ""session_filter"": ""London_NY""}",1.1775781332282076,5.6280195500148675,7.437269963274775,215.50807761531053,29.495213108106892,7.3638284010449695,0.5119709607661415,12948,7.3638284010449695,4.927528186535108,5.0302432509521795,A_if_A_hits_first_else_B
M15,trend_pullback,fixed_tp,"{""adx_threshold"": 18.0, ""atr_stop"": 3.0, ""atr_target"": 2.0, ""confirmation_bars"": 2, ""leg_a_atr_target"": 1.0, ""pullback_rsi"": 45.0, ""session_filter"": ""London""}",1.2081167927913388,5.584394028048124,6.3184313388970565,194.77024496536853,26.42033338922176,7.921636093419664,0.5526477832512315,9744,7.921636093419664,4.402125029984929,4.995152254748368,A_if_A_hits_first_else_B
M15,trend_pullback,fixed_tp,"{""adx_threshold"": 18.0, ""atr_stop"": 2.5, ""atr_target"": 3.0, ""confirmation_bars"": 1, ""leg_a_atr_target"": 1.0, ""pullback_rsi"": 40.0, ""session_filter"": null}",1.1743287921821457,5.87021719137293,7.937950399078333,271.52279037183047,27.958960012280382,7.194365843848348,0.4931766489764973,15828,7.194365843848348,4.958484364172229,4.984211767660854,A_if_A_hits_first_else_B
M15,trend_pullback,fixed_tp,"{""adx_threshold"": 20.0, ""atr_stop"": 2.5, ""atr_target"": 2.0, ""confirmation_bars"": 1, ""leg_a_atr_target"": 1.0, ""pullback_rsi"": 45.0, ""session_filter"": ""London""}",1.2179681759287317,5.78803401414312,6.849901229373762,164.6809295999381,29.62473364248511,8.093279156262446,0.5332890953328909,9042,8.093279156262446,4.21580099708199,4.973351788564497,A_if_A_hits_first_else_B
M15,trend_pullback,fixed_tp,"{""adx_threshold"": 18.0, ""atr_stop"": 3.0, ""atr_target"": 3.0, ""confirmation_bars"": 1, ""leg_a_atr_target"": 1.0, ""pullback_rsi"": 40.0, ""session_filter"": null}",1.162885634246387,5.297093606379569,6.629582107544659,246.0010315786901,28.507214097131055,6.951629733672442,0.5064102564102564,15132,6.951629733672442,5.126791487662475,4.972703703082746,A_if_A_hits_first_else_B
M15,trend_pullback,fixed_tp,"{""adx_threshold"": 15.0, ""atr_stop"": 3.0, ""atr_target"": 3.0, ""confirmation_bars"": 2, ""leg_a_atr_target"": 1.0, ""pullback_rsi"": 35.0, ""session_filter"": ""London""}",1.2031841957215546,4.578891959197923,5.7930037049310465,144.96461532586247,29.523683399500843,8.365694697050783,0.5327078446703154,7674,8.365694697050783,3.9532484701258137,4.947591794668701,A_if_A_hits_first_else_B
M15,trend_pullback,fixed_tp,"{""adx_threshold"": 15.0, ""atr_stop"": 3.0, ""atr_target"": 2.5, ""confirmation_bars"": 1, ""leg_a_atr_target"": 1.0, ""pullback_rsi"": 45.0, ""session_filter"": ""London_NY""}",1.17790740810065,5.841897394682817,7.245943430141665,287.58136323206867,25.386987673379245,7.287221709608195,0.5158371040723982,15028,7.287221709608195,4.609591405155717,4.8604252123030705,A_if_A_hits_first_else_B
M15,trend_pullback,fixed_tp,"{""adx_threshold"": 15.0, ""atr_stop"": 3.0, ""atr_target"": 2.5, ""confirmation_bars"": 2, ""leg_a_atr_target"": 1.0, ""pullback_rsi"": 45.0, ""session_filter"": ""London_NY""}",1.176597259128758,5.746031172691442,7.1357832196495155,288.62156320534064,24.813059035167853,7.284942241933299,0.5151227451512275,14746,7.284942241933299,4.609591405155717,4.859365368822479,A_if_A_hits_first_else_B
M15,trend_pullback,fixed_tp,"{""adx_threshold"": 18.0, ""atr_stop"": 3.0, ""atr_target"": 3.0, ""confirmation_bars"": 1, ""leg_a_atr_target"": 1.0, ""pullback_rsi"": 45.0, ""session_filter"": null}",1.167742385116028,5.737786438044374,7.379217480885585,337.01982549329034,24.32659712153022,6.700347758044824,0.49122807017543857,18354,6.700347758044824,4.7762311045957375,4.727974189406976,A_if_A_hits_first_else_B
M15,trend_pullback,fixed_tp,"{""adx_threshold"": 15.0, ""atr_stop"": 2.5, ""atr_target"": 3.0, ""confirmation_bars"": 2, ""leg_a_atr_target"": 1.0, ""pullback_rsi"": 35.0, ""session_filter"": ""London""}",1.2011128132742284,4.834161020598514,6.516971141815882,141.2599550926491,29.81490944737935,7.893888734777337,0.5141821816818692,8003,7.893888734777337,3.6764746599536977,4.657497216806077,A_if_A_hits_first_else_B
M15,trend_pullback,fixed_tp,"{""adx_threshold"": 15.0, ""atr_stop"": 3.0, ""atr_target"": 3.0, ""confirmation_bars"": 2, ""leg_a_atr_target"": 1.0, ""pullback_rsi"": 40.0, ""session_filter"": ""London_NY""}",1.1507533675596713,4.45892782703703,5.515418094728865,178.33119489334507,29.841747297401298,6.628391330960882,0.513825458772731,12043,6.628391330960882,4.647060057519875,4.641264665232187,A_if_A_hits_first_else_B
M15,trend_pullback,fixed_tp,"{""adx_threshold"": 15.0, ""atr_stop"": 3.0, ""atr_target"": 3.0, ""confirmation_bars"": 1, ""leg_a_atr_target"": 1.0, ""pullback_rsi"": 40.0, ""session_filter"": ""London_NY""}",1.1510613405377226,4.508058703453161,5.571509976598826,184.98630409843966,29.20810860427188,6.597191770952456,0.514041514041514,12285,6.597191770952456,4.647060057519875,4.630406413824849,A_if_A_hits_first_else_B
M15,trend_pullback,fixed_tp,"{""adx_threshold"": 15.0, ""atr_stop"": 2.5, ""atr_target"": 2.0, ""confirmation_bars"": 2, ""leg_a_atr_target"": 1.0, ""pullback_rsi"": 45.0, ""session_filter"": null}",1.1891825497109818,7.745000532681706,9.827068789244269,448.7690691475439,24.081093115849725,7.277013203664359,0.5138265397737475,22276,7.277013203664359,4.0906269993386815,4.625573280927129,A_if_A_hits_first_else_B
M15,trend_pullback,fixed_tp,"{""adx_threshold"": 15.0, ""atr_stop"": 2.5, ""atr_target"": 3.0, ""confirmation_bars"": 1, ""leg_a_atr_target"": 1.0, ""pullback_rsi"": 35.0, ""session_filter"": ""London""}",1.1965265129199525,4.788539462099627,6.3957369747525235,154.77331682569465,27.435551160263316,7.73929146782803,0.5147023086269745,8230,7.73929146782803,3.6764746599536977,4.602470913302965,A_if_A_hits_first_else_B
M15,trend_pullback,fixed_tp,"{""adx_threshold"": 20.0, ""atr_stop"": 3.0, ""atr_target"": 3.0, ""confirmation_bars"": 1, ""leg_a_atr_target"": 1.0, ""pullback_rsi"": 40.0, ""session_filter"": ""London""}",1.1631548571767503,3.6538646841864413,4.427161490573221,116.49895870865541,28.487318556344356,6.934272771031887,0.5187351998885639,7179,6.934272771031887,4.298533476266405,4.593966505616393,A_if_A_hits_first_else_B
M15,trend_pullback,fixed_tp,"{""adx_threshold"": 15.0, ""atr_stop"": 2.5, ""atr_target"": 3.0, ""confirmation_bars"": 2, ""leg_a_atr_target"": 1.0, ""pullback_rsi"": 40.0, ""session_filter"": ""London_NY""}",1.1607942343259587,4.937035647817653,6.73434258158564,212.37210020598454,26.61532225419858,6.723654105610503,0.497065820777161,12610,6.723654105610503,4.459080595204339,4.59202405167082,A_if_A_hits_first_else_B
M15,trend_pullback,fixed_tp,"{""adx_threshold"": 18.0, ""atr_stop"": 3.0, ""atr_target"": 3.0, ""confirmation_bars"": 2, ""leg_a_atr_target"": 1.0, ""pullback_rsi"": 40.0, ""session_filter"": ""London""}",1.1648224843536454,3.8750152251835615,4.666042333873664,132.74071914115194,27.523216016089492,6.897642832699124,0.5227186910006293,7945,6.897642832699124,4.298533476266405,4.581479552635305,A_if_A_hits_first_else_B
M15,trend_pullback,fixed_tp,"{""adx_threshold"": 15.0, ""atr_stop"": 2.5, ""atr_target"": 2.0, ""confirmation_bars"": 1, ""leg_a_atr_target"": 1.0, ""pullback_rsi"": 45.0, ""session_filter"": null}",1.1861506650914315,7.65297532063838,9.660867048156174,378.09553756362044,28.476675991742145,7.13102974906574,0.5132462027552102,22648,7.13102974906574,4.0906269993386815,4.573872694893702,A_if_A_hits_first_else_B
M15,trend_pullback,fixed_tp,"{""adx_threshold"": 18.0, ""atr_stop"": 3.0, ""atr_target"": 3.0, ""confirmation_bars"": 1, ""leg_a_atr_target"": 1.0, ""pullback_rsi"": 40.0, ""session_filter"": ""London""}",1.1643077333635483,3.9581776622798412,4.798028098855312,144.9924112615863,25.831802122596837,6.791734665717121,0.5184961315280464,8272,6.791734665717121,4.298533476266405,4.544308743993584,A_if_A_hits_first_else_B
M15,trend_pullback,fixed_tp,"{""adx_threshold"": 18.0, ""atr_stop"": 3.0, ""atr_target"": 3.0, ""confirmation_bars"": 2, ""leg_a_atr_target"": 1.0, ""pullback_rsi"": 45.0, ""session_filter"": null}",1.148436326143597,5.041226263650847,6.457054968002689,252.1355510371454,28.442104050803295,6.084218532951137,0.49219457013574663,17680,6.084218532951137,4.7762311045957375,4.508467748829699,A_if_A_hits_first_else_B
M15,trend_pullback,fixed_tp,"{""adx_threshold"": 15.0, ""atr_stop"": 2.5, ""atr_target"": 3.0, ""confirmation_bars"": 1, ""leg_a_atr_target"": 1.0, ""pullback_rsi"": 40.0, ""session_filter"": ""London_NY""}",1.1531862561605941,4.75712993925188,6.45596379208492,209.56962728224147,26.22075091648709,6.409494164030365,0.49673405909797824,12860,6.409494164030365,4.459080595204339,4.480546476484698,A_if_A_hits_first_else_B
M15,trend_pullback,fixed_tp,"{""adx_threshold"": 15.0, ""atr_stop"": 3.0, ""atr_target"": 3.0, ""confirmation_bars"": 2, ""leg_a_atr_target"": 1.0, ""pullback_rsi"": 45.0, ""session_filter"": ""London_NY""}",1.1573779371095434,5.016767119601068,6.392872939548882,250.9865148530372,25.42415251420187,6.492795515498147,0.4984398317731651,14742,6.492795515498147,4.294497706873338,4.436477985939263,A_if_A_hits_first_else_B
M15,trend_pullback,fixed_tp,"{""adx_threshold"": 15.0, ""atr_stop"": 3.0, ""atr_target"": 3.0, ""confirmation_bars"": 1, ""leg_a_atr_target"": 1.0, ""pullback_rsi"": 45.0, ""session_filter"": ""London_NY""}",1.157012273939819,5.051046616266394,6.423875619658313,255.44499540822855,25.23442488842033,6.430146521665023,0.4991022145374742,15037,6.430146521665023,4.294497706873338,4.414477705463724,A_if_A_hits_first_else_B
M15,trend_pullback,fixed_tp,"{""adx_threshold"": 25.0, ""atr_stop"": 2.5, ""atr_target"": 2.0, ""confirmation_bars"": 2, ""leg_a_atr_target"": 1.0, ""pullback_rsi"": 45.0, ""session_filter"": ""London""}",1.1927645350086251,3.99209374162833,4.583025384603598,98.01906138947717,29.717369630663153,7.855632896876357,0.5391945343401654,5562,7.855632896876357,3.0350918810069976,4.353815767361598,A_if_A_hits_first_else_B
M15,trend_pullback,fixed_tp,"{""adx_threshold"": 15.0, ""atr_stop"": 1.5, ""atr_target"": 2.5, ""confirmation_bars"": 2, ""leg_a_atr_target"": 1.0, ""pullback_rsi"": 30, ""session_filter"": ""London""}",1.224913669260278,5.147334406042872,9.436915894947028,142.99390440007735,24.697463559993903,7.499122472867004,0.45300113250283125,7064,7.499122472867004,3.0783504950834284,4.25493332214305,A_if_A_hits_first_else_B
M15,trend_pullback,fixed_tp,"{""adx_threshold"": 18.0, ""atr_stop"": 3.0, ""atr_target"": 3.0, ""confirmation_bars"": 1, ""leg_a_atr_target"": 1.0, ""pullback_rsi"": 45.0, ""session_filter"": ""London""}",1.167867734023247,4.343182271269497,5.431080125329274,154.24884285844448,28.223247703829045,6.55369826378391,0.5058209554395825,9964,6.55369826378391,3.7852759068298925,4.230742097202469,A_if_A_hits_first_else_B
M15,trend_pullback,fixed_tp,"{""adx_threshold"": 15.0, ""atr_stop"": 1.5, ""atr_target"": 2.5, ""confirmation_bars"": 1, ""leg_a_atr_target"": 1.0, ""pullback_rsi"": 30, ""session_filter"": ""London""}",1.2192044011503633,5.115051781631219,9.390195012863181,123.33720738732616,28.772299863640683,7.312876319464607,0.4534963593900261,7279,7.312876319464607,3.0783504950834284,4.188605314830228,A_if_A_hits_first_else_B
M15,trend_pullback,fixed_tp,"{""adx_threshold"": 15.0, ""atr_stop"": 1.0, ""atr_target"": 2.0, ""confirmation_bars"": 1, ""leg_a_atr_target"": 1.0, ""pullback_rsi"": 25, ""session_filter"": ""NY""}",1.3371483327977631,5.409810725082829,12.507588961435811,90.18716695158949,28.810016202228027,11.665491205215545,0.403472014366956,3341,11.665491205215545,-0.43972718042548165,4.152474357193526,A_if_A_hits_first_else_B
M15,trend_pullback,fixed_tp,"{""adx_threshold"": 15.0, ""atr_stop"": 2.5, ""atr_target"": 2.0, ""confirmation_bars"": 1, ""leg_a_atr_target"": 1.0, ""pullback_rsi"": 45.0, ""session_filter"": ""London""}",1.1992724499804692,6.177770261096643,7.441424269090078,243.86971178488935,24.072543026944334,7.144702795022654,0.528762677484787,12325,7.144702795022654,3.052096671984628,4.113943970647105,A_if_A_hits_first_else_B
M15,trend_pullback,fixed_tp,"{""adx_threshold"": 15.0, ""atr_stop"": 2.5, ""atr_target"": 2.0, ""confirmation_bars"": 2, ""leg_a_atr_target"": 1.0, ""pullback_rsi"": 45.0, ""session_filter"": ""London""}",1.1983994069000639,6.108172425583911,7.398205579600204,235.57038794813704,24.397324671189743,7.126503146675417,0.527568818715384,12097,7.126503146675417,3.052096671984628,4.107399485109491,A_if_A_hits_first_else_B
M15,trend_pullback,fixed_tp,"{""adx_threshold"": 15.0, ""atr_stop"": 3.0, ""atr_target"": 2.0, ""confirmation_bars"": 2, ""leg_a_atr_target"": 1.0, ""pullback_rsi"": 45.0, ""session_filter"": ""London""}",1.1903144395974594,5.627742796599005,6.395875110440721,224.4096836755721,24.304720997892012,7.017173107847978,0.5461874946393345,11659,7.017173107847978,2.4370464139576815,3.7907443619472407,A_if_A_hits_first_else_B
M15,trend_pullback,fixed_tp,"{""adx_threshold"": 15.0, ""atr_stop"": 3.0, ""atr_target"": 2.0, ""confirmation_bars"": 1, ""leg_a_atr_target"": 1.0, ""pullback_rsi"": 45.0, ""session_filter"": ""London""}",1.1889285918195653,5.641026012159542,6.397993874636903,222.46566641799666,24.738956974697047,6.937854294304712,0.5461803512900244,11899,6.937854294304712,2.4370464139576815,3.7627056076515184,A_if_A_hits_first_else_B
M15,trend_pullback,fixed_tp,"{""adx_threshold"": 15.0, ""atr_stop"": 3.0, ""atr_target"": 2.5, ""confirmation_bars"": 2, ""leg_a_atr_target"": 1.0, ""pullback_rsi"": 40.0, ""session_filter"": ""London""}",1.1480569243234855,3.9451999693471533,4.478540771160463,146.78968374268632,25.369987771317547,5.827938155723795,0.531246739697444,9585,5.827938155723795,2.9999997205153863,3.619389613599949,A_if_A_hits_first_else_B
M15,trend_pullback,fixed_tp,"{""adx_threshold"": 15.0, ""atr_stop"": 3.0, ""atr_target"": 2.5, ""confirmation_bars"": 1, ""leg_a_atr_target"": 1.0, ""pullback_rsi"": 40.0, ""session_filter"": ""London""}",1.1417940288797124,3.8371424053890975,4.349100311220416,147.11654367938073,24.733996939299725,5.56899317582818,0.5308641975308642,9801,5.56899317582818,2.9999997205153863,3.5275062915477293,A_if_A_hits_first_else_B
M15,trend_pullback,fixed_tp,"{""adx_threshold"": 15.0, ""atr_stop"": 3.0, ""atr_target"": 3.0, ""confirmation_bars"": 2, ""leg_a_atr_target"": 1.0, ""pullback_rsi"": 40.0, ""session_filter"": ""London""}",1.1464267374647075,3.779525686098287,4.542108624035211,144.83538341775804,25.68459008619803,5.860787921010015,0.5172775968910829,9521,5.860787921010015,2.5617191929935883,3.4333347566935615,A_if_A_hits_first_else_B
M15,trend_pullback,fixed_tp,"{""adx_threshold"": 15.0, ""atr_stop"": 3.0, ""atr_target"": 3.0, ""confirmation_bars"": 1, ""leg_a_atr_target"": 1.0, ""pullback_rsi"": 40.0, ""session_filter"": ""London""}",1.144387786138056,3.768324307495904,4.520653177007045,151.4944691780736,24.65582888759647,5.758306849134352,0.5172661870503598,9730,5.758306849134352,2.5617191929935883,3.3970585912717493,A_if_A_hits_first_else_B
M15,trend_pullback,fixed_tp_plus_mr,"{""adx_threshold"": 15.0, ""atr_stop"": 3.0, ""atr_target"": 2.0, ""confirmation_bars"": 2, ""leg_a_atr_target"": 1.0, ""pullback_rsi"": 25, ""session_filter"": ""NY""}",1.5773786323562624,7.852885539469945,9.790635054338921,274.27251594787566,16.48903466384922,25.47402754115096,0.6361246714232069,2663,25.47402754115096,17.160785229996954,16.95373871937272,A_if_A_hits_first_else_B
M15,trend_pullback,fixed_tp_plus_mr,"{""adx_threshold"": 18.0, ""atr_stop"": 3.0, ""atr_target"": 2.0, ""confirmation_bars"": 1, ""leg_a_atr_target"": 1.0, ""pullback_rsi"": 25, ""session_filter"": ""NY""}",1.5789825993469895,7.546069076388087,9.466760726991376,308.2987521869685,13.70336871181983,25.88683501600492,0.6348039215686274,2448,25.88683501600492,16.731907795012834,16.905547283226895,A_if_A_hits_first_else_B
M15,trend_pullback,fixed_tp_plus_mr,"{""adx_threshold"": 18.0, ""atr_stop"": 3.0, ""atr_target"": 2.0, ""confirmation_bars"": 2, ""leg_a_atr_target"": 1.0, ""pullback_rsi"": 25, ""session_filter"": ""NY""}",1.513998034433418,6.56249804974423,8.294741100099563,199.58079572102267,17.80398649872316,23.604963191462637,0.6279893711248893,2258,23.604963191462637,16.731907795012834,16.093895231654383,A_if_A_hits_first_else_B
M15,trend_pullback,fixed_tp_plus_mr,"{""adx_threshold"": 18.0, ""atr_stop"": 2.5, ""atr_target"": 2.0, ""confirmation_bars"": 1, ""leg_a_atr_target"": 1.0, ""pullback_rsi"": 25, ""session_filter"": ""NY""}",1.5403772759412078,7.319463067900052,9.898468837910878,295.4926183448295,13.483839113012397,23.85853248409854,0.6167664670658682,2505,23.85853248409854,15.532743196532294,15.648296263062264,A_if_A_hits_first_else_B
M15,trend_pullback,fixed_tp_plus_mr,"{""adx_threshold"": 18.0, ""atr_stop"": 3.0, ""atr_target"": 2.0, ""confirmation_bars"": 1, ""leg_a_atr_target"": 1.5, ""pullback_rsi"": 25, ""session_filter"": ""NY""}",1.4583356522916153,6.210982097451246,9.066978011839105,201.32921824013232,18.79971930042588,27.17759303414556,0.6036381043561513,2089,27.17759303414556,12.889195411662033,15.603962627657184,A_if_A_hits_first_else_B
M15,trend_pullback,fixed_tp_plus_mr,"{""adx_threshold"": 15.0, ""atr_stop"": 2.5, ""atr_target"": 2.0, ""confirmation_bars"": 1, ""leg_a_atr_target"": 1.0, ""pullback_rsi"": 25, ""session_filter"": ""NY""}",1.5366946696211368,7.722481171165993,10.456141677019417,354.47723477308597,12.354788296099157,23.46994207614211,0.6195069667738478,2799,23.46994207614211,15.435474163435147,15.467782034119782,A_if_A_hits_first_else_B
M15,trend_pullback,fixed_tp_plus_mr,"{""adx_threshold"": 15.0, ""atr_stop"": 2.5, ""atr_target"": 2.0, ""confirmation_bars"": 2, ""leg_a_atr_target"": 1.0, ""pullback_rsi"": 25, ""session_filter"": ""NY""}",1.535706541947684,7.593650201594915,10.290727111962099,329.27822721271144,12.928934980284525,23.374177104995407,0.6167642752562226,2732,23.374177104995407,15.435474163435147,15.434066668683746,A_if_A_hits_first_else_B
M15,trend_pullback,fixed_tp_plus_mr,"{""adx_threshold"": 15.0, ""atr_stop"": 3.0, ""atr_target"": 2.0, ""confirmation_bars"": 1, ""leg_a_atr_target"": 1.5, ""pullback_rsi"": 25, ""session_filter"": ""NY""}",1.4297217734431567,6.216018602202522,9.135168379991864,198.12424371854442,19.945450946237834,25.331265284286527,0.6004273504273504,2340,25.331265284286527,13.371060444996106,15.168864404437162,A_if_A_hits_first_else_B
M15,trend_pullback,fixed_tp_plus_mr,"{""adx_threshold"": 15.0, ""atr_stop"": 3.0, ""atr_target"": 2.0, ""confirmation_bars"": 2, ""leg_a_atr_target"": 1.5, ""pullback_rsi"": 25, ""session_filter"": ""NY""}",1.4284255249801499,6.102211610456516,8.834396613569742,183.29286535715204,20.997799944926413,25.331813853237048,0.6007020623080298,2279,25.331813853237048,13.371060444996106,15.168797153877243,A_if_A_hits_first_else_B
M15,trend_pullback,fixed_tp_plus_mr,"{""adx_threshold"": 20.0, ""atr_stop"": 3.0, ""atr_target"": 2.0, ""confirmation_bars"": 1, ""leg_a_atr_target"": 1.0, ""pullback_rsi"": 25, ""session_filter"": ""NY""}",1.4451568217242328,5.739200246022062,7.008750594329078,173.35513847807357,16.997281431123167,20.828695166657482,0.6248821866163996,2122,20.828695166657482,16.731907795012834,15.10843318043074,A_if_A_hits_first_else_B
M15,trend_pullback,fixed_tp_plus_mr,"{""adx_threshold"": 20.0, ""atr_stop"": 3.0, ""atr_target"": 2.0, ""confirmation_bars"": 2, ""leg_a_atr_target"": 1.0, ""pullback_rsi"": 25, ""session_filter"": ""NY""}",1.4304733307139321,5.345747566797761,6.502043598887898,149.07789391714093,17.848559122413228,20.4155417142578,0.6235294117647059,1955,20.4155417142578,16.731907795012834,14.960892773888789,A_if_A_hits_first_else_B
M15,trend_pullback,fixed_tp_plus_mr,"{""adx_threshold"": 18.0, ""atr_stop"": 2.5, ""atr_target"": 2.0, ""confirmation_bars"": 2, ""leg_a_atr_target"": 1.0, ""pullback_rsi"": 25, ""session_filter"": ""NY""}",1.4760494181796362,6.3389555819213275,8.618386418511884,221.43048134628634,15.11412059226725,21.5917870830423,0.6094623655913979,2325,21.5917870830423,15.532743196532294,14.842069801140264,A_if_A_hits_first_else_B
M15,trend_pullback,fixed_tp_plus_mr,"{""adx_threshold"": 18.0, ""atr_stop"": 3.0, ""atr_target"": 2.0, ""confirmation_bars"": 2, ""leg_a_atr_target"": 1.5, ""pullback_rsi"": 25, ""session_filter"": ""NY""}",1.3960325092719985,5.2492781154072725,7.704254130346658,114.54897384515705,26.97780553155828,24.017719742752874,0.5937823834196891,1930,24.017719742752874,12.889195411662033,14.48554634706582,A_if_A_hits_first_else_B
M15,trend_pullback,fixed_tp_plus_mr,"{""adx_threshold"": 18.0, ""atr_stop"": 2.5, ""atr_target"": 2.0, ""confirmation_bars"": 1, ""leg_a_atr_target"": 1.0, ""pullback_rsi"": 30, ""session_filter"": ""NY""}",1.5005956880153044,8.001093045239946,11.109158872504363,185.08281942241473,28.235099253904995,22.01277075225123,0.600393147992137,3561,22.01277075225123,14.320547573866941,14.448835309131114,A_if_A_hits_first_else_B
M15,trend_pullback,fixed_tp_plus_mr,"{""adx_threshold"": 18.0, ""atr_stop"": 2.0, ""atr_target"": 2.0, ""confirmation_bars"": 1, ""leg_a_atr_target"": 1.0, ""pullback_rsi"": 25, ""session_filter"": ""NY""}",1.5654412680665908,7.808903635914064,12.568435813587874,162.94072797237757,24.876827991904776,23.439370447058096,0.5774865073245952,2594,23.439370447058096,13.008947559326783,14.370894311780704,A_if_A_hits_first_else_B
M15,trend_pullback,fixed_tp_plus_mr,"{""adx_threshold"": 20.0, ""atr_stop"": 2.5, ""atr_target"": 2.0, ""confirmation_bars"": 2, ""leg_a_atr_target"": 1.0, ""pullback_rsi"": 25, ""session_filter"": ""NY""}",1.4343446864105838,5.533318212668546,7.176026077952981,139.54923164182375,19.18995739590188,19.935065581916444,0.609925558312655,2015,19.935065581916444,15.532743196532294,14.253876329392405,A_if_A_hits_first_else_B
M15,trend_pullback,fixed_tp_plus_mr,"{""adx_threshold"": 15.0, ""atr_stop"": 2.0, ""atr_target"": 2.0, ""confirmation_bars"": 1, ""leg_a_atr_target"": 1.0, ""pullback_rsi"": 25, ""session_filter"": ""NY""}",1.5667980121498895,8.308507275066663,13.427333131270531,272.5320899983524,16.477532891307554,23.16363382161953,0.5794360385144429,2908,23.16363382161953,12.959104064555989,14.252228269047007,A_if_A_hits_first_else_B
M15,trend_pullback,fixed_tp_plus_mr,"{""adx_threshold"": 15.0, ""atr_stop"": 3.0, ""atr_target"": 2.0, ""confirmation_bars"": 1, ""leg_a_atr_target"": 1.0, ""pullback_rsi"": 30, ""session_filter"": ""NY""}",1.4986599322462146,8.242771384585517,10.362592451750338,195.99094254608727,29.182673104051222,21.758329727405574,0.6203398427593203,3943,21.758329727405574,14.076478172871841,14.249562568833523,A_if_A_hits_first_else_B
M15,trend_pullback,fixed_tp_plus_mr,"{""adx_threshold"": 20.0, ""atr_stop"": 2.5, ""atr_target"": 2.0, ""confirmation_bars"": 1, ""leg_a_atr_target"": 1.0, ""pullback_rsi"": 25, ""session_filter"": ""NY""}",1.428756818225273,5.7297460431958145,7.479990146889605,159.32663194121994,17.945302542628855,19.62813235663569,0.6105263157894737,2185,19.62813235663569,15.532743196532294,14.145332126907078,A_if_A_hits_first_else_B
M15,trend_pullback,fixed_tp_plus_mr,"{""adx_threshold"": 15.0, ""atr_stop"": 2.0, ""atr_target"": 2.0, ""confirmation_bars"": 2, ""leg_a_atr_target"": 1.0, ""pullback_rsi"": 25, ""session_filter"": ""NY""}",1.5512166251219697,7.996167985309799,12.892949166198681,239.5789869783668,17.8343683959545,22.63903168686916,0.5764747439067467,2831,22.63903168686916,12.959104064555989,14.065501244478796,A_if_A_hits_first_else_B
M15,trend_pullback,fixed_tp_plus_mr,"{""adx_threshold"": 18.0, ""atr_stop"": 2.0, ""atr_target"": 2.0, ""confirmation_bars"": 2, ""leg_a_atr_target"": 1.0, ""pullback_rsi"": 25, ""session_filter"": ""NY""}",1.5235596645034837,7.051013799111176,11.375326355477274,143.2418956055987,24.76862858411561,22.018444207321462,0.571369466280513,2417,22.018444207321462,13.008947559326783,13.86519380716026,A_if_A_hits_first_else_B
M15,trend_pullback,fixed_tp_plus_mr,"{""adx_threshold"": 15.0, ""atr_stop"": 3.0, ""atr_target"": 2.5, ""confirmation_bars"": 2, ""leg_a_atr_target"": 1.0, ""pullback_rsi"": 25, ""session_filter"": ""NY""}",1.3919343467708056,5.569183682928722,7.118798453158536,137.60228050790883,23.866771874169064,18.666856223461632,0.6017430845017052,2639,18.666856223461632,14.984469854044383,13.554797981885704,A_if_A_hits_first_else_B
M15,trend_pullback,fixed_tp_plus_mr,"{""adx_threshold"": 15.0, ""atr_stop"": 2.5, ""atr_target"": 2.0, ""confirmation_bars"": 2, ""leg_a_atr_target"": 1.0, ""pullback_rsi"": 30, ""session_filter"": ""NY""}",1.4913415829967183,8.265498552594275,11.432963201633326,214.18068422341605,25.988084047309666,21.185532693130224,0.5983252981476782,3941,21.185532693130224,12.90561685915461,13.520732345814498,A_if_A_hits_first_else_B
M15,trend_pullback,fixed_tp_plus_mr,"{""adx_threshold"": 15.0, ""atr_stop"": 3.0, ""atr_target"": 2.5, ""confirmation_bars"": 1, ""leg_a_atr_target"": 1.0, ""pullback_rsi"": 25, ""session_filter"": ""NY""}",1.38650572245384,5.601984644032276,7.26248986022585,141.1924192946554,23.528267142239486,18.44879466655171,0.6019992595335061,2701,18.44879466655171,14.984469854044383,13.477390712103837,A_if_A_hits_first_else_B
M15,trend_pullback,fixed_tp_plus_mr,"{""adx_threshold"": 15.0, ""atr_stop"": 2.5, ""atr_target"": 2.0, ""confirmation_bars"": 1, ""leg_a_atr_target"": 1.0, ""pullback_rsi"": 30, ""session_filter"": ""NY""}",1.4898601489082133,8.37450526513791,11.55623112967691,217.35509077653353,26.11421330777323,21.03282066725098,0.6007905138339921,4048,21.03282066725098,12.90561685915461,13.466986849939062,A_if_A_hits_first_else_B
M15,trend_pullback,fixed_tp_plus_mr,"{""adx_threshold"": 18.0, ""atr_stop"": 3.0, ""atr_target"": 2.5, ""confirmation_bars"": 1, ""leg_a_atr_target"": 1.0, ""pullback_rsi"": 25, ""session_filter"": ""NY""}",1.3917102446107856,5.3382845304775985,6.8486618687131955,176.90113804284346,17.31193544137076,18.958941898283477,0.6004952538175815,2423,18.958941898283477,14.256604281534987,13.329443640012117,A_if_A_hits_first_else_B
M15,trend_pullback,fixed_tp_plus_mr,"{""adx_threshold"": 20.0, ""atr_stop"": 2.0, ""atr_target"": 2.0, ""confirmation_bars"": 2, ""leg_a_atr_target"": 1.0, ""pullback_rsi"": 25, ""session_filter"": ""NY""}",1.4613513564334961,6.029180441424221,9.263817002344263,114.03252628193,24.433491038788013,19.929990765664478,0.569861707200763,2097,19.929990765664478,13.008947559326783,13.12179344096632,A_if_A_hits_first_else_B
M15,trend_pullback,fixed_tp_plus_mr,"{""adx_threshold"": 18.0, ""atr_stop"": 2.5, ""atr_target"": 2.0, ""confirmation_bars"": 1, ""leg_a_atr_target"": 1.5, ""pullback_rsi"": 25, ""session_filter"": ""NY""}",1.3728193369531387,5.33528610299257,8.448354698995912,147.32013826790168,21.48062292737863,21.884704977469426,0.5666205624711849,2169,21.884704977469426,11.481677338221225,13.100965411704477,A_if_A_hits_first_else_B
M15,trend_pullback,fixed_tp_plus_mr,"{""adx_threshold"": 18.0, ""atr_stop"": 3.0, ""atr_target"": 2.5, ""confirmation_bars"": 2, ""leg_a_atr_target"": 1.0, ""pullback_rsi"": 25, ""session_filter"": ""NY""}",1.3723628819074158,4.8952763084427655,6.343450769961184,119.50022134815035,22.829674926198333,18.285195757285635,0.5969615728328865,2238,18.285195757285635,14.256604281534987,13.089763018122198,A_if_A_hits_first_else_B
M15,trend_pullback,fixed_tp_plus_mr,"{""adx_threshold"": 20.0, ""atr_stop"": 2.0, ""atr_target"": 2.0, ""confirmation_bars"": 1, ""leg_a_atr_target"": 1.0, ""pullback_rsi"": 25, ""session_filter"": ""NY""}",1.4545259112390636,6.21150386433662,9.642695132410614,119.60862093055118,24.76862858411561,19.56764535856734,0.5684720387494496,2271,19.56764535856734,13.008947559326783,12.993607459443433,A_if_A_hits_first_else_B
M15,trend_pullback,fixed_tp_plus_mr,"{""adx_threshold"": 20.0, ""atr_stop"": 3.0, ""atr_target"": 2.5, ""confirmation_bars"": 2, ""leg_a_atr_target"": 1.0, ""pullback_rsi"": 25, ""session_filter"": ""NY""}",1.3396197967891779,4.2209695277540105,5.375091738738069,97.81374970625471,22.56636682034489,17.057967202045955,0.5945388974755281,1941,17.057967202045955,14.256604281534987,12.653684406764663,A_if_A_hits_first_else_B
M15,trend_pullback,fixed_tp_plus_mr,"{""adx_threshold"": 20.0, ""atr_stop"": 3.0, ""atr_target"": 2.5, ""confirmation_bars"": 1, ""leg_a_atr_target"": 1.0, ""pullback_rsi"": 25, ""session_filter"": ""NY""}",1.3301956032109998,4.302056366620044,5.5046259291184505,102.53972647664261,22.587820253825548,16.496787112043034,0.5930674264007597,2106,16.496787112043034,14.256604281534987,12.455386536548005,A_if_A_hits_first_else_B
M15,trend_pullback,fixed_tp_plus_mr,"{""adx_threshold"": 15.0, ""atr_stop"": 2.5, ""atr_target"": 2.0, ""confirmation_bars"": 1, ""leg_a_atr_target"": 1.5, ""pullback_rsi"": 25, ""session_filter"": ""NY""}",1.3531076249118001,5.379339332128675,8.512800282452726,184.84579445223622,18.07303892903153,20.59633316278067,0.5651459103986848,2433,20.59633316278067,10.908259565248738,12.388054936317527,A_if_A_hits_first_else_B
M15,trend_pullback,fixed_tp_plus_mr,"{""adx_threshold"": 15.0, ""atr_stop"": 2.5, ""atr_target"": 2.0, ""confirmation_bars"": 2, ""leg_a_atr_target"": 1.5, ""pullback_rsi"": 25, ""session_filter"": ""NY""}",1.3511383515938356,5.277683432278966,8.352435672587553,164.31874394219722,19.685894457771003,20.447291091527138,0.5630004214075011,2373,20.447291091527138,10.908259565248738,12.335496356715197,A_if_A_hits_first_else_B
M15,trend_pullback,fixed_tp_plus_mr,"{""adx_threshold"": 18.0, ""atr_stop"": 2.5, ""atr_target"": 2.5, ""confirmation_bars"": 1, ""leg_a_atr_target"": 1.0, ""pullback_rsi"": 25, ""session_filter"": ""NY""}",1.366905664523403,5.233441253519717,7.457145096266231,217.93354590171177,13.067910579019093,17.21847696500677,0.5840386940749698,2481,17.21847696500677,13.174121843115572,12.228202900059054,A_if_A_hits_first_else_B
M15,trend_pullback,fixed_tp_plus_mr,"{""adx_threshold"": 15.0, ""atr_stop"": 3.0, ""atr_target"": 3.0, ""confirmation_bars"": 1, ""leg_a_atr_target"": 1.0, ""pullback_rsi"": 25, ""session_filter"": ""NY""}",1.305328648269851,4.444993625828161,5.977823271507718,96.41401145907705,28.48411578354679,15.35371523792337,0.584793142005218,2683,15.35371523792337,14.594100511245127,12.202211292987455,A_if_A_hits_first_else_B
M15,trend_pullback,fixed_tp_plus_mr,"{""adx_threshold"": 15.0, ""atr_stop"": 3.0, ""atr_target"": 3.0, ""confirmation_bars"": 2, ""leg_a_atr_target"": 1.0, ""pullback_rsi"": 25, ""session_filter"": ""NY""}",1.3040120068359404,4.3523596016263415,5.765732828666449,91.78730165249617,29.081052084277992,15.276256963171937,0.584128195345288,2621,15.276256963171937,14.594100511245127,12.174837568537674,A_if_A_hits_first_else_B
M15,trend_pullback,fixed_tp_plus_mr,"{""adx_threshold"": 20.0, ""atr_stop"": 2.5, ""atr_target"": 2.5, ""confirmation_bars"": 2, ""leg_a_atr_target"": 1.0, ""pullback_rsi"": 25, ""session_filter"": ""NY""}",1.3556055828842524,4.561850092816136,6.447058944905978,150.9695753523646,15.018094495463721,17.013071650188913,0.5827913956978489,1999,17.013071650188913,13.174121843115572,12.154051023544977,A_if_A_hits_first_else_B
M15,trend_pullback,fixed_tp_plus_mr,"{""adx_threshold"": 15.0, ""atr_stop"": 3.0, ""atr_target"": 2.0, ""confirmation_bars"": 1, ""leg_a_atr_target"": 2.0, ""pullback_rsi"": 25, ""session_filter"": ""NY""}",1.259417821306168,3.921170048594073,6.234105607182355,92.86621903509128,29.0094245855067,18.76041488606986,0.5589600742804085,2154,18.76041488606986,11.826470718749281,12.13994059782286,A_if_A_hits_first_else_B
M15,trend_pullback,fixed_tp_plus_mr,"{""adx_threshold"": 18.0, ""atr_stop"": 2.5, ""atr_target"": 2.0, ""confirmation_bars"": 2, ""leg_a_atr_target"": 1.5, ""pullback_rsi"": 25, ""session_filter"": ""NY""}",1.3186658213732372,4.4661738568211575,7.089640018053097,86.79306276544776,29.54294406786343,19.087761281078272,0.5578163771712159,2015,19.087761281078272,11.481677338221225,12.111204414851594,A_if_A_hits_first_else_B
M15,trend_pullback,fixed_tp_plus_mr,"{""adx_threshold"": 18.0, ""atr_stop"": 2.5, ""atr_target"": 2.5, ""confirmation_bars"": 2, ""leg_a_atr_target"": 1.0, ""pullback_rsi"": 25, ""session_filter"": ""NY""}",1.3553086781870083,4.881408698466471,7.059735022675297,153.6342796819351,16.86943252811828,16.873197363935283,0.5802951388888888,2304,16.873197363935283,13.174121843115572,12.105035642416757,A_if_A_hits_first_else_B
M15,trend_pullback,fixed_tp_plus_mr,"{""adx_threshold"": 15.0, ""atr_stop"": 2.5, ""atr_target"": 2.5, ""confirmation_bars"": 1, ""leg_a_atr_target"": 1.0, ""pullback_rsi"": 25, ""session_filter"": ""NY""}",1.3658529324190403,5.531250609150245,7.911190280698384,178.31655041256218,17.60391178899988,16.980177554894492,0.5860079336458709,2773,16.980177554894492,13.07420373144392,12.099624409846644,A_if_A_hits_first_else_B
M15,trend_pullback,fixed_tp_plus_mr,"{""adx_threshold"": 15.0, ""atr_stop"": 2.5, ""atr_target"": 2.5, ""confirmation_bars"": 2, ""leg_a_atr_target"": 1.0, ""pullback_rsi"": 25, ""session_filter"": ""NY""}",1.366498194616619,5.456447397306725,7.800045673243311,167.0933797991641,18.324394263773826,16.960219554872857,0.5838257016248154,2708,16.960219554872857,13.07420373144392,12.092768162278588,A_if_A_hits_first_else_B
M15,trend_pullback,fixed_tp_plus_mr,"{""adx_threshold"": 18.0, ""atr_stop"": 3.0, ""atr_target"": 2.0, ""confirmation_bars"": 1, ""leg_a_atr_target"": 1.0, ""pullback_rsi"": 25, ""session_filter"": ""London_NY""}",1.443514979866269,7.840381234558556,8.486627180685357,305.8340960491939,19.764005237823813,18.394725125445476,0.6159464394400487,4929,18.394725125445476,11.865582665802933,12.066368989490488,A_if_A_hits_first_else_B
M15,trend_pullback,fixed_tp_plus_mr,"{""adx_threshold"": 20.0, ""atr_stop"": 2.5, ""atr_target"": 2.5, ""confirmation_bars"": 1, ""leg_a_atr_target"": 1.0, ""pullback_rsi"": 25, ""session_filter"": ""NY""}",1.3479753449960887,4.666132791464394,6.679051976277481,156.51462394308246,15.299987007608765,16.591258980345987,0.5806004618937645,2165,16.591258980345987,13.174121843115572,12.00489054152232,A_if_A_hits_first_else_B
M15,trend_pullback,fixed_tp_plus_mr,"{""adx_threshold"": 18.0, ""atr_stop"": 2.0, ""atr_target"": 2.0, ""confirmation_bars"": 1, ""leg_a_atr_target"": 1.5, ""pullback_rsi"": 25, ""session_filter"": ""NY""}",1.3803727365588636,5.542912815660671,10.329904128946088,105.40504108795217,29.755947138136623,20.598249763832474,0.5122591943957968,2284,20.598249763832474,9.782998406376738,11.88781124752267,A_if_A_hits_first_else_B
M15,trend_pullback,fixed_tp_plus_mr,"{""adx_threshold"": 25.0, ""atr_stop"": 3.0, ""atr_target"": 2.0, ""confirmation_bars"": 1, ""leg_a_atr_target"": 1.0, ""pullback_rsi"": 25, ""session_filter"": ""London_NY""}",1.3686955078788776,5.0926401406562665,5.213337783033142,122.79672671156669,25.175091377793485,16.62053126805174,0.6186379928315412,2790,16.62053126805174,12.76905095861742,11.836997976771725,A_if_A_hits_first_else_B
M15,trend_pullback,fixed_tp_plus_mr,"{""adx_threshold"": 15.0, ""atr_stop"": 2.5, ""atr_target"": 2.5, ""confirmation_bars"": 2, ""leg_a_atr_target"": 1.0, ""pullback_rsi"": 30, ""session_filter"": ""NY""}",1.4040410403173624,6.809821977480508,10.279416780814302,167.90387822192602,27.792562511556845,17.94339540405937,0.5711356062548064,3901,17.94339540405937,11.484173478730794,11.728874664913109,A_if_A_hits_first_else_B
M15,trend_pullback,fixed_tp_plus_mr,"{""adx_threshold"": 18.0, ""atr_stop"": 2.5, ""atr_target"": 2.0, ""confirmation_bars"": 1, ""leg_a_atr_target"": 1.0, ""pullback_rsi"": 35.0, ""session_filter"": ""NY""}",1.3909881081868136,7.496643498819374,10.331333806115762,214.85455212573626,24.941802271501796,17.31270651384515,0.57592074090028,4643,17.31270651384515,11.901027618403024,11.693107329764524,A_if_A_hits_first_else_B
M15,trend_pullback,fixed_tp_plus_mr,"{""adx_threshold"": 18.0, ""atr_stop"": 3.0, ""atr_target"": 3.0, ""confirmation_bars"": 1, ""leg_a_atr_target"": 1.0, ""pullback_rsi"": 25, ""session_filter"": ""NY""}",1.3010185603094753,4.141697189925387,5.5460796429038215,99.43019049484003,24.957807485499647,15.432584282442628,0.5804311774461028,2412,15.432584282442628,13.362194471515974,11.674595723099003,A_if_A_hits_first_else_B
M15,trend_pullback,fixed_tp_plus_mr,"{""adx_threshold"": 15.0, ""atr_stop"": 2.5, ""atr_target"": 2.5, ""confirmation_bars"": 1, ""leg_a_atr_target"": 1.0, ""pullback_rsi"": 30, ""session_filter"": ""NY""}",1.4004412087794598,6.870978979526378,10.340459085798893,163.067595051493,29.028810388098304,17.720208250036112,0.5737459445969554,4007,17.720208250036112,11.484173478730794,11.650039194697388,A_if_A_hits_first_else_B
M15,trend_pullback,fixed_tp_plus_mr,"{""adx_threshold"": 18.0, ""atr_stop"": 2.5, ""atr_target"": 3.0, ""confirmation_bars"": 1, ""leg_a_atr_target"": 1.0, ""pullback_rsi"": 30, ""session_filter"": ""NY""}",1.3640253061266547,5.675995415610395,9.233828683649543,172.88392945529569,23.00917518416942,17.131423856005544,0.5552684467413149,3483,17.131423856005544,11.825408525468847,11.59023724728825,A_if_A_hits_first_else_B
M15,trend_pullback,fixed_tp_plus_mr,"{""adx_threshold"": 18.0, ""atr_stop"": 3.0, ""atr_target"": 2.0, ""confirmation_bars"": 2, ""leg_a_atr_target"": 1.0, ""pullback_rsi"": 25, ""session_filter"": ""London_NY""}",1.4041493307746054,6.941792442148124,7.471453666925232,205.98056461128047,25.20827728693151,17.0504001371712,0.6147110332749562,4568,17.0504001371712,11.865582665802933,11.58798211377616,A_if_A_hits_first_else_B
M15,trend_pullback,fixed_tp_plus_mr,"{""adx_threshold"": 18.0, ""atr_stop"": 2.5, ""atr_target"": 2.0, ""confirmation_bars"": 2, ""leg_a_atr_target"": 1.0, ""pullback_rsi"": 35.0, ""session_filter"": ""NY""}",1.379755582896036,7.136782327021488,9.880431531694096,191.02843819575125,26.271882451421025,17.0086195430095,0.5752372345232716,4426,17.0086195430095,11.901027618403024,11.584430384913894,A_if_A_hits_first_else_B
M15,trend_pullback,fixed_tp_plus_mr,"{""adx_threshold"": 18.0, ""atr_stop"": 1.5, ""atr_target"": 2.0, ""confirmation_bars"": 1, ""leg_a_atr_target"": 1.0, ""pullback_rsi"": 25, ""session_filter"": ""NY""}",1.5260837809567696,7.474673182752286,12.888666757360916,134.94320246875313,27.589282315475945,20.344186390518402,0.5194899817850638,2745,20.344186390518402,9.239438390329568,11.5834292685211,A_if_A_hits_first_else_B
M15,trend_pullback,fixed_tp_plus_mr,"{""adx_threshold"": 18.0, ""atr_stop"": 3.0, ""atr_target"": 2.0, ""confirmation_bars"": 1, ""leg_a_atr_target"": 1.0, ""pullback_rsi"": 35.0, ""session_filter"": ""NY""}",1.3659416663903152,6.840791253842128,8.5544828382422,235.9305467302951,21.46969624643261,16.832157200556793,0.5934869295525034,4514,16.832157200556793,12.004253082366676,11.566357240537943,A_if_A_hits_first_else_B
M15,trend_pullback,fixed_tp_plus_mr,"{""adx_threshold"": 25.0, ""atr_stop"": 3.0, ""atr_target"": 2.0, ""confirmation_bars"": 2, ""leg_a_atr_target"": 1.0, ""pullback_rsi"": 25, ""session_filter"": ""London_NY""}",1.337337869314752,4.430319168742421,4.522957177697052,87.8090479220232,29.984574436286866,15.71577954793506,0.6132113012335854,2513,15.71577954793506,12.76905095861742,11.51406334701806,A_if_A_hits_first_else_B
M15,trend_pullback,fixed_tp_plus_mr,"{""adx_threshold"": 20.0, ""atr_stop"": 3.0, ""atr_target"": 2.0, ""confirmation_bars"": 2, ""leg_a_atr_target"": 1.0, ""pullback_rsi"": 35.0, ""session_filter"": ""NY""}",1.35458850824618,6.071888700968317,7.651846261701622,151.25209841206538,27.325860443608242,16.68363993411331,0.5917653390742734,3716,16.68363993411331,12.004253082366676,11.512105565653897,A_if_A_hits_first_else_B
M15,trend_pullback,fixed_tp_plus_mr,"{""adx_threshold"": 18.0, ""atr_stop"": 3.0, ""atr_target"": 2.0, ""confirmation_bars"": 2, ""leg_a_atr_target"": 1.0, ""pullback_rsi"": 35.0, ""session_filter"": ""NY""}",1.3566946798972404,6.523374539291218,8.232630248526961,202.66630414386196,23.38209528222822,16.58069571024783,0.5920223932820154,4287,16.58069571024783,12.004253082366676,11.476496321631194,A_if_A_hits_first_else_B
M15,trend_pullback,fixed_tp_plus_mr,"{""adx_threshold"": 15.0, ""atr_stop"": 2.5, ""atr_target"": 2.0, ""confirmation_bars"": 2, ""leg_a_atr_target"": 1.5, ""pullback_rsi"": 30, ""session_filter"": ""NY""}",1.3653402773907233,6.301575602897588,10.098033672938026,163.4846562087587,28.41702984255054,20.75230057005694,0.553603335318642,3358,20.75230057005694,8.734984300358237,11.46711619015928,A_if_A_hits_first_else_B
M15,trend_pullback,fixed_tp_plus_mr,"{""adx_threshold"": 20.0, ""atr_stop"": 3.0, ""atr_target"": 2.0, ""confirmation_bars"": 1, ""leg_a_atr_target"": 1.0, ""pullback_rsi"": 35.0, ""session_filter"": ""NY""}",1.3474661760168283,6.123441341118072,7.751677908995814,164.3365910594018,26.10625650345235,16.450203984278005,0.5917689161554193,3912,16.450203984278005,12.004253082366676,11.42897851676567,A_if_A_hits_first_else_B
M15,trend_pullback,fixed_tp_plus_mr,"{""adx_threshold"": 18.0, ""atr_stop"": 2.5, ""atr_target"": 3.0, ""confirmation_bars"": 2, ""leg_a_atr_target"": 1.0, ""pullback_rsi"": 30, ""session_filter"": ""NY""}",1.34944487712555,5.315547398425196,8.688055126674252,148.65733659202306,24.58444196063309,16.65750986084271,0.5530233971437253,3291,16.65750986084271,11.825408525468847,11.421451263181039,A_if_A_hits_first_else_B
M15,trend_pullback,fixed_tp_plus_mr,"{""adx_threshold"": 15.0, ""atr_stop"": 2.5, ""atr_target"": 2.0, ""confirmation_bars"": 1, ""leg_a_atr_target"": 1.5, ""pullback_rsi"": 30, ""session_filter"": ""NY""}",1.360028893709739,6.308546774493527,10.091455907158275,164.86642234130136,28.4198419257573,20.395288719406235,0.5545560069645966,3446,20.395288719406235,8.734984300358237,11.341099765695335,A_if_A_hits_first_else_B
M15,trend_pullback,fixed_tp_plus_mr,"{""adx_threshold"": 20.0, ""atr_stop"": 3.0, ""atr_target"": 2.0, ""confirmation_bars"": 1, ""leg_a_atr_target"": 1.0, ""pullback_rsi"": 25, ""session_filter"": ""London_NY""}",1.383489684151,6.560414858581957,6.796997992584538,162.65617442374818,28.644383416815128,16.332738345312716,0.6162654825893901,4279,16.332738345312716,11.865582665802933,11.33266855730097,A_if_A_hits_first_else_B
M15,trend_pullback,fixed_tp_plus_mr,"{""adx_threshold"": 18.0, ""atr_stop"": 3.0, ""atr_target"": 2.5, ""confirmation_bars"": 1, ""leg_a_atr_target"": 1.5, ""pullback_rsi"": 25, ""session_filter"": ""NY""}",1.2834701469839105,4.017839832283592,5.8266536350723035,88.96251319703664,28.03532837594983,17.977606467770475,0.5617491590581452,2081,17.977606467770475,10.475296919109429,11.26273990671569,A_if_A_hits_first_else_B
M15,trend_pullback,fixed_tp_plus_mr,"{""adx_threshold"": 15.0, ""atr_stop"": 2.0, ""atr_target"": 2.0, ""confirmation_bars"": 1, ""leg_a_atr_target"": 1.5, ""pullback_rsi"": 25, ""session_filter"": ""NY""}",1.3643378345983197,5.650148423004727,10.516681495097105,137.8010461661863,24.22473529270511,19.476043561456816,0.5110851808634772,2571,19.476043561456816,9.184442901009973,11.222482118884038,A_if_A_hits_first_else_B
M15,trend_pullback,fixed_tp_plus_mr,"{""adx_threshold"": 15.0, ""atr_stop"": 1.5, ""atr_target"": 2.0, ""confirmation_bars"": 2, ""leg_a_atr_target"": 1.0, ""pullback_rsi"": 25, ""session_filter"": ""NY""}",1.5039479664104984,7.53943094471511,12.969145937923876,145.41601091113245,26.621228379724105,19.420499179935046,0.5197324414715719,2990,19.420499179935046,9.011088300368579,11.152954041425225,A_if_A_hits_first_else_B
M15,trend_pullback,fixed_tp_plus_mr,"{""adx_threshold"": 15.0, ""atr_stop"": 3.0, ""atr_target"": 2.0, ""confirmation_bars"": 1, ""leg_a_atr_target"": 1.0, ""pullback_rsi"": 25, ""session_filter"": ""London_NY""}",1.4215456102607962,8.094640633109377,8.808054208667341,346.48360806874655,18.62837209673493,17.369283036931854,0.6173304628632938,5574,17.369283036931854,10.550577473467474,11.11131804803867,A_if_A_hits_first_else_B
M15,trend_pullback,fixed_tp_plus_mr,"{""adx_threshold"": 15.0, ""atr_stop"": 3.0, ""atr_target"": 2.0, ""confirmation_bars"": 2, ""leg_a_atr_target"": 1.0, ""pullback_rsi"": 25, ""session_filter"": ""London_NY""}",1.4119017218905587,7.774453522201394,8.441634477068165,325.2601983288063,18.88980120486801,17.101782760123683,0.6134718871775839,5389,17.101782760123683,10.550577473467474,11.015764173481763,A_if_A_hits_first_else_B
M15,trend_pullback,fixed_tp_plus_mr,"{""adx_threshold"": 15.0, ""atr_stop"": 2.0, ""atr_target"": 2.0, ""confirmation_bars"": 2, ""leg_a_atr_target"": 1.5, ""pullback_rsi"": 25, ""session_filter"": ""NY""}",1.3508977897756123,5.387726835359452,10.019790568514846,118.68219994761702,26.500466217234887,18.87080178179364,0.5088,2500,18.87080178179364,9.184442901009973,11.007959487037384,A_if_A_hits_first_else_B
M15,trend_pullback,fixed_tp_plus_mr,"{""adx_threshold"": 25.0, ""atr_stop"": 2.0, ""atr_target"": 2.0, ""confirmation_bars"": 2, ""leg_a_atr_target"": 1.0, ""pullback_rsi"": 25, ""session_filter"": ""NY""}",1.3944839079887514,4.231844607979403,6.06664495585929,55.09498444271901,29.276861133526044,17.829862292003646,0.5733235077376566,1357,17.829862292003646,9.940059887800814,10.992375533309392,A_if_A_hits_first_else_B
M15,trend_pullback,fixed_tp_plus_mr,"{""adx_threshold"": 15.0, ""atr_stop"": 1.5, ""atr_target"": 2.0, ""confirmation_bars"": 1, ""leg_a_atr_target"": 1.0, ""pullback_rsi"": 25, ""session_filter"": ""NY""}",1.4906127016939033,7.498781648896199,12.984861016591807,155.8561141387324,24.979530578181123,18.966608812560732,0.5173757713543359,3079,18.966608812560732,9.011088300368579,10.991425359900898,A_if_A_hits_first_else_B
M15,trend_pullback,fixed_tp_plus_mr,"{""adx_threshold"": 15.0, ""atr_stop"": 2.5, ""atr_target"": 3.0, ""confirmation_bars"": 2, ""leg_a_atr_target"": 1.0, ""pullback_rsi"": 30, ""session_filter"": ""NY""}",1.3630102364379124,5.9547205817112205,9.534218861743568,201.75911132287632,21.21958486516675,16.615438234293922,0.55627425614489,3865,16.615438234293922,10.87529329920119,10.981887413930991,A_if_A_hits_first_else_B
M15,trend_pullback,fixed_tp_plus_mr,"{""adx_threshold"": 20.0, ""atr_stop"": 3.0, ""atr_target"": 2.0, ""confirmation_bars"": 2, ""leg_a_atr_target"": 1.0, ""pullback_rsi"": 25, ""session_filter"": ""London_NY""}",1.3488037237699428,5.753877059259927,5.932565638855206,148.66574006316318,26.76217861612758,15.30238111411217,0.6130769230769231,3900,15.30238111411217,11.865582665802933,10.965106334304567,A_if_A_hits_first_else_B
M15,trend_pullback,fixed_tp_plus_mr,"{""adx_threshold"": 15.0, ""atr_stop"": 2.5, ""atr_target"": 3.0, ""confirmation_bars"": 1, ""leg_a_atr_target"": 1.0, ""pullback_rsi"": 30, ""session_filter"": ""NY""}",1.3618460246756579,6.036377498250349,9.64428543182384,197.06342107706368,22.16014847067863,16.499828724965713,0.5589420654911839,3970,16.499828724965713,10.87529329920119,10.941191243313666,A_if_A_hits_first_else_B
M15,trend_pullback,fixed_tp_plus_mr,"{""adx_threshold"": 25.0, ""atr_stop"": 2.0, ""atr_target"": 2.0, ""confirmation_bars"": 1, ""leg_a_atr_target"": 1.0, ""pullback_rsi"": 25, ""session_filter"": ""NY""}",1.3931076887444935,4.489516655163754,6.623650329002494,97.32257688042198,18.216746748776337,17.681855744371294,0.5711436170212766,1504,17.681855744371294,9.940059887800814,10.940297997789218,A_if_A_hits_first_else_B
M15,trend_pullback,fixed_tp_plus_mr,"{""adx_threshold"": 15.0, ""atr_stop"": 2.0, ""atr_target"": 2.5, ""confirmation_bars"": 1, ""leg_a_atr_target"": 1.0, ""pullback_rsi"": 25, ""session_filter"": ""NY""}",1.3618580527194135,5.60060270580468,9.098653564216798,154.4065201871585,19.801046288137965,15.924013819876224,0.5454861111111111,2880,15.924013819876224,11.143361821093858,10.860289266992798,A_if_A_hits_first_else_B
M15,trend_pullback,fixed_tp_plus_mr,"{""adx_threshold"": 18.0, ""atr_stop"": 2.0, ""atr_target"": 2.5, ""confirmation_bars"": 2, ""leg_a_atr_target"": 1.0, ""pullback_rsi"": 25, ""session_filter"": ""NY""}",1.353703785838804,4.962174070182526,8.085763624174882,110.5038694292143,22.9915805161158,15.898990058348728,0.5402586566541511,2397,15.898990058348728,11.03184704505129,10.799718447862897,A_if_A_hits_first_else_B
M15,trend_pullback,fixed_tp_plus_mr,"{""adx_threshold"": 25.0, ""atr_stop"": 3.0, ""atr_target"": 2.0, ""confirmation_bars"": 2, ""leg_a_atr_target"": 1.0, ""pullback_rsi"": 25, ""session_filter"": ""NY""}",1.307406258783865,3.1989308621603043,3.6665565780159697,49.955628398998996,27.072641880537006,15.898481632797216,0.6175548589341693,1276,15.898481632797216,11.030647853755282,10.789741357425676,A_if_A_hits_first_else_B
M15,trend_pullback,fixed_tp_plus_mr,"{""adx_threshold"": 20.0, ""atr_stop"": 3.0, ""atr_target"": 3.0, ""confirmation_bars"": 2, ""leg_a_atr_target"": 1.0, ""pullback_rsi"": 25, ""session_filter"": ""NY""}",1.241193944866052,3.0397699281647332,4.018657043606453,64.68965433592047,25.695364662684195,12.91884138392072,0.5751295336787565,1930,12.91884138392072,13.362194471515974,10.782820785527651,A_if_A_hits_first_else_B
M15,trend_pullback,fixed_tp_plus_mr,"{""adx_threshold"": 25.0, ""atr_stop"": 3.0, ""atr_target"": 2.5, ""confirmation_bars"": 1, ""leg_a_atr_target"": 1.0, ""pullback_rsi"": 25, ""session_filter"": ""London_NY""}",1.324801337025966,4.4152122606437265,4.918333748534544,100.52206447037787,28.21577898568887,15.465149150934264,0.5874227553616866,2751,15.465149150934264,11.298558362828242,10.762113733504895,A_if_A_hits_first_else_B
M15,trend_pullback,fixed_tp_plus_mr,"{""adx_threshold"": 25.0, ""atr_stop"": 2.5, ""atr_target"": 2.0, ""confirmation_bars"": 1, ""leg_a_atr_target"": 1.0, ""pullback_rsi"": 25, ""session_filter"": ""NY""}",1.3368375394897294,3.8353605480284916,4.978892782290149,87.03724104393767,18.155401338011885,16.324339282086456,0.6046831955922864,1452,16.324339282086456,10.611363038775856,10.75599962407734,A_if_A_hits_first_else_B
M15,trend_pullback,fixed_tp_plus_mr,"{""adx_threshold"": 15.0, ""atr_stop"": 3.0, ""atr_target"": 2.0, ""confirmation_bars"": 1, ""leg_a_atr_target"": 1.0, ""pullback_rsi"": 35.0, ""session_filter"": ""NY""}",1.3585891324972184,7.172386618898437,8.936917877253455,260.55317210686513,21.0875011387046,15.987629428215214,0.5918525703200775,5155,15.987629428215214,10.84220471210146,10.746380246820426,A_if_A_hits_first_else_B
M15,trend_pullback,fixed_tp_plus_mr,"{""adx_threshold"": 18.0, ""atr_stop"": 2.0, ""atr_target"": 2.5, ""confirmation_bars"": 1, ""leg_a_atr_target"": 1.0, ""pullback_rsi"": 25, ""session_filter"": ""NY""}",1.3508881954592196,5.139076045500471,8.287842682676107,115.59387749818099,23.293750771262808,15.72176901397338,0.5430128454651615,2569,15.72176901397338,11.03184704505129,10.737127964255608,A_if_A_hits_first_else_B
M15,trend_pullback,fixed_tp_plus_mr,"{""adx_threshold"": 18.0, ""atr_stop"": 3.0, ""atr_target"": 2.0, ""confirmation_bars"": 1, ""leg_a_atr_target"": 1.0, ""pullback_rsi"": 30, ""session_filter"": ""London_NY""}",1.3676173445523196,7.783813813779813,8.70115370333414,264.08658257784384,26.25108724836471,15.435416180139775,0.5998218791747069,6737,15.435416180139775,11.22429319245554,10.726851068564377,A_if_A_hits_first_else_B
M15,trend_pullback,fixed_tp_plus_mr,"{""adx_threshold"": 15.0, ""atr_stop"": 2.0, ""atr_target"": 2.5, ""confirmation_bars"": 2, ""leg_a_atr_target"": 1.0, ""pullback_rsi"": 25, ""session_filter"": ""NY""}",1.3489268834608936,5.343909064363601,8.646552360161396,164.81795775659705,17.503250732525306,15.427005560622893,0.5429590017825312,2805,15.427005560622893,11.143361821093858,10.683750142402427,A_if_A_hits_first_else_B
M15,trend_pullback,fixed_tp_plus_mr,"{""adx_threshold"": 15.0, ""atr_stop"": 3.0, ""atr_target"": 2.0, ""confirmation_bars"": 2, ""leg_a_atr_target"": 1.0, ""pullback_rsi"": 35.0, ""session_filter"": ""NY""}",1.351450998513672,6.945507946222,8.60895787928458,254.10238889084988,20.875997411447827,15.784489623273483,0.5885736956952986,5041,15.784489623273483,10.84220471210146,10.67385368829411,A_if_A_hits_first_else_B
M15,trend_pullback,fixed_tp_plus_mr,"{""adx_threshold"": 15.0, ""atr_stop"": 2.5, ""atr_target"": 2.0, ""confirmation_bars"": 2, ""leg_a_atr_target"": 1.0, ""pullback_rsi"": 35.0, ""session_filter"": ""NY""}",1.3676474148223436,7.492257623216206,10.283732977472056,229.72058483712303,24.06938774969386,15.99894048186102,0.5698302469135802,5184,15.99894048186102,10.524767312255086,10.609303942130614,A_if_A_hits_first_else_B
M15,trend_pullback,fixed_tp_plus_mr,"{""adx_threshold"": 18.0, ""atr_stop"": 3.0, ""atr_target"": 2.5, ""confirmation_bars"": 2, ""leg_a_atr_target"": 1.0, ""pullback_rsi"": 35.0, ""session_filter"": ""NY""}",1.3274225105656419,5.878394647848605,7.990609558043458,199.00181369277766,22.261802120147813,15.650514594839166,0.5699481865284974,4246,15.650514594839166,10.790180212902042,10.598745706112755,A_if_A_hits_first_else_B
M15,trend_pullback,fixed_tp_plus_mr,"{""adx_threshold"": 20.0, ""atr_stop"": 3.0, ""atr_target"": 2.0, ""confirmation_bars"": 1, ""leg_a_atr_target"": 1.0, ""pullback_rsi"": 30, ""session_filter"": ""London_NY""}",1.3524673934726539,7.0146685557569155,7.75962116863539,199.95215608601518,29.532226002094664,15.066420130477033,0.6006123490389522,5879,15.066420130477033,11.22429319245554,10.594672460966487,A_if_A_hits_first_else_B
M15,trend_pullback,fixed_tp_plus_mr,"{""adx_threshold"": 15.0, ""atr_stop"": 2.5, ""atr_target"": 3.0, ""confirmation_bars"": 1, ""leg_a_atr_target"": 1.0, ""pullback_rsi"": 25, ""session_filter"": ""NY""}",1.2864938937692516,4.344218023391609,6.438627516296285,92.63229832649331,27.57501672280541,13.912511848719808,0.5686274509803921,2754,13.912511848719808,12.098355285103494,10.570937804102357,A_if_A_hits_first_else_B
M15,trend_pullback,fixed_tp_plus_mr,"{""adx_threshold"": 18.0, ""atr_stop"": 2.5, ""atr_target"": 2.5, ""confirmation_bars"": 2, ""leg_a_atr_target"": 1.0, ""pullback_rsi"": 35.0, ""session_filter"": ""NY""}",1.3377814376578645,6.211682201057882,9.230615095545167,211.36366841222238,21.44588106170658,15.56264623552705,0.5525291828793775,4369,15.56264623552705,10.783950731572203,10.567260299173531,A_if_A_hits_first_else_B
M15,trend_pullback,fixed_tp_plus_mr,"{""adx_threshold"": 20.0, ""atr_stop"": 2.0, ""atr_target"": 2.5, ""confirmation_bars"": 2, ""leg_a_atr_target"": 1.0, ""pullback_rsi"": 25, ""session_filter"": ""NY""}",1.3305665098435038,4.3826568672987145,6.96311601216263,87.6493122023171,24.1365452496797,15.241726153274717,0.5408261287223823,2082,15.241726153274717,11.03184704505129,10.565048625887933,A_if_A_hits_first_else_B
M15,trend_pullback,fixed_tp_plus_mr,"{""adx_threshold"": 25.0, ""atr_stop"": 2.5, ""atr_target"": 2.0, ""confirmation_bars"": 2, ""leg_a_atr_target"": 1.0, ""pullback_rsi"": 25, ""session_filter"": null}",1.3579679558023168,6.042461547721986,7.238214067024327,136.72905852419575,29.99785780546515,15.93052377842032,0.5859658208182289,3862,15.93052377842032,10.457620707387173,10.553206231931803,A_if_A_hits_first_else_B
M15,trend_pullback,fixed_tp_plus_mr,"{""adx_threshold"": 25.0, ""atr_stop"": 3.0, ""atr_target"": 2.0, ""confirmation_bars"": 1, ""leg_a_atr_target"": 1.0, ""pullback_rsi"": 45.0, ""session_filter"": ""NY""}",1.2928849501749484,5.0627868325287295,6.545735398717887,200.34838675848923,18.07062650498537,14.389590095345833,0.5620031796502385,3774,14.389590095345833,11.64647023526094,10.535845129273454,A_if_A_hits_first_else_B
M15,trend_pullback,fixed_tp_plus_mr,"{""adx_threshold"": 18.0, ""atr_stop"": 3.0, ""atr_target"": 2.0, ""confirmation_bars"": 2, ""leg_a_atr_target"": 1.0, ""pullback_rsi"": 30, ""session_filter"": ""London_NY""}",1.3525845369211313,7.274290236599413,8.115774274237367,215.8645291414623,29.377388447104114,14.893227159558363,0.5987161421637701,6387,14.893227159558363,11.22429319245554,10.534078349834648,A_if_A_hits_first_else_B
M15,trend_pullback,fixed_tp_plus_mr,"{""adx_threshold"": 15.0, ""atr_stop"": 2.5, ""atr_target"": 2.0, ""confirmation_bars"": 1, ""leg_a_atr_target"": 1.0, ""pullback_rsi"": 35.0, ""session_filter"": ""NY""}",1.361284106678604,7.484769879052164,10.24669838697869,226.59490381114583,24.525294817790773,15.701563816662182,0.5720474665662083,5309,15.701563816662182,10.524767312255086,10.503949447682272,A_if_A_hits_first_else_B
M15,trend_pullback,fixed_tp_plus_mr,"{""adx_threshold"": 18.0, ""atr_stop"": 2.5, ""atr_target"": 3.0, ""confirmation_bars"": 1, ""leg_a_atr_target"": 1.0, ""pullback_rsi"": 25, ""session_filter"": ""NY""}",1.2776356766922146,3.99049683480738,5.912673155279692,83.27979037632821,27.035747902439855,13.69544658140177,0.5640713706407137,2466,13.69544658140177,12.089409292624762,10.489167620510205,A_if_A_hits_first_else_B
M15,trend_pullback,fixed_tp_plus_mr,"{""adx_threshold"": 25.0, ""atr_stop"": 3.0, ""atr_target"": 2.0, ""confirmation_bars"": 1, ""leg_a_atr_target"": 1.0, ""pullback_rsi"": 40.0, ""session_filter"": ""NY""}",1.288104169537936,4.656684614961345,5.767475439935594,121.75926057157557,24.678414682608512,14.11599838944466,0.578766050735985,3193,14.11599838944466,11.737839961963893,10.48024825309697,A_if_A_hits_first_else_B
M15,trend_pullback,fixed_tp_plus_mr,"{""adx_threshold"": 15.0, ""atr_stop"": 2.5, ""atr_target"": 3.0, ""confirmation_bars"": 2, ""leg_a_atr_target"": 1.0, ""pullback_rsi"": 25, ""session_filter"": ""NY""}",1.2816796526472738,4.218738889799608,6.2323545165572565,84.1873922704625,29.06354319124355,13.648850379755027,0.5663815544812197,2689,13.648850379755027,12.098355285103494,10.477693441740287,A_if_A_hits_first_else_B
M15,trend_pullback,fixed_tp_plus_mr,"{""adx_threshold"": 25.0, ""atr_stop"": 3.0, ""atr_target"": 2.0, ""confirmation_bars"": 1, ""leg_a_atr_target"": 1.0, ""pullback_rsi"": 30, ""session_filter"": ""London_NY""}",1.3473782405509027,5.585606018444786,6.0900550643780145,149.60450375552483,26.55620106300871,15.703269887997449,0.6055335968379446,3795,15.703269887997449,10.250315723199913,10.378262184349248,A_if_A_hits_first_else_B
M15,trend_pullback,fixed_tp_plus_mr,"{""adx_threshold"": 18.0, ""atr_stop"": 3.0, ""atr_target"": 2.5, ""confirmation_bars"": 1, ""leg_a_atr_target"": 1.0, ""pullback_rsi"": 35.0, ""session_filter"": ""NY""}",1.316860102974869,5.857132248639528,7.8651815965422385,212.77297851400215,21.02653925951997,15.016377442681831,0.5694786305661221,4469,15.016377442681831,10.790180212902042,10.374685221339533,A_if_A_hits_first_else_B
M15,trend_pullback,fixed_tp_plus_mr,"{""adx_threshold"": 20.0, ""atr_stop"": 3.0, ""atr_target"": 2.5, ""confirmation_bars"": 2, ""leg_a_atr_target"": 1.0, ""pullback_rsi"": 35.0, ""session_filter"": ""NY""}",1.3056387564959575,5.160728693689622,7.006606603155865,150.8442525422062,24.371069071075752,14.980585565121858,0.5691388209725619,3681,14.980585565121858,10.790180212902042,10.35991379489776,A_if_A_hits_first_else_B
M15,trend_pullback,fixed_tp_plus_mr,"{""adx_threshold"": 18.0, ""atr_stop"": 2.5, ""atr_target"": 3.0, ""confirmation_bars"": 2, ""leg_a_atr_target"": 1.0, ""pullback_rsi"": 25, ""session_filter"": ""NY""}",1.2663370331143033,3.6846270346367334,5.542001723066831,68.86202658863225,29.504950364535638,13.325999189979845,0.5592479230432882,2287,13.325999189979845,12.089409292624762,10.35760130479695,A_if_A_hits_first_else_B
M15,trend_pullback,fixed_tp_plus_mr,"{""adx_threshold"": 20.0, ""atr_stop"": 2.5, ""atr_target"": 3.0, ""confirmation_bars"": 2, ""leg_a_atr_target"": 1.0, ""pullback_rsi"": 25, ""session_filter"": ""NY""}",1.2634127132717072,3.406924027463453,4.999570001869463,94.55602715831306,18.640359120829938,13.325793623512375,0.563508064516129,1984,13.325793623512375,12.089409292624762,10.356944492564814,A_if_A_hits_first_else_B
M15,trend_pullback,fixed_tp_plus_mr,"{""adx_threshold"": 18.0, ""atr_stop"": 2.5, ""atr_target"": 2.5, ""confirmation_bars"": 1, ""leg_a_atr_target"": 1.0, ""pullback_rsi"": 35.0, ""session_filter"": ""NY""}",1.3264707384355716,6.1811529618536705,9.093276980344095,234.47330516276867,19.43582880233004,14.925271892554784,0.5519650655021834,4580,14.925271892554784,10.783950731572203,10.341917139288782,A_if_A_hits_first_else_B
M15,trend_pullback,fixed_tp_plus_mr,"{""adx_threshold"": 20.0, ""atr_stop"": 2.5, ""atr_target"": 2.5, ""confirmation_bars"": 1, ""leg_a_atr_target"": 1.0, ""pullback_rsi"": 35.0, ""session_filter"": ""NY""}",1.3130032551883661,5.562442636696513,8.307407564653127,137.44478576338443,28.82572845341183,14.883343620408281,0.549962434259955,3993,14.883343620408281,10.783950731572203,10.324548747388063,A_if_A_hits_first_else_B
M15,trend_pullback,fixed_tp_plus_mr,"{""adx_threshold"": 25.0, ""atr_stop"": 3.0, ""atr_target"": 2.0, ""confirmation_bars"": 1, ""leg_a_atr_target"": 1.0, ""pullback_rsi"": 25, ""session_filter"": ""NY""}",1.2814378146135845,3.135305366657183,3.6321769333683753,71.20043908351155,19.12004885648031,14.54440036196143,0.6168091168091168,1404,14.54440036196143,11.030647853755282,10.310619223799094,A_if_A_hits_first_else_B
M15,trend_pullback,fixed_tp_plus_mr,"{""adx_threshold"": 25.0, ""atr_stop"": 3.0, ""atr_target"": 2.0, ""confirmation_bars"": 1, ""leg_a_atr_target"": 1.0, ""pullback_rsi"": 25, ""session_filter"": ""London""}",1.4020034288153906,4.910821926565125,4.941585860662014,81.91515512917762,29.913279734776665,16.241831307313618,0.6146707909854175,2263,16.241831307313618,9.602455423307125,10.286146583811052,A_if_A_hits_first_else_B
M15,trend_pullback,fixed_tp_plus_mr,"{""adx_threshold"": 15.0, ""atr_stop"": 2.5, ""atr_target"": 2.0, ""confirmation_bars"": 1, ""leg_a_atr_target"": 1.0, ""pullback_rsi"": 25, ""session_filter"": ""London_NY""}",1.4159837694021662,8.330484419699822,10.021009209496166,248.84427616944026,25.70067466845006,16.577153408337743,0.5958182132365647,5787,16.577153408337743,9.322513546229136,10.280331542601756,A_if_A_hits_first_else_B
M15,trend_pullback,fixed_tp_plus_mr,"{""adx_threshold"": 15.0, ""atr_stop"": 2.5, ""atr_target"": 2.0, ""confirmation_bars"": 2, ""leg_a_atr_target"": 1.0, ""pullback_rsi"": 25, ""session_filter"": ""London_NY""}",1.414115428314483,8.130555824631486,9.804764518004779,216.51533772776978,28.50184692826769,16.547426743490515,0.59242045048266,5594,16.547426743490515,9.322513546229136,10.269553541687687,A_if_A_hits_first_else_B
M15,trend_pullback,fixed_tp_plus_mr,"{""adx_threshold"": 25.0, ""atr_stop"": 3.0, ""atr_target"": 2.0, ""confirmation_bars"": 2, ""leg_a_atr_target"": 1.0, ""pullback_rsi"": 25, ""session_filter"": null}",1.3365417632324832,5.484379434950867,5.836052288743842,144.92955133399948,27.300871366203587,15.788918747530424,0.6126629422718808,3759,15.788918747530424,9.901394556183918,10.249057464564908,A_if_A_hits_first_else_B
M15,trend_pullback,fixed_tp_plus_mr,"{""adx_threshold"": 20.0, ""atr_stop"": 2.5, ""atr_target"": 3.0, ""confirmation_bars"": 1, ""leg_a_atr_target"": 1.0, ""pullback_rsi"": 25, ""session_filter"": ""NY""}",1.2568565912565723,3.466183073932208,5.147546997150032,71.00620813835035,26.19081029913785,12.974721819157901,0.5595348837209302,2150,12.974721819157901,12.089409292624762,10.232758136637722,A_if_A_hits_first_else_B
M15,trend_pullback,fixed_tp_plus_mr,"{""adx_threshold"": 20.0, ""atr_stop"": 3.0, ""atr_target"": 2.0, ""confirmation_bars"": 2, ""leg_a_atr_target"": 1.0, ""pullback_rsi"": 30, ""session_filter"": ""London_NY""}",1.3120133233531557,6.0678797564021805,6.720725259814004,195.586721950178,25.620137369731328,13.822063306525363,0.596358955498345,5438,13.822063306525363,11.22429319245554,10.151056758559502,A_if_A_hits_first_else_B
M15,trend_pullback,fixed_tp_plus_mr,"{""adx_threshold"": 20.0, ""atr_stop"": 3.0, ""atr_target"": 2.5, ""confirmation_bars"": 1, ""leg_a_atr_target"": 1.0, ""pullback_rsi"": 35.0, ""session_filter"": ""NY""}",1.289161052130709,5.039311236382822,6.865940164053517,146.67002364576908,25.164671214706264,14.283680039082723,0.5668214654282766,3876,14.283680039082723,10.790180212902042,10.112701319911013,A_if_A_hits_first_else_B
M15,trend_pullback,fixed_tp_plus_mr,"{""adx_threshold"": 20.0, ""atr_stop"": 2.0, ""atr_target"": 2.5, ""confirmation_bars"": 1, ""leg_a_atr_target"": 1.0, ""pullback_rsi"": 25, ""session_filter"": ""NY""}",1.3017436345414755,4.214455630609479,6.767473282226883,82.86153677412089,25.21586041947348,13.923311497818535,0.5357618836072856,2251,13.923311497818535,11.03184704505129,10.097838921417862,A_if_A_hits_first_else_B
M15,trend_pullback,fixed_tp_plus_mr,"{""adx_threshold"": 18.0, ""atr_stop"": 3.0, ""atr_target"": 2.0, ""confirmation_bars"": 1, ""leg_a_atr_target"": 1.0, ""pullback_rsi"": 40.0, ""session_filter"": ""NY""}",1.293823495791596,6.334733571533813,7.926414882037325,197.89495397215558,25.390042698096565,13.543291997549584,0.5725067385444744,5565,13.543291997549584,11.259236910198918,10.065573507890187,A_if_A_hits_first_else_B
M15,trend_pullback,fixed_tp_plus_mr,"{""adx_threshold"": 18.0, ""atr_stop"": 2.5, ""atr_target"": 2.0, ""confirmation_bars"": 1, ""leg_a_atr_target"": 1.0, ""pullback_rsi"": 40.0, ""session_filter"": ""NY""}",1.3261884086919706,7.236789238188488,10.080919985750956,189.7458358744026,28.94153380707732,14.383277956289042,0.5561375938536756,5727,14.383277956289042,10.57485569256888,10.058070028095555,A_if_A_hits_first_else_B
M15,trend_pullback,fixed_tp_plus_mr,"{""adx_threshold"": 25.0, ""atr_stop"": 3.0, ""atr_target"": 2.0, ""confirmation_bars"": 2, ""leg_a_atr_target"": 1.0, ""pullback_rsi"": 45.0, ""session_filter"": ""NY""}",1.2536400016591667,4.34576090114949,5.55912806584112,139.28786225245494,22.163086174193275,12.759915517168594,0.5604849820887297,3629,12.759915517168594,11.64647023526094,9.957610037208264,A_if_A_hits_first_else_B
M15,trend_pullback,fixed_tp_plus_mr,"{""adx_threshold"": 25.0, ""atr_stop"": 3.0, ""atr_target"": 2.0, ""confirmation_bars"": 2, ""leg_a_atr_target"": 1.0, ""pullback_rsi"": 30, ""session_filter"": ""London_NY""}",1.3125197328874645,4.870067386151201,5.272452473157965,119.01059864845301,28.61509484485535,14.499714311106265,0.6017598637524837,3523,14.499714311106265,10.250315723199913,9.950046030904646,A_if_A_hits_first_else_B
M15,trend_pullback,fixed_tp_plus_mr,"{""adx_threshold"": 20.0, ""atr_stop"": 3.0, ""atr_target"": 2.0, ""confirmation_bars"": 1, ""leg_a_atr_target"": 1.0, ""pullback_rsi"": 40.0, ""session_filter"": ""NY""}",1.2758727180796634,5.574269120042466,7.100837502218266,140.9557588950162,29.894341267880126,13.132493954126257,0.5694992728028256,4813,13.132493954126257,11.259236910198918,9.918204037149636,A_if_A_hits_first_else_B
M15,trend_pullback,fixed_tp_plus_mr,"{""adx_threshold"": 18.0, ""atr_stop"": 3.0, ""atr_target"": 2.0, ""confirmation_bars"": 1, ""leg_a_atr_target"": 1.0, ""pullback_rsi"": 45.0, ""session_filter"": ""NY""}",1.2961092830031293,6.87541317763445,8.945279926065254,289.6060492754111,20.36056657128719,13.358729600633186,0.5568645219755324,6621,13.358729600633186,11.06466528596048,9.913876595504455,A_if_A_hits_first_else_B
M15,trend_pullback,fixed_tp_plus_mr,"{""adx_threshold"": 18.0, ""atr_stop"": 3.0, ""atr_target"": 2.5, ""confirmation_bars"": 1, ""leg_a_atr_target"": 1.0, ""pullback_rsi"": 25, ""session_filter"": ""London_NY""}",1.3436310460476588,6.166966081856468,7.032265888603776,196.33531294027378,24.889272536426862,15.041996036204987,0.5838292632875026,4873,15.041996036204987,9.66117562132258,9.880953851476438,A_if_A_hits_first_else_B
M15,trend_pullback,fixed_tp_plus_mr,"{""adx_threshold"": 25.0, ""atr_stop"": 3.0, ""atr_target"": 2.5, ""confirmation_bars"": 1, ""leg_a_atr_target"": 1.0, ""pullback_rsi"": 35.0, ""session_filter"": ""NY""}",1.2607240218813378,3.6966803940189337,4.980108847382257,79.64209529926363,29.0836937591953,13.587913433854713,0.5741102854908096,2557,13.587913433854713,10.827024872029014,9.880075698638475,A_if_A_hits_first_else_B
M15,trend_pullback,fixed_tp_plus_mr,"{""adx_threshold"": 18.0, ""atr_stop"": 3.0, ""atr_target"": 2.0, ""confirmation_bars"": 1, ""leg_a_atr_target"": 1.5, ""pullback_rsi"": 35.0, ""session_filter"": ""NY""}",1.262856246927436,4.984722994298923,6.922284627155309,164.285530456961,24.479329387669527,16.0564264586797,0.5669417088102209,3757,16.0564264586797,8.88017753193564,9.868400399294421,A_if_A_hits_first_else_B
M15,trend_pullback,fixed_tp_plus_mr,"{""adx_threshold"": 15.0, ""atr_stop"": 2.0, ""atr_target"": 2.0, ""confirmation_bars"": 1, ""leg_a_atr_target"": 1.0, ""pullback_rsi"": 25, ""session_filter"": ""London_NY""}",1.4443237921144356,9.314867768318386,12.771866796743481,307.9429803277378,21.716333638671465,16.436324354786105,0.5590693101753236,6103,16.436324354786105,8.450029285082064,9.844091460884952,A_if_A_hits_first_else_B
M15,trend_pullback,fixed_tp_plus_mr,"{""adx_threshold"": 25.0, ""atr_stop"": 3.0, ""atr_target"": 2.0, ""confirmation_bars"": 2, ""leg_a_atr_target"": 1.0, ""pullback_rsi"": 40.0, ""session_filter"": ""NY""}",1.244716134269076,3.904606731086028,4.769970626489316,150.21985530790886,16.633463210958755,12.312794530977225,0.5768725361366623,3044,12.312794530977225,11.737839961963893,9.840449295579594,A_if_A_hits_first_else_B
M15,trend_pullback,fixed_tp_plus_mr,"{""adx_threshold"": 15.0, ""atr_stop"": 2.0, ""atr_target"": 2.0, ""confirmation_bars"": 2, ""leg_a_atr_target"": 1.0, ""pullback_rsi"": 25, ""session_filter"": ""London_NY""}",1.4408013974719636,9.06709544088867,12.398483903454778,284.19191844128346,22.671695124855155,16.403035977210948,0.5573659198913782,5892,16.403035977210948,8.450029285082064,9.831736049805153,A_if_A_hits_first_else_B
M15,trend_pullback,fixed_tp_plus_mr,"{""adx_threshold"": 18.0, ""atr_stop"": 2.5, ""atr_target"": 3.0, ""confirmation_bars"": 2, ""leg_a_atr_target"": 1.0, ""pullback_rsi"": 35.0, ""session_filter"": ""NY""}",1.3037210913994115,5.419339499701162,8.502391965888952,190.795445649082,21.736230981923697,14.340158633912575,0.5382664822498847,4338,14.340158633912575,10.101211162731332,9.825344763378382,A_if_A_hits_first_else_B
M15,trend_pullback,fixed_tp_plus_mr,"{""adx_threshold"": 18.0, ""atr_stop"": 3.0, ""atr_target"": 2.0, ""confirmation_bars"": 2, ""leg_a_atr_target"": 1.5, ""pullback_rsi"": 35.0, ""session_filter"": ""NY""}",1.259350777927063,4.806833588029037,6.757681529153242,135.75599317931847,28.006819745143975,15.881761195890475,0.5636313004734057,3591,15.881761195890475,8.88017753193564,9.806566463518118,A_if_A_hits_first_else_B
M15,trend_pullback,fixed_tp_plus_mr,"{""adx_threshold"": 20.0, ""atr_stop"": 3.0, ""atr_target"": 2.0, ""confirmation_bars"": 2, ""leg_a_atr_target"": 1.0, ""pullback_rsi"": 45.0, ""session_filter"": ""NY""}",1.2781926787370836,5.938560155243863,7.780953186547613,190.48229310644444,25.2484645987826,13.012406477794913,0.5546536796536796,5544,13.012406477794913,11.06466528596048,9.789080181657853,A_if_A_hits_first_else_B
M15,trend_pullback,fixed_tp_plus_mr,"{""adx_threshold"": 18.0, ""atr_stop"": 3.0, ""atr_target"": 2.0, ""confirmation_bars"": 2, ""leg_a_atr_target"": 1.0, ""pullback_rsi"": 40.0, ""session_filter"": ""NY""}",1.2709277891561201,5.7696288565433935,7.27352108826157,165.87424754150933,27.166381851856254,12.684002105747712,0.5687746293863765,5329,12.684002105747712,11.259236910198918,9.760242904432436,A_if_A_hits_first_else_B
M15,trend_pullback,fixed_tp_plus_mr,"{""adx_threshold"": 18.0, ""atr_stop"": 3.0, ""atr_target"": 2.0, ""confirmation_bars"": 2, ""leg_a_atr_target"": 1.0, ""pullback_rsi"": 45.0, ""session_filter"": ""NY""}",1.282917209085595,6.493897890666311,8.496740496369178,253.20912801570907,21.741544533235523,12.92290500698422,0.5553990610328638,6390,12.92290500698422,11.06466528596048,9.758699572943812,A_if_A_hits_first_else_B
M15,trend_pullback,fixed_tp_plus_mr,"{""adx_threshold"": 20.0, ""atr_stop"": 3.0, ""atr_target"": 2.0, ""confirmation_bars"": 1, ""leg_a_atr_target"": 1.0, ""pullback_rsi"": 45.0, ""session_filter"": ""NY""}",1.272454964654569,5.9245054483174435,7.742654784449416,192.42181927864937,25.299750455056408,12.777490839521764,0.5560804899387577,5715,12.777490839521764,11.06466528596048,9.705712165445746,A_if_A_hits_first_else_B
M15,trend_pullback,fixed_tp_plus_mr,"{""adx_threshold"": 15.0, ""atr_stop"": 3.0, ""atr_target"": 2.5, ""confirmation_bars"": 1, ""leg_a_atr_target"": 1.0, ""pullback_rsi"": 35.0, ""session_filter"": ""NY""}",1.3052629172584884,6.052526550829544,8.0459051535561,221.40277045722036,21.474906687960058,13.970432427104763,0.5694417238001959,5105,13.970432427104763,10.113337246424589,9.701705693829428,A_if_A_hits_first_else_B
M15,trend_pullback,fixed_tp_plus_mr,"{""adx_threshold"": 25.0, ""atr_stop"": 2.5, ""atr_target"": 2.0, ""confirmation_bars"": 1, ""leg_a_atr_target"": 1.0, ""pullback_rsi"": 45.0, ""session_filter"": ""NY""}",1.2988722579728982,5.3457628376023445,7.657241594421456,163.37111832813505,22.429677850311407,14.184625370884536,0.5445161290322581,3875,14.184625370884536,9.903840641806244,9.681121620216976,A_if_A_hits_first_else_B
M15,trend_pullback,fixed_tp_plus_mr,"{""adx_threshold"": 15.0, ""atr_stop"": 3.0, ""atr_target"": 2.5, ""confirmation_bars"": 2, ""leg_a_atr_target"": 1.0, ""pullback_rsi"": 35.0, ""session_filter"": ""NY""}",1.3022546091590268,5.908667276751109,7.827004864874416,233.07201426767526,19.864028311740416,13.905934391532252,0.5662795354425311,4994,13.905934391532252,10.113337246424589,9.67852971975916,A_if_A_hits_first_else_B
M15,trend_pullback,fixed_tp_plus_mr,"{""adx_threshold"": 18.0, ""atr_stop"": 2.5, ""atr_target"": 3.0, ""confirmation_bars"": 1, ""leg_a_atr_target"": 1.0, ""pullback_rsi"": 35.0, ""session_filter"": ""NY""}",1.2960723408661428,5.436400330669052,8.438714593618373,241.56395042773966,17.40193462726346,13.861332403760292,0.5385799076720158,4549,13.861332403760292,10.101211162731332,9.656225832718428,A_if_A_hits_first_else_B
M15,trend_pullback,fixed_tp_plus_mr,"{""adx_threshold"": 15.0, ""atr_stop"": 3.0, ""atr_target"": 2.0, ""confirmation_bars"": 1, ""leg_a_atr_target"": 1.0, ""pullback_rsi"": 30, ""session_filter"": ""London_NY""}",1.3509145734280876,8.058005019805627,8.934706277452145,493.5571208455546,15.035937291948473,14.319064675254113,0.6040648314895807,7774,14.319064675254113,9.64689082901781,9.622956424082572,A_if_A_hits_first_else_B
M15,trend_pullback,fixed_tp_plus_mr,"{""adx_threshold"": 25.0, ""atr_stop"": 2.0, ""atr_target"": 2.0, ""confirmation_bars"": 2, ""leg_a_atr_target"": 1.0, ""pullback_rsi"": 25, ""session_filter"": null}",1.3797796403941422,6.542744942493641,8.822810664352543,162.57337254332884,26.08399007589199,15.690289477150245,0.5500740009866798,4054,15.690289477150245,8.561806090034505,9.62036998559694,A_if_A_hits_first_else_B
M15,trend_pullback,fixed_tp_plus_mr,"{""adx_threshold"": 18.0, ""atr_stop"": 2.5, ""atr_target"": 2.0, ""confirmation_bars"": 1, ""leg_a_atr_target"": 1.0, ""pullback_rsi"": 45.0, ""session_filter"": ""NY""}",1.3082805726625444,7.412871426535599,10.623829415541335,248.72626129175075,24.64990483848552,13.423760045994598,0.5400671434827032,6851,13.423760045994598,10.22546218729869,9.561430114915028,A_if_A_hits_first_else_B
M15,trend_pullback,fixed_tp_plus_mr,"{""adx_threshold"": 18.0, ""atr_stop"": 3.0, ""atr_target"": 3.0, ""confirmation_bars"": 2, ""leg_a_atr_target"": 1.0, ""pullback_rsi"": 35.0, ""session_filter"": ""NY""}",1.2732001308210978,4.80386995183629,6.878722321758326,187.6206293068022,20.30138492979906,13.593713834148948,0.5517487508922199,4203,13.593713834148948,10.091596910206167,9.553658477709126,A_if_A_hits_first_else_B
M15,trend_pullback,fixed_tp_plus_mr,"{""adx_threshold"": 25.0, ""atr_stop"": 3.0, ""atr_target"": 2.5, ""confirmation_bars"": 1, ""leg_a_atr_target"": 1.0, ""pullback_rsi"": 30, ""session_filter"": ""London_NY""}",1.3092193114424473,4.86691603447261,5.75070708668537,141.51116386566625,25.96798535682861,14.64825869422559,0.5795907520595269,3763,14.64825869422559,9.249215283217167,9.55088128271517,A_if_A_hits_first_else_B
M15,trend_pullback,fixed_tp_plus_mr,"{""adx_threshold"": 25.0, ""atr_stop"": 3.0, ""atr_target"": 3.0, ""confirmation_bars"": 1, ""leg_a_atr_target"": 1.0, ""pullback_rsi"": 25, ""session_filter"": ""London_NY""}",1.2519334515190146,3.4359119831211706,4.017332290181926,81.87307785429509,28.356847831775728,12.75638686941413,0.5659340659340659,2730,12.75638686941413,10.670062132239767,9.516650054106643,A_if_A_hits_first_else_B
M15,trend_pullback,fixed_tp_plus_mr,"{""adx_threshold"": 20.0, ""atr_stop"": 2.5, ""atr_target"": 2.0, ""confirmation_bars"": 2, ""leg_a_atr_target"": 1.0, ""pullback_rsi"": 45.0, ""session_filter"": ""NY""}",1.2964179477850357,6.523977475276354,9.417766044922535,173.30314339837042,29.221728791171458,13.252488106362556,0.5396022330774599,5732,13.252488106362556,10.22546218729869,9.499112411068314,A_if_A_hits_first_else_B
M15,trend_pullback,fixed_tp_plus_mr,"{""adx_threshold"": 15.0, ""atr_stop"": 1.5, ""atr_target"": 2.0, ""confirmation_bars"": 2, ""leg_a_atr_target"": 1.0, ""pullback_rsi"": 30, ""session_filter"": ""NY""}",1.4621069494867764,8.309728555263202,15.187042360124996,174.5871978104963,29.35359603094787,17.546548995792644,0.507190139237617,4381,17.546548995792644,6.778650360033519,9.484106200439863,A_if_A_hits_first_else_B
M15,trend_pullback,fixed_tp_plus_mr,"{""adx_threshold"": 25.0, ""atr_stop"": 2.5, ""atr_target"": 2.0, ""confirmation_bars"": 1, ""leg_a_atr_target"": 1.0, ""pullback_rsi"": 40.0, ""session_filter"": ""NY""}",1.2876385167485846,4.821715001870758,6.624993831514726,109.66393046153117,27.131359152404144,13.711204992700793,0.5594470046082949,3255,13.711204992700793,9.820543686203179,9.475694109586426,A_if_A_hits_first_else_B
M15,trend_pullback,fixed_tp_plus_mr,"{""adx_threshold"": 25.0, ""atr_stop"": 3.0, ""atr_target"": 2.5, ""confirmation_bars"": 1, ""leg_a_atr_target"": 1.0, ""pullback_rsi"": 45.0, ""session_filter"": ""NY""}",1.2676870504167579,4.4848395519813735,6.272658106026877,154.15820304228404,22.002631472206367,13.563927472501732,0.5433217808584377,3751,13.563927472501732,9.91789994063377,9.463966998744153,A_if_A_hits_first_else_B
M15,trend_pullback,fixed_tp_plus_mr,"{""adx_threshold"": 18.0, ""atr_stop"": 3.0, ""atr_target"": 3.0, ""confirmation_bars"": 1, ""leg_a_atr_target"": 1.0, ""pullback_rsi"": 35.0, ""session_filter"": ""NY""}",1.2706468080846292,4.886738371756621,6.896844931096136,212.041876959753,18.51598156306722,13.32107040619188,0.5539470707984618,4421,13.32107040619188,10.091596910206167,9.457722613376859,A_if_A_hits_first_else_B
M15,trend_pullback,fixed_tp_plus_mr,"{""adx_threshold"": 25.0, ""atr_stop"": 1.5, ""atr_target"": 2.0, ""confirmation_bars"": 1, ""leg_a_atr_target"": 1.0, ""pullback_rsi"": 25, ""session_filter"": ""NY""}",1.4114693466546713,4.74458978091071,8.60152719883044,60.56283174879838,28.952704719190116,16.72083074934156,0.5111252383979656,1573,16.72083074934156,7.2666832979579885,9.404592115681574,A_if_A_hits_first_else_B
M15,trend_pullback,fixed_tp_plus_mr,"{""adx_threshold"": 20.0, ""atr_stop"": 3.0, ""atr_target"": 3.0, ""confirmation_bars"": 2, ""leg_a_atr_target"": 1.0, ""pullback_rsi"": 35.0, ""session_filter"": ""NY""}",1.2560806603626962,4.21941546358592,6.037698942160231,143.4895148153683,22.141500288181298,13.110343054891917,0.5526822558459422,3635,13.110343054891917,10.091596910206167,9.381054810877485,A_if_A_hits_first_else_B
M15,trend_pullback,fixed_tp_plus_mr,"{""adx_threshold"": 15.0, ""atr_stop"": 3.0, ""atr_target"": 2.0, ""confirmation_bars"": 1, ""leg_a_atr_target"": 1.0, ""pullback_rsi"": 40.0, ""session_filter"": ""NY""}",1.29251901830179,6.7701129758411485,8.50147012131887,229.4933563269418,24.19268696035794,12.905766920268704,0.5681078568107857,6453,12.905766920268704,10.202316970954127,9.366564862683761,A_if_A_hits_first_else_B
M15,trend_pullback,fixed_tp_plus_mr,"{""adx_threshold"": 15.0, ""atr_stop"": 1.5, ""atr_target"": 2.0, ""confirmation_bars"": 1, ""leg_a_atr_target"": 1.0, ""pullback_rsi"": 30, ""session_filter"": ""NY""}",1.4547180693353439,8.332843657421419,15.262682644277444,184.31280740203084,28.02855854335109,17.20478123631403,0.5077708703374778,4504,17.20478123631403,6.778650360033519,9.363009708592063,A_if_A_hits_first_else_B
M15,trend_pullback,fixed_tp_plus_mr,"{""adx_threshold"": 15.0, ""atr_stop"": 2.5, ""atr_target"": 2.5, ""confirmation_bars"": 2, ""leg_a_atr_target"": 1.0, ""pullback_rsi"": 35.0, ""session_filter"": ""NY""}",1.3023680282722017,6.0914102237091825,8.913406473724258,195.79229851412674,23.579774172869293,13.530885649912452,0.545916373583431,5118,13.530885649912452,9.668947221595028,9.34730983284156,A_if_A_hits_first_else_B
M15,trend_pullback,fixed_tp_plus_mr,"{""adx_threshold"": 25.0, ""atr_stop"": 3.0, ""atr_target"": 2.5, ""confirmation_bars"": 1, ""leg_a_atr_target"": 1.0, ""pullback_rsi"": 40.0, ""session_filter"": ""NY""}",1.2520780380351118,3.9858818681919193,5.344219987995887,107.63413130723218,24.932729604684944,12.702489864870772,0.5556958030924581,3169,12.702489864870772,10.327089741621506,9.34347744404147,A_if_A_hits_first_else_B
M15,trend_pullback,fixed_tp_plus_mr,"{""adx_threshold"": 20.0, ""atr_stop"": 2.5, ""atr_target"": 2.0, ""confirmation_bars"": 1, ""leg_a_atr_target"": 1.0, ""pullback_rsi"": 45.0, ""session_filter"": ""NY""}",1.283232657535507,6.38751137159258,9.213499840701209,184.00058449378173,27.486857950465744,12.79972480711132,0.5393959844778135,5927,12.79972480711132,10.22546218729869,9.338008198280473,A_if_A_hits_first_else_B
M15,trend_pullback,fixed_tp_plus_mr,"{""adx_threshold"": 18.0, ""atr_stop"": 2.0, ""atr_target"": 3.0, ""confirmation_bars"": 1, ""leg_a_atr_target"": 1.0, ""pullback_rsi"": 25, ""session_filter"": ""NY""}",1.2861286787298816,4.164207638425773,7.00089727215221,97.58133483223692,23.20324551871245,13.297985533414709,0.5254502740798747,2554,13.297985533414709,9.814687456925029,9.328130028057387,A_if_A_hits_first_else_B
M15,trend_pullback,fixed_tp_plus_mr,"{""adx_threshold"": 15.0, ""atr_stop"": 3.0, ""atr_target"": 2.0, ""confirmation_bars"": 2, ""leg_a_atr_target"": 1.0, ""pullback_rsi"": 30, ""session_filter"": ""London_NY""}",1.325333484029312,7.3936235961990535,8.217306613696305,354.067220802323,19.081178810136713,13.481481876288264,0.5975788213382999,7517,13.481481876288264,9.64689082901781,9.324686226564769,A_if_A_hits_first_else_B
M15,trend_pullback,fixed_tp_plus_mr,"{""adx_threshold"": 15.0, ""atr_stop"": 3.0, ""atr_target"": 2.0, ""confirmation_bars"": 1, ""leg_a_atr_target"": 1.0, ""pullback_rsi"": 25, ""session_filter"": null}",1.3724868581510399,8.887141724503007,9.748587586032029,291.62319477855186,29.488102888551126,15.346962710858865,0.6130874479476502,8405,15.346962710858865,8.169648877099135,9.322276315125421,A_if_A_hits_first_else_B
M15,trend_pullback,fixed_tp_plus_mr,"{""adx_threshold"": 18.0, ""atr_stop"": 3.0, ""atr_target"": 2.5, ""confirmation_bars"": 2, ""leg_a_atr_target"": 1.0, ""pullback_rsi"": 25, ""session_filter"": ""London_NY""}",1.3007145677010152,5.263279261960669,5.937048781188864,143.226255438293,28.236542315978557,13.41809629211184,0.5817297058172971,4521,13.41809629211184,9.66117562132258,9.30400564537451,A_if_A_hits_first_else_B
M15,trend_pullback,fixed_tp_plus_mr,"{""adx_threshold"": 25.0, ""atr_stop"": 3.0, ""atr_target"": 3.0, ""confirmation_bars"": 1, ""leg_a_atr_target"": 1.0, ""pullback_rsi"": 35.0, ""session_filter"": ""NY""}",1.239624322686552,3.25737041934881,4.70858940291147,89.41227538732169,24.27786583662322,12.885274392563932,0.557578155916106,2527,12.885274392563932,10.097732783098095,9.30175065432883,A_if_A_hits_first_else_B
M15,trend_pullback,fixed_tp_plus_mr,"{""adx_threshold"": 18.0, ""atr_stop"": 2.5, ""atr_target"": 2.0, ""confirmation_bars"": 2, ""leg_a_atr_target"": 1.0, ""pullback_rsi"": 45.0, ""session_filter"": ""NY""}",1.2867595916063617,6.8428425965895565,9.828684368313406,219.33806489642643,25.544512201246622,12.681946299105007,0.5373472159348122,6627,12.681946299105007,10.22546218729869,9.297491107292437,A_if_A_hits_first_else_B
M15,trend_pullback,fixed_tp_plus_mr,"{""adx_threshold"": 15.0, ""atr_stop"": 2.5, ""atr_target"": 2.5, ""confirmation_bars"": 1, ""leg_a_atr_target"": 1.0, ""pullback_rsi"": 35.0, ""session_filter"": ""NY""}",1.2994149364183083,6.128729944096087,8.93422219976217,205.5493985609831,22.719793236013967,13.368434642440569,0.5486641221374046,5240,13.368434642440569,9.668947221595028,9.289861361855623,A_if_A_hits_first_else_B
M15,trend_pullback,fixed_tp_plus_mr,"{""adx_threshold"": 15.0, ""atr_stop"": 3.0, ""atr_target"": 2.0, ""confirmation_bars"": 2, ""leg_a_atr_target"": 1.0, ""pullback_rsi"": 40.0, ""session_filter"": ""NY""}",1.285306834485497,6.538578653968164,8.179261222059854,209.32793468038608,25.513841626524247,12.659828792926962,0.565897597977244,6328,12.659828792926962,10.202316970954127,9.279044081350893,A_if_A_hits_first_else_B
M15,trend_pullback,fixed_tp_plus_mr,"{""adx_threshold"": 15.0, ""atr_stop"": 2.5, ""atr_target"": 2.0, ""confirmation_bars"": 2, ""leg_a_atr_target"": 1.0, ""pullback_rsi"": 40.0, ""session_filter"": ""NY""}",1.3177526981478782,7.491923035688611,10.387350851598184,207.0247399938421,28.321476612513802,13.499415959970868,0.5511895625479662,6515,13.499415959970868,9.527976184138438,9.275935408481677,A_if_A_hits_first_else_B
M15,trend_pullback,fixed_tp_plus_mr,"{""adx_threshold"": 20.0, ""atr_stop"": 2.0, ""atr_target"": 3.0, ""confirmation_bars"": 2, ""leg_a_atr_target"": 1.0, ""pullback_rsi"": 25, ""session_filter"": ""NY""}",1.272727580076657,3.5756447905090267,5.950312464342416,76.4214856606294,23.629282332073338,13.091722046240989,0.5239246012566457,2069,13.091722046240989,9.814687456925029,9.25325758781594,A_if_A_hits_first_else_B
M15,trend_pullback,fixed_tp_plus_mr,"{""adx_threshold"": 25.0, ""atr_stop"": 3.0, ""atr_target"": 2.5, ""confirmation_bars"": 2, ""leg_a_atr_target"": 1.0, ""pullback_rsi"": 35.0, ""session_filter"": ""NY""}",1.2207651889687805,3.047699639551421,4.062055785168565,65.73070351383082,28.395901418487497,11.719229241188202,0.5705316031812474,2389,11.719229241188202,10.827024872029014,9.218044464622684,A_if_A_hits_first_else_B
M15,trend_pullback,fixed_tp_plus_mr,"{""adx_threshold"": 15.0, ""atr_stop"": 2.5, ""atr_target"": 2.0, ""confirmation_bars"": 1, ""leg_a_atr_target"": 1.0, ""pullback_rsi"": 40.0, ""session_filter"": ""NY""}",1.311790109632302,7.448299270986936,10.301314339530476,223.45985440281882,26.27239278297529,13.292434111918482,0.5524528301886793,6625,13.292434111918482,9.527976184138438,9.202299243960226,A_if_A_hits_first_else_B
M15,trend_pullback,fixed_tp_plus_mr,"{""adx_threshold"": 18.0, ""atr_stop"": 2.5, ""atr_target"": 2.5, ""confirmation_bars"": 1, ""leg_a_atr_target"": 1.5, ""pullback_rsi"": 25, ""session_filter"": ""NY""}",1.220429064552271,3.310834164152591,5.382638298706462,82.39525987327343,23.704050651302314,13.56948642980517,0.5284854099119963,2159,13.56948642980517,9.348631235321573,9.200290119236971,A_if_A_hits_first_else_B
M15,trend_pullback,fixed_tp_plus_mr,"{""adx_threshold"": 18.0, ""atr_stop"": 2.0, ""atr_target"": 3.0, ""confirmation_bars"": 2, ""leg_a_atr_target"": 1.0, ""pullback_rsi"": 25, ""session_filter"": ""NY""}",1.2749083416121292,3.8561503429614024,6.530869591790538,82.10191402451503,24.925954886974054,12.897911376739188,0.5205882352941177,2380,12.897911376739188,9.814687456925029,9.185860005797405,A_if_A_hits_first_else_B
M15,trend_pullback,fixed_tp_plus_mr,"{""adx_threshold"": 15.0, ""atr_stop"": 3.0, ""atr_target"": 2.5, ""confirmation_bars"": 1, ""leg_a_atr_target"": 1.0, ""pullback_rsi"": 25, ""session_filter"": ""London_NY""}",1.316123800921832,6.159702508789411,7.048794036076417,206.22408641991197,24.435778112560293,13.730915578262747,0.5847411444141689,5505,13.730915578262747,9.128232944713488,9.176750037697397,A_if_A_hits_first_else_B
M15,trend_pullback,fixed_tp_plus_mr,"{""adx_threshold"": 15.0, ""atr_stop"": 2.5, ""atr_target"": 2.0, ""confirmation_bars"": 1, ""leg_a_atr_target"": 1.0, ""pullback_rsi"": 30, ""session_filter"": ""London_NY""}",1.3614199973233965,8.628473254239424,10.660938082843183,391.403036503907,19.500442083134097,14.220343270104124,0.584026828965346,8051,14.220343270104124,8.70470523997191,9.166521501988482,A_if_A_hits_first_else_B
M15,trend_pullback,fixed_tp_plus_mr,"{""adx_threshold"": 18.0, ""atr_stop"": 2.0, ""atr_target"": 2.0, ""confirmation_bars"": 1, ""leg_a_atr_target"": 1.0, ""pullback_rsi"": 35.0, ""session_filter"": ""NY""}",1.3769253605176897,7.5114191937542225,11.634741319347716,211.98145260256442,24.666643144792406,16.088833368191317,0.542974358974359,4875,16.088833368191317,7.2226937144429515,9.156688922469826,A_if_A_hits_first_else_B
M15,trend_pullback,fixed_tp_plus_mr,"{""adx_threshold"": 15.0, ""atr_stop"": 2.5, ""atr_target"": 2.0, ""confirmation_bars"": 1, ""leg_a_atr_target"": 2.0, ""pullback_rsi"": 25, ""session_filter"": ""NY""}",1.1945167098463727,3.089765930602685,5.271421345553769,74.28307309991737,27.72554639394842,13.633310610217267,0.5163283318623124,2266,13.633310610217267,9.185297368451915,9.143945871348679,A_if_A_hits_first_else_B
M15,trend_pullback,fixed_tp_plus_mr,"{""adx_threshold"": 15.0, ""atr_stop"": 3.0, ""atr_target"": 3.0, ""confirmation_bars"": 1, ""leg_a_atr_target"": 1.0, ""pullback_rsi"": 35.0, ""session_filter"": ""NY""}",1.2773782775425047,5.33804434554012,7.488115308321615,226.7799630406655,19.444820107072555,13.0670552702913,0.5553141050967997,5062,13.0670552702913,9.554671417987429,9.1285471382048,A_if_A_hits_first_else_B
M15,trend_pullback,fixed_tp_plus_mr,"{""adx_threshold"": 15.0, ""atr_stop"": 3.0, ""atr_target"": 2.0, ""confirmation_bars"": 1, ""leg_a_atr_target"": 1.0, ""pullback_rsi"": 45.0, ""session_filter"": ""NY""}",1.2880224224132881,7.212044917650634,9.381690124689106,313.5239082141217,20.46239840869698,12.481422413480749,0.553307392996109,7710,12.481422413480749,9.978148286687507,9.116269058210298,A_if_A_hits_first_else_B
M15,trend_pullback,fixed_tp_plus_mr,"{""adx_threshold"": 15.0, ""atr_stop"": 3.0, ""atr_target"": 2.5, ""confirmation_bars"": 2, ""leg_a_atr_target"": 1.0, ""pullback_rsi"": 25, ""session_filter"": ""London_NY""}",1.3075603503333952,5.884121454198611,6.742565602197147,177.68587698392105,26.895596655173026,13.454300897185346,0.5793918918918919,5328,13.454300897185346,9.128232944713488,9.078222209202622,A_if_A_hits_first_else_B
M15,trend_pullback,fixed_tp_plus_mr,"{""adx_threshold"": 15.0, ""atr_stop"": 3.0, ""atr_target"": 3.0, ""confirmation_bars"": 2, ""leg_a_atr_target"": 1.0, ""pullback_rsi"": 35.0, ""session_filter"": ""NY""}",1.271936748996446,5.170521256177499,7.211857843838542,233.55913913894548,18.20434503465571,12.87901197965224,0.5525040387722132,4952,12.87901197965224,9.554671417987429,9.061643680771917,A_if_A_hits_first_else_B
M15,trend_pullback,fixed_tp_plus_mr,"{""adx_threshold"": 15.0, ""atr_stop"": 2.5, ""atr_target"": 2.0, ""confirmation_bars"": 2, ""leg_a_atr_target"": 1.0, ""pullback_rsi"": 30, ""session_filter"": ""London_NY""}",1.3489081865535375,8.202462640284036,10.178891905243043,325.3439670420202,22.077991760357776,13.8452995829526,0.578900025700334,7782,13.8452995829526,8.70470523997191,9.032753849331478,A_if_A_hits_first_else_B
M15,trend_pullback,fixed_tp_plus_mr,"{""adx_threshold"": 18.0, ""atr_stop"": 2.0, ""atr_target"": 2.0, ""confirmation_bars"": 2, ""leg_a_atr_target"": 1.0, ""pullback_rsi"": 35.0, ""session_filter"": ""NY""}",1.3649106098535635,7.115622191334954,11.048439880338007,193.9282815573102,25.092996549513245,15.70430841212548,0.5415232358003442,4648,15.70430841212548,7.2226937144429515,9.01970223771396,A_if_A_hits_first_else_B
M15,trend_pullback,fixed_tp_plus_mr,"{""adx_threshold"": 18.0, ""atr_stop"": 3.0, ""atr_target"": 2.5, ""confirmation_bars"": 2, ""leg_a_atr_target"": 1.0, ""pullback_rsi"": 45.0, ""session_filter"": ""NY""}",1.2801916100945254,6.181309626024828,8.732213312931199,241.97012909955717,22.63504824670448,12.89921230906684,0.5363479353116659,6369,12.89921230906684,9.411988961461198,9.006157662849837,A_if_A_hits_first_else_B
M15,trend_pullback,fixed_tp_plus_mr,"{""adx_threshold"": 15.0, ""atr_stop"": 3.0, ""atr_target"": 2.0, ""confirmation_bars"": 1, ""leg_a_atr_target"": 1.5, ""pullback_rsi"": 25, ""session_filter"": ""London_NY""}",1.2627502333480496,5.30031524937722,6.511551018393949,157.98785264774452,29.114651923697178,14.879538509849377,0.5781755445331033,4637,14.879538509849377,7.875180286644307,9.00421965410683,A_if_A_hits_first_else_B
M15,trend_pullback,fixed_tp_plus_mr,"{""adx_threshold"": 25.0, ""atr_stop"": 3.0, ""atr_target"": 2.0, ""confirmation_bars"": 1, ""leg_a_atr_target"": 1.5, ""pullback_rsi"": 40.0, ""session_filter"": ""NY""}",1.220139979986412,3.5740822667858727,5.0397521924156745,85.52715393838801,29.43342873904284,14.439908550852943,0.5567877629063097,2615,14.439908550852943,8.152407179201669,8.966579219436563,A_if_A_hits_first_else_B
M15,trend_pullback,fixed_tp_plus_mr,"{""adx_threshold"": 20.0, ""atr_stop"": 3.0, ""atr_target"": 3.0, ""confirmation_bars"": 1, ""leg_a_atr_target"": 1.0, ""pullback_rsi"": 35.0, ""session_filter"": ""NY""}",1.231141079793906,3.951642868493992,5.643237337264162,131.1424130511683,23.269938014950103,11.926820568649068,0.5484627410109432,3838,11.926820568649068,10.091596910206167,8.96183402457873,A_if_A_hits_first_else_B
M15,trend_pullback,fixed_tp_plus_mr,"{""adx_threshold"": 15.0, ""atr_stop"": 3.0, ""atr_target"": 2.0, ""confirmation_bars"": 2, ""leg_a_atr_target"": 1.0, ""pullback_rsi"": 45.0, ""session_filter"": ""NY""}",1.274885816812135,6.836273107779519,8.858275106332439,288.96821261588053,20.946723852983425,11.986014558326836,0.5502310231023102,7575,11.986014558326836,9.978148286687507,8.9402489877862,A_if_A_hits_first_else_B
M15,trend_pullback,fixed_tp_plus_mr,"{""adx_threshold"": 20.0, ""atr_stop"": 3.0, ""atr_target"": 2.5, ""confirmation_bars"": 2, ""leg_a_atr_target"": 1.0, ""pullback_rsi"": 45.0, ""session_filter"": ""NY""}",1.2669668447116729,5.499313933870872,7.777107658914849,172.18211521146867,27.10364165741595,12.65619874482252,0.534984632073766,5531,12.65619874482252,9.411988961461198,8.918457962287755,A_if_A_hits_first_else_B
M15,trend_pullback,fixed_tp_plus_mr,"{""adx_threshold"": 18.0, ""atr_stop"": 3.0, ""atr_target"": 2.5, ""confirmation_bars"": 1, ""leg_a_atr_target"": 1.0, ""pullback_rsi"": 45.0, ""session_filter"": ""NY""}",1.2772066372683977,6.231982550704029,8.725964782652216,256.95607971161814,21.655550594930315,12.625605925434652,0.5354711843896536,6611,12.625605925434652,9.411988961461198,8.909798434013346,A_if_A_hits_first_else_B
M15,trend_pullback,fixed_tp_plus_mr,"{""adx_threshold"": 15.0, ""atr_stop"": 2.5, ""atr_target"": 3.0, ""confirmation_bars"": 2, ""leg_a_atr_target"": 1.0, ""pullback_rsi"": 35.0, ""session_filter"": ""NY""}",1.2818741398145452,5.49824662474818,8.450019367820476,187.8375797416797,23.23538987876146,12.856871757209959,0.5349567949725059,5092,12.856871757209959,9.037819296968554,8.823298626622245,A_if_A_hits_first_else_B
M15,trend_pullback,fixed_tp_plus_mr,"{""adx_threshold"": 25.0, ""atr_stop"": 3.0, ""atr_target"": 3.0, ""confirmation_bars"": 1, ""leg_a_atr_target"": 1.0, ""pullback_rsi"": 30, ""session_filter"": ""London_NY""}",1.2721085239940955,4.195977669641799,5.256504441933943,116.23182204280249,28.637394162873154,13.324965981219616,0.5612489991993594,3747,13.324965981219616,8.664428438446171,8.817152595526462,A_if_A_hits_first_else_B
M15,trend_pullback,fixed_tp_plus_mr,"{""adx_threshold"": 15.0, ""atr_stop"": 2.5, ""atr_target"": 3.0, ""confirmation_bars"": 1, ""leg_a_atr_target"": 1.0, ""pullback_rsi"": 35.0, ""session_filter"": ""NY""}",1.2816794504009803,5.5712337425867755,8.549185027059151,196.58999517891755,22.66263863137697,12.819627908931368,0.537502397851525,5213,12.819627908931368,9.037819296968554,8.810224341842025,A_if_A_hits_first_else_B
M15,trend_pullback,fixed_tp_plus_mr,"{""adx_threshold"": 25.0, ""atr_stop"": 3.0, ""atr_target"": 2.5, ""confirmation_bars"": 2, ""leg_a_atr_target"": 1.0, ""pullback_rsi"": 45.0, ""session_filter"": ""NY""}",1.2246882233432697,3.7358614119593976,5.171399096896945,121.6383648869287,23.020081514599035,11.65423865843358,0.5394006659267481,3604,11.65423865843358,9.91789994063377,8.786976148405605,A_if_A_hits_first_else_B
M15,trend_pullback,fixed_tp_plus_mr,"{""adx_threshold"": 25.0, ""atr_stop"": 2.5, ""atr_target"": 2.5, ""confirmation_bars"": 1, ""leg_a_atr_target"": 1.0, ""pullback_rsi"": 35.0, ""session_filter"": ""NY""}",1.2448196238991007,3.5810270719152055,5.239391768806809,74.49586997163124,29.044844608611513,12.378266403371605,0.5522501906941266,2622,12.378266403371605,9.269299713853885,8.75254203719413,A_if_A_hits_first_else_B
M15,trend_pullback,fixed_tp_plus_mr,"{""adx_threshold"": 18.0, ""atr_stop"": 3.0, ""atr_target"": 2.0, ""confirmation_bars"": 1, ""leg_a_atr_target"": 1.0, ""pullback_rsi"": 25, ""session_filter"": ""London""}",1.3509831719705654,5.779791697793414,6.016092968871763,146.87822823715013,24.977301100763896,13.72302393451129,0.6089775561097257,4010,13.72302393451129,8.171271399986674,8.750327141467068,A_if_A_hits_first_else_B
M15,trend_pullback,fixed_tp_plus_mr,"{""adx_threshold"": 18.0, ""atr_stop"": 1.5, ""atr_target"": 2.0, ""confirmation_bars"": 1, ""leg_a_atr_target"": 1.5, ""pullback_rsi"": 25, ""session_filter"": ""NY""}",1.3173124706135897,4.761092051367556,9.279928299168846,92.1743067577677,27.900064749848745,15.66817095946878,0.43744922826969945,2462,15.66817095946878,6.630412712016079,8.731008050344027,A_if_A_hits_first_else_B
M15,trend_pullback,fixed_tp_plus_mr,"{""adx_threshold"": 15.0, ""atr_stop"": 2.5, ""atr_target"": 2.0, ""confirmation_bars"": 1, ""leg_a_atr_target"": 1.0, ""pullback_rsi"": 45.0, ""session_filter"": ""NY""}",1.290248260272263,7.541484494296605,10.705562894001286,283.1112014565019,22.922646225131924,12.246177972121233,0.5365454774185432,7949,12.246177972121233,9.287463151285042,8.723570360375152,A_if_A_hits_first_else_B
M15,trend_pullback,fixed_tp_plus_mr,"{""adx_threshold"": 20.0, ""atr_stop"": 3.0, ""atr_target"": 2.0, ""confirmation_bars"": 1, ""leg_a_atr_target"": 1.0, ""pullback_rsi"": 35.0, ""session_filter"": ""London_NY""}",1.3275991228771444,7.589470442069825,8.547408282120372,310.9393211743947,22.306499432073917,13.69301353879852,0.5851539878915504,7598,13.69301353879852,8.141994265756736,8.721971982745442,A_if_A_hits_first_else_B
M15,trend_pullback,fixed_tp_plus_mr,"{""adx_threshold"": 20.0, ""atr_stop"": 3.0, ""atr_target"": 2.5, ""confirmation_bars"": 1, ""leg_a_atr_target"": 1.0, ""pullback_rsi"": 45.0, ""session_filter"": ""NY""}",1.2528793640611715,5.327800770331818,7.504444084245263,180.9986357228851,25.302163068457233,12.032729890248897,0.534944823962165,5709,12.032729890248897,9.411988961461198,8.697426367056888,A_if_A_hits_first_else_B
M15,trend_pullback,fixed_tp_plus_mr,"{""adx_threshold"": 18.0, ""atr_stop"": 3.0, ""atr_target"": 2.5, ""confirmation_bars"": 1, ""leg_a_atr_target"": 1.0, ""pullback_rsi"": 40.0, ""session_filter"": ""NY""}",1.2426310991674991,5.147153979365105,6.892030144851655,145.60965103859056,28.90902520804055,11.455278680357228,0.5468069666182874,5512,11.455278680357228,9.863623664222882,8.696504406858827,A_if_A_hits_first_else_B
M15,trend_pullback,fixed_tp_plus_mr,"{""adx_threshold"": 15.0, ""atr_stop"": 2.5, ""atr_target"": 2.0, ""confirmation_bars"": 2, ""leg_a_atr_target"": 1.0, ""pullback_rsi"": 45.0, ""session_filter"": ""NY""}",1.2872011800186858,7.396916566134661,10.512047748628591,255.34787713788185,24.759406571911562,12.116255092624254,0.5349431455219114,7827,12.116255092624254,9.287463151285042,8.677487936500494,A_if_A_hits_first_else_B
M15,trend_pullback,fixed_tp_plus_mr,"{""adx_threshold"": 18.0, ""atr_stop"": 3.0, ""atr_target"": 2.0, ""confirmation_bars"": 1, ""leg_a_atr_target"": 1.0, ""pullback_rsi"": 30, ""session_filter"": ""London""}",1.3408616532204287,6.439414665670669,7.024705419936472,188.6909562424258,24.622855978507392,13.085177168618324,0.596695456252347,5326,13.085177168618324,8.447436450527173,8.649330742397726,A_if_A_hits_first_else_B
M15,trend_pullback,fixed_tp_plus_mr,"{""adx_threshold"": 18.0, ""atr_stop"": 3.0, ""atr_target"": 2.0, ""confirmation_bars"": 1, ""leg_a_atr_target"": 1.0, ""pullback_rsi"": 35.0, ""session_filter"": ""London_NY""}",1.329646739829459,8.18210996696997,9.237826831802257,358.5304721007144,21.829630727892265,13.443125748291767,0.5857093782205428,8733,13.443125748291767,8.141994265756736,8.634920779458541,A_if_A_hits_first_else_B
M15,trend_pullback,fixed_tp_plus_mr,"{""adx_threshold"": 25.0, ""atr_stop"": 3.0, ""atr_target"": 3.0, ""confirmation_bars"": 2, ""leg_a_atr_target"": 1.0, ""pullback_rsi"": 35.0, ""session_filter"": ""NY""}",1.200132904869924,2.658547339656637,3.788138513265407,64.04420496021919,27.077431092301918,10.98491900340961,0.5553209459459459,2368,10.98491900340961,10.097732783098095,8.628727984561491,A_if_A_hits_first_else_B
M15,trend_pullback,fixed_tp_plus_mr,"{""adx_threshold"": 15.0, ""atr_stop"": 2.5, ""atr_target"": 2.5, ""confirmation_bars"": 1, ""leg_a_atr_target"": 1.5, ""pullback_rsi"": 25, ""session_filter"": ""NY""}",1.2083825046574248,3.320231555933978,5.4097273467350435,69.58882547215663,29.47902443537741,12.704855614303808,0.5264244426094137,2422,12.704855614303808,8.68444152621402,8.596374652734125,A_if_A_hits_first_else_B
M15,trend_pullback,fixed_tp_plus_mr,"{""adx_threshold"": 18.0, ""atr_stop"": 3.0, ""atr_target"": 2.0, ""confirmation_bars"": 2, ""leg_a_atr_target"": 1.0, ""pullback_rsi"": 35.0, ""session_filter"": ""London_NY""}",1.3238646186953862,7.8655474736264335,8.877172744940685,314.2782213359094,23.5610430278294,13.322638890977034,0.5866618687777378,8337,13.322638890977034,8.141994265756736,8.59159395517157,A_if_A_hits_first_else_B
M15,trend_pullback,fixed_tp_plus_mr,"{""adx_threshold"": 20.0, ""atr_stop"": 2.0, ""atr_target"": 3.0, ""confirmation_bars"": 1, ""leg_a_atr_target"": 1.0, ""pullback_rsi"": 25, ""session_filter"": ""NY""}",1.2329424146132861,3.242249532209371,5.428719477153644,67.8458778180726,24.625671233380146,11.208074340482566,0.5165474060822898,2236,11.208074340482566,9.814687456925029,8.586023857707819,A_if_A_hits_first_else_B
M15,trend_pullback,fixed_tp_plus_mr,"{""adx_threshold"": 25.0, ""atr_stop"": 2.5, ""atr_target"": 3.0, ""confirmation_bars"": 1, ""leg_a_atr_target"": 1.0, ""pullback_rsi"": 35.0, ""session_filter"": ""NY""}",1.2445483380826936,3.3868070820420653,5.318114683791723,73.68636129929722,29.57227140183726,12.610376591184346,0.5401234567901234,2592,12.610376591184346,8.610650399079937,8.537334154117032,A_if_A_hits_first_else_B
M15,trend_pullback,fixed_tp_plus_mr,"{""adx_threshold"": 25.0, ""atr_stop"": 3.0, ""atr_target"": 2.5, ""confirmation_bars"": 2, ""leg_a_atr_target"": 1.0, ""pullback_rsi"": 40.0, ""session_filter"": ""NY""}",1.2002809303451418,3.136437725911106,4.134296912698631,110.12389674841371,19.0032940038318,10.421896348395027,0.5524568393094289,3012,10.421896348395027,10.327089741621506,8.534910291736965,A_if_A_hits_first_else_B
M15,trend_pullback,fixed_tp_plus_mr,"{""adx_threshold"": 15.0, ""atr_stop"": 2.0, ""atr_target"": 2.0, ""confirmation_bars"": 1, ""leg_a_atr_target"": 1.0, ""pullback_rsi"": 30, ""session_filter"": ""London_NY""}",1.3905172997040074,9.771050434553542,13.855754166468623,383.59306712874854,21.296099535075303,14.291525784707186,0.5496850944716585,8574,14.291525784707186,7.216831682335439,8.527711741639264,A_if_A_hits_first_else_B
M15,trend_pullback,fixed_tp_plus_mr,"{""adx_threshold"": 25.0, ""atr_stop"": 3.0, ""atr_target"": 3.0, ""confirmation_bars"": 1, ""leg_a_atr_target"": 1.0, ""pullback_rsi"": 45.0, ""session_filter"": ""NY""}",1.2243187012570729,3.759014687851909,5.2998241723972175,143.41754701613957,20.327327677926803,11.708013947636706,0.5306559571619812,3735,11.708013947636706,9.257691150177857,8.508629639504296,A_if_A_hits_first_else_B
M15,trend_pullback,fixed_tp_plus_mr,"{""adx_threshold"": 15.0, ""atr_stop"": 2.0, ""atr_target"": 2.0, ""confirmation_bars"": 2, ""leg_a_atr_target"": 1.0, ""pullback_rsi"": 35.0, ""session_filter"": ""NY""}",1.351614092916487,7.479840226922171,11.490352726985805,211.30918599050497,25.449422141994805,14.773891969103422,0.5391941391941392,5460,14.773891969103422,6.77895679917131,8.491715567396584,A_if_A_hits_first_else_B
M15,trend_pullback,fixed_tp_plus_mr,"{""adx_threshold"": 15.0, ""atr_stop"": 2.0, ""atr_target"": 2.0, ""confirmation_bars"": 1, ""leg_a_atr_target"": 1.0, ""pullback_rsi"": 35.0, ""session_filter"": ""NY""}",1.3504770593616164,7.565154229102459,11.590446596468,227.42257245217024,24.048094343355945,14.654553799942331,0.5419792783136834,5598,14.654553799942331,6.77895679917131,8.449719801479228,A_if_A_hits_first_else_B
M15,trend_pullback,fixed_tp_plus_mr,"{""adx_threshold"": 18.0, ""atr_stop"": 3.0, ""atr_target"": 2.5, ""confirmation_bars"": 1, ""leg_a_atr_target"": 1.5, ""pullback_rsi"": 35.0, ""session_filter"": ""NY""}",1.2188628388763276,4.123149570081792,6.063018882976533,117.1328388811446,28.95870939975664,13.575303531193638,0.5386872998932765,3748,13.575303531193638,7.6495818121553585,8.437440619162949,A_if_A_hits_first_else_B
M15,trend_pullback,fixed_tp_plus_mr,"{""adx_threshold"": 25.0, ""atr_stop"": 2.5, ""atr_target"": 2.0, ""confirmation_bars"": 2, ""leg_a_atr_target"": 1.0, ""pullback_rsi"": 30, ""session_filter"": ""London""}",1.2990369962687829,4.278337140276565,5.090648987257419,89.16387152491335,25.516716197685007,12.136393339907869,0.5718349928876245,2812,12.136393339907869,8.616696524922533,8.38505850443665,A_if_A_hits_first_else_B
M15,trend_pullback,fixed_tp_plus_mr,"{""adx_threshold"": 18.0, ""atr_stop"": 2.5, ""atr_target"": 2.0, ""confirmation_bars"": 2, ""leg_a_atr_target"": 1.0, ""pullback_rsi"": 30, ""session_filter"": ""London""}",1.3348806559323227,6.384684372213689,7.893964028119054,146.15239888429812,29.349558110565365,12.383107171054368,0.5687066974595842,5196,12.383107171054368,8.365717431728823,8.365636485333463,A_if_A_hits_first_else_B
M15,trend_pullback,fixed_tp_plus_mr,"{""adx_threshold"": 15.0, ""atr_stop"": 3.0, ""atr_target"": 2.5, ""confirmation_bars"": 1, ""leg_a_atr_target"": 1.0, ""pullback_rsi"": 30, ""session_filter"": ""London_NY""}",1.2889814116124594,6.586733416900713,7.7371038205686125,233.75510181282564,26.595476796052036,12.153320186801306,0.5777401277205787,7673,12.153320186801306,8.468490817442854,8.322279215552232,A_if_A_hits_first_else_B
M15,trend_pullback,fixed_tp_plus_mr,"{""adx_threshold"": 15.0, ""atr_stop"": 3.0, ""atr_target"": 2.5, ""confirmation_bars"": 1, ""leg_a_atr_target"": 1.0, ""pullback_rsi"": 45.0, ""session_filter"": ""NY""}",1.2594917886242922,6.328376527477235,8.812873175132207,259.3079957600608,22.453086332351827,11.347969364870908,0.533004158004158,7696,11.347969364870908,9.101139968852364,8.31920062141324,A_if_A_hits_first_else_B
M15,trend_pullback,fixed_tp_plus_mr,"{""adx_threshold"": 20.0, ""atr_stop"": 3.0, ""atr_target"": 2.0, ""confirmation_bars"": 2, ""leg_a_atr_target"": 1.0, ""pullback_rsi"": 35.0, ""session_filter"": ""London_NY""}",1.2910985494832452,6.638221781709361,7.451540953416671,267.960624424409,22.115399635314105,12.530426337061117,0.5824640541302509,7094,12.530426337061117,8.141994265756736,8.307766347458571,A_if_A_hits_first_else_B
M15,trend_pullback,fixed_tp_plus_mr,"{""adx_threshold"": 15.0, ""atr_stop"": 2.0, ""atr_target"": 2.0, ""confirmation_bars"": 2, ""leg_a_atr_target"": 1.0, ""pullback_rsi"": 30, ""session_filter"": ""London_NY""}",1.3681487959484238,9.111015750033507,12.948998242848829,290.37670713500546,25.98537333101745,13.651333629600677,0.5445663972982753,8291,13.651333629600677,7.216831682335439,8.299170786600868,A_if_A_hits_first_else_B
M15,trend_pullback,fixed_tp_plus_mr,"{""adx_threshold"": 18.0, ""atr_stop"": 3.0, ""atr_target"": 2.0, ""confirmation_bars"": 2, ""leg_a_atr_target"": 1.0, ""pullback_rsi"": 30, ""session_filter"": ""London""}",1.3109422162862718,5.755241778304003,6.258052493303509,156.61665707082366,25.98032123167769,12.100369927433057,0.5943695479777954,5044,12.100369927433057,8.447436450527173,8.298664320596052,A_if_A_hits_first_else_B
M15,trend_pullback,fixed_tp_plus_mr,"{""adx_threshold"": 25.0, ""atr_stop"": 3.0, ""atr_target"": 3.0, ""confirmation_bars"": 1, ""leg_a_atr_target"": 1.0, ""pullback_rsi"": 40.0, ""session_filter"": ""NY""}",1.2004323995389703,3.1365543613561235,4.288156030522437,90.29099429436211,24.41377965172797,10.490217826322874,0.5415609137055838,3152,10.490217826322874,9.747523879741472,8.298048465004461,A_if_A_hits_first_else_B
M15,trend_pullback,fixed_tp_plus_mr,"{""adx_threshold"": 18.0, ""atr_stop"": 2.5, ""atr_target"": 3.0, ""confirmation_bars"": 2, ""leg_a_atr_target"": 1.0, ""pullback_rsi"": 30, ""session_filter"": ""London_NY""}",1.267224403948609,5.569788838090641,7.7755025942482705,177.5203882782401,27.8790592319778,11.538159977524279,0.536990985390115,6434,11.538159977524279,8.790660611077756,8.24759814790821,A_if_A_hits_first_else_B
M15,trend_pullback,fixed_tp_plus_mr,"{""adx_threshold"": 25.0, ""atr_stop"": 2.5, ""atr_target"": 2.5, ""confirmation_bars"": 1, ""leg_a_atr_target"": 1.0, ""pullback_rsi"": 40.0, ""session_filter"": ""NY""}",1.2462573501363494,4.035755815924299,6.015263881752809,96.90554199126107,26.824740366633847,12.023432025918154,0.5362318840579711,3243,12.023432025918154,8.415921940797721,8.244617552457598,A_if_A_hits_first_else_B
M15,trend_pullback,fixed_tp_plus_mr,"{""adx_threshold"": 15.0, ""atr_stop"": 3.0, ""atr_target"": 2.5, ""confirmation_bars"": 2, ""leg_a_atr_target"": 1.0, ""pullback_rsi"": 45.0, ""session_filter"": ""NY""}",1.2535008035844653,6.114225427591752,8.48797817042238,264.1701623712995,21.21581596649034,11.127568925295884,0.5310390469887492,7555,11.127568925295884,9.101139968852364,8.240862270554015,A_if_A_hits_first_else_B
M15,trend_pullback,fixed_tp_plus_mr,"{""adx_threshold"": 25.0, ""atr_stop"": 2.0, ""atr_target"": 2.5, ""confirmation_bars"": 1, ""leg_a_atr_target"": 1.0, ""pullback_rsi"": 25, ""session_filter"": ""NY""}",1.2396300974725865,2.8064383402183006,4.309768402746537,43.029054621549065,26.757618276607026,11.590822332550504,0.5375838926174497,1490,11.590822332550504,8.65092619149182,8.197630622058513,A_if_A_hits_first_else_B
M15,trend_pullback,fixed_tp_plus_mr,"{""adx_threshold"": 18.0, ""atr_stop"": 2.5, ""atr_target"": 2.5, ""confirmation_bars"": 2, ""leg_a_atr_target"": 1.0, ""pullback_rsi"": 45.0, ""session_filter"": ""NY""}",1.25695250416167,5.923880324240021,9.129285174104274,174.3441793580337,29.16338602032176,11.585447219386015,0.517089472884703,6583,11.585447219386015,8.619917100798784,8.185259722976893,A_if_A_hits_first_else_B
M15,trend_pullback,fixed_tp_plus_mr,"{""adx_threshold"": 15.0, ""atr_stop"": 3.0, ""atr_target"": 2.5, ""confirmation_bars"": 1, ""leg_a_atr_target"": 1.0, ""pullback_rsi"": 40.0, ""session_filter"": ""NY""}",1.2343678719425752,5.357087794272632,7.153485108401836,161.06589659928463,27.923510763265973,10.557571120387818,0.5435054773082942,6390,10.557571120387818,9.424848645500077,8.183205356999286,A_if_A_hits_first_else_B
M15,trend_pullback,fixed_tp_plus_mr,"{""adx_threshold"": 15.0, ""atr_stop"": 3.0, ""atr_target"": 2.5, ""confirmation_bars"": 2, ""leg_a_atr_target"": 1.0, ""pullback_rsi"": 40.0, ""session_filter"": ""NY""}",1.2332174216479295,5.259985631448811,7.000927772296993,156.7863968015974,28.060491140840803,10.536891182633513,0.5423918250039917,6263,10.536891182633513,9.424848645500077,8.17573728872635,A_if_A_hits_first_else_B
M15,trend_pullback,fixed_tp_plus_mr,"{""adx_threshold"": 20.0, ""atr_stop"": 2.5, ""atr_target"": 2.5, ""confirmation_bars"": 2, ""leg_a_atr_target"": 1.0, ""pullback_rsi"": 45.0, ""session_filter"": ""NY""}",1.2513097174640777,5.3833801251815006,8.33051449079019,147.18824103693268,29.823216324112146,11.553676310256186,0.5179856115107914,5699,11.553676310256186,8.619917100798784,8.173011347441934,A_if_A_hits_first_else_B
M15,trend_pullback,fixed_tp_plus_mr,"{""adx_threshold"": 18.0, ""atr_stop"": 3.0, ""atr_target"": 2.0, ""confirmation_bars"": 1, ""leg_a_atr_target"": 1.5, ""pullback_rsi"": 40.0, ""session_filter"": ""NY""}",1.1954673045132398,4.255575523446525,5.902992763118021,148.33520790278536,24.766434615178238,12.087302788944541,0.5529721430138188,4559,12.087302788944541,8.210907265719799,8.164557706607146,A_if_A_hits_first_else_B
M15,trend_pullback,fixed_tp_plus_mr,"{""adx_threshold"": 25.0, ""atr_stop"": 2.5, ""atr_target"": 2.5, ""confirmation_bars"": 1, ""leg_a_atr_target"": 1.0, ""pullback_rsi"": 25, ""session_filter"": ""NY""}",1.2207875822417236,2.5428443219599863,3.496729318705282,37.93090496911394,28.85344648296296,11.40038892267378,0.5715277777777777,1440,11.40038892267378,8.687192014075816,8.143530045718284,A_if_A_hits_first_else_B
M15,trend_pullback,fixed_tp_plus_mr,"{""adx_threshold"": 18.0, ""atr_stop"": 2.5, ""atr_target"": 2.5, ""confirmation_bars"": 1, ""leg_a_atr_target"": 1.0, ""pullback_rsi"": 45.0, ""session_filter"": ""NY""}",1.2556474832822082,6.003233432073792,9.189308970917931,211.05887539960764,24.553530627903868,11.392878267804207,0.517074600615565,6823,11.392878267804207,8.619917100798784,8.117599585747366,A_if_A_hits_first_else_B
M15,trend_pullback,fixed_tp_plus_mr,"{""adx_threshold"": 15.0, ""atr_stop"": 1.5, ""atr_target"": 2.0, ""confirmation_bars"": 2, ""leg_a_atr_target"": 1.5, ""pullback_rsi"": 25, ""session_filter"": ""NY""}",1.3006912087796634,4.733778958985169,9.224962476841815,99.52969624425326,26.523122185356236,14.731240483023027,0.4375,2688,14.731240483023027,5.984999459202203,8.109322167454984,A_if_A_hits_first_else_B
M15,trend_pullback,fixed_tp_plus_mr,"{""adx_threshold"": 18.0, ""atr_stop"": 3.0, ""atr_target"": 2.0, ""confirmation_bars"": 1, ""leg_a_atr_target"": 1.5, ""pullback_rsi"": 45.0, ""session_filter"": ""NY""}",1.20065315930377,4.638106541210643,6.6278311132232455,159.5011496574959,27.114964890280994,12.20335235023268,0.5421369450714824,5316,12.20335235023268,7.984324487223903,8.10424997369295,A_if_A_hits_first_else_B
M15,trend_pullback,fixed_tp_plus_mr,"{""adx_threshold"": 15.0, ""atr_stop"": 3.0, ""atr_target"": 3.0, ""confirmation_bars"": 1, ""leg_a_atr_target"": 1.0, ""pullback_rsi"": 25, ""session_filter"": ""London_NY""}",1.2520205116735281,4.90408105363441,5.801027740985034,173.33791359780716,23.97730971092272,11.426439256725951,0.5696480938416423,5456,11.426439256725951,8.559544683347971,8.101452949695375,A_if_A_hits_first_else_B
M15,trend_pullback,fixed_tp_plus_mr,"{""adx_threshold"": 18.0, ""atr_stop"": 3.0, ""atr_target"": 3.0, ""confirmation_bars"": 1, ""leg_a_atr_target"": 1.0, ""pullback_rsi"": 25, ""session_filter"": ""London_NY""}",1.238413640130743,4.376501986381859,5.115033089435436,142.34400157304256,24.900304015154166,10.99155131456175,0.563572462270002,4837,10.99155131456175,8.903574478884735,8.101334203620892,A_if_A_hits_first_else_B
M15,trend_pullback,fixed_tp_plus_mr,"{""adx_threshold"": 20.0, ""atr_stop"": 3.0, ""atr_target"": 2.0, ""confirmation_bars"": 2, ""leg_a_atr_target"": 1.0, ""pullback_rsi"": 25, ""session_filter"": ""London""}",1.2898080224612973,4.377332812918745,4.371196356995238,87.62965883637024,28.76683517138548,11.886959848493891,0.6054699779943414,3181,11.886959848493891,8.171271399986674,8.095469681459123,A_if_A_hits_first_else_B
M15,trend_pullback,fixed_tp_plus_mr,"{""adx_threshold"": 20.0, ""atr_stop"": 2.5, ""atr_target"": 2.5, ""confirmation_bars"": 1, ""leg_a_atr_target"": 1.0, ""pullback_rsi"": 35.0, ""session_filter"": ""London_NY""}",1.3172259737351308,7.430526645833161,10.010283813566415,230.78207749031813,29.510443729747227,13.075287683883651,0.5424292845257903,7813,13.075287683883651,7.172186188115563,8.067279668758307,A_if_A_hits_first_else_B
M15,trend_pullback,fixed_tp_plus_mr,"{""adx_threshold"": 20.0, ""atr_stop"": 2.5, ""atr_target"": 2.5, ""confirmation_bars"": 1, ""leg_a_atr_target"": 1.0, ""pullback_rsi"": 45.0, ""session_filter"": ""NY""}",1.241009835040917,5.290448326372708,8.202172852386976,151.89802449529947,28.92812115221128,11.150713387028198,0.5164946709524615,5911,11.150713387028198,8.619917100798784,8.029914347827505,A_if_A_hits_first_else_B
M15,trend_pullback,fixed_tp_plus_mr,"{""adx_threshold"": 18.0, ""atr_stop"": 3.0, ""atr_target"": 3.0, ""confirmation_bars"": 1, ""leg_a_atr_target"": 1.0, ""pullback_rsi"": 45.0, ""session_filter"": ""NY""}",1.2322002541780337,5.2086344140345915,7.362590796373305,200.81725412925718,23.732783436898778,10.836635749527805,0.5211459754433834,6597,10.836635749527805,8.810499218355615,8.003987211430365,A_if_A_hits_first_else_B
M15,trend_pullback,fixed_tp_plus_mr,"{""adx_threshold"": 25.0, ""atr_stop"": 3.0, ""atr_target"": 2.0, ""confirmation_bars"": 2, ""leg_a_atr_target"": 1.0, ""pullback_rsi"": 30, ""session_filter"": null}",1.2657444588967266,5.172294259700356,5.687801978537084,159.6469941032909,27.19003455320082,12.60641031747277,0.5895450145208132,5165,12.60641031747277,7.383849536435745,7.9881247942909,A_if_A_hits_first_else_B
M15,trend_pullback,fixed_tp_plus_mr,"{""adx_threshold"": 18.0, ""atr_stop"": 2.5, ""atr_target"": 2.5, ""confirmation_bars"": 2, ""leg_a_atr_target"": 1.0, ""pullback_rsi"": 35.0, ""session_filter"": ""London_NY""}",1.3189321850920879,7.838047869754422,10.460878863790791,250.1569164105446,29.465167950926435,12.836843532083858,0.5468477882270986,8613,12.836843532083858,7.172186188115563,7.9841654578997705,A_if_A_hits_first_else_B
M15,trend_pullback,fixed_tp_plus_mr,"{""adx_threshold"": 18.0, ""atr_stop"": 3.0, ""atr_target"": 3.0, ""confirmation_bars"": 2, ""leg_a_atr_target"": 1.0, ""pullback_rsi"": 45.0, ""session_filter"": ""NY""}",1.2278422116644867,5.031717598058545,7.167600093709873,184.10700737268334,24.795068248132655,10.781638669733457,0.5207054007242954,6351,10.781638669733457,8.810499218355615,7.983866624999633,A_if_A_hits_first_else_B
M15,trend_pullback,fixed_tp_plus_mr,"{""adx_threshold"": 18.0, ""atr_stop"": 3.0, ""atr_target"": 2.0, ""confirmation_bars"": 2, ""leg_a_atr_target"": 1.5, ""pullback_rsi"": 40.0, ""session_filter"": ""NY""}",1.1863073727832196,3.992391295439599,5.608217338778892,118.60815017430961,28.55136728791686,11.576201660097269,0.5499088422971741,4388,11.576201660097269,8.210907265719799,7.983840325164597,A_if_A_hits_first_else_B
M15,trend_pullback,fixed_tp_plus_mr,"{""adx_threshold"": 15.0, ""atr_stop"": 3.0, ""atr_target"": 2.0, ""confirmation_bars"": 1, ""leg_a_atr_target"": 1.5, ""pullback_rsi"": 30, ""session_filter"": ""London_NY""}",1.2338938000706328,5.5023720528850975,6.907119207937378,231.8723148210633,23.72961502991588,13.04879233233028,0.5710671936758893,6325,13.04879233233028,6.986267884160046,7.957676624201745,A_if_A_hits_first_else_B
M15,trend_pullback,fixed_tp_plus_mr,"{""adx_threshold"": 18.0, ""atr_stop"": 2.5, ""atr_target"": 2.5, ""confirmation_bars"": 1, ""leg_a_atr_target"": 1.5, ""pullback_rsi"": 35.0, ""session_filter"": ""NY""}",1.2076825258658217,4.036568337364584,6.5928591798195955,108.82770302884582,29.479127744263018,12.332697692345196,0.5056381342901076,3902,12.332697692345196,7.539758262471412,7.950871915606118,A_if_A_hits_first_else_B
M15,trend_pullback,fixed_tp_plus_mr,"{""adx_threshold"": 15.0, ""atr_stop"": 2.5, ""atr_target"": 2.5, ""confirmation_bars"": 1, ""leg_a_atr_target"": 1.0, ""pullback_rsi"": 40.0, ""session_filter"": ""NY""}",1.2527902276926126,5.944001982843384,8.749926702848338,163.1017705189365,29.573885954566364,11.000957488934667,0.5280523034818306,6577,11.000957488934667,8.542292468120683,7.944924777319963,A_if_A_hits_first_else_B
M15,trend_pullback,fixed_tp_plus_mr,"{""adx_threshold"": 15.0, ""atr_stop"": 3.0, ""atr_target"": 3.0, ""confirmation_bars"": 2, ""leg_a_atr_target"": 1.0, ""pullback_rsi"": 25, ""session_filter"": ""London_NY""}",1.2411734213893195,4.61814638112456,5.46333239061545,154.27204316500314,25.075370126107956,10.98361323814128,0.5638841567291312,5283,10.98361323814128,8.559544683347971,7.944294425133898,A_if_A_hits_first_else_B
M15,trend_pullback,fixed_tp_plus_mr,"{""adx_threshold"": 20.0, ""atr_stop"": 3.0, ""atr_target"": 2.0, ""confirmation_bars"": 2, ""leg_a_atr_target"": 1.0, ""pullback_rsi"": 30, ""session_filter"": ""London""}",1.2698043367333487,4.677333374332758,5.039999615728178,139.39327799369303,22.812800177099255,11.077395483863057,0.5917324663260567,4306,11.077395483863057,8.447436450527173,7.932395689435967,A_if_A_hits_first_else_B
M15,trend_pullback,fixed_tp_plus_mr,"{""adx_threshold"": 15.0, ""atr_stop"": 1.5, ""atr_target"": 2.0, ""confirmation_bars"": 1, ""leg_a_atr_target"": 1.5, ""pullback_rsi"": 25, ""session_filter"": ""NY""}",1.2878102513388259,4.627796058595742,9.048464524964041,107.61967839858399,24.23840192685466,14.11541677631884,0.43506493506493504,2772,14.11541677631884,5.984999459202203,7.891207678620351,A_if_A_hits_first_else_B
M15,trend_pullback,fixed_tp_plus_mr,"{""adx_threshold"": 18.0, ""atr_stop"": 2.5, ""atr_target"": 2.0, ""confirmation_bars"": 1, ""leg_a_atr_target"": 1.5, ""pullback_rsi"": 40.0, ""session_filter"": ""NY""}",1.2132813566391771,4.787993668541782,7.476574923577355,147.13845648753377,26.8328419715767,12.418147255834706,0.5210736003355001,4769,12.418147255834706,7.336554634844594,7.890457396550049,A_if_A_hits_first_else_B
M15,trend_pullback,fixed_tp_plus_mr,"{""adx_threshold"": 20.0, ""atr_stop"": 3.0, ""atr_target"": 2.5, ""confirmation_bars"": 1, ""leg_a_atr_target"": 1.0, ""pullback_rsi"": 35.0, ""session_filter"": ""London_NY""}",1.288454451046457,6.541370180583726,7.898408992031061,267.6776155720791,23.242955899904793,12.451539054303181,0.5595730486991327,7495,12.451539054303181,7.24222549661734,7.874731032693207,A_if_A_hits_first_else_B
M15,trend_pullback,fixed_tp_plus_mr,"{""adx_threshold"": 25.0, ""atr_stop"": 3.0, ""atr_target"": 2.0, ""confirmation_bars"": 2, ""leg_a_atr_target"": 1.0, ""pullback_rsi"": 30, ""session_filter"": ""London""}",1.252684049409146,3.5296485578102694,3.7137079034190177,75.04570430651705,26.723099923894587,10.950785520797789,0.5930105569712414,2747,10.950785520797789,8.411834408486177,7.868637225979835,A_if_A_hits_first_else_B
M15,trend_pullback,fixed_tp_plus_mr,"{""adx_threshold"": 18.0, ""atr_stop"": 3.0, ""atr_target"": 2.5, ""confirmation_bars"": 1, ""leg_a_atr_target"": 1.0, ""pullback_rsi"": 35.0, ""session_filter"": ""London_NY""}",1.297346638241125,7.22563456397224,8.743166701263915,261.8031853747078,27.28545619059694,12.419018332928209,0.5603847936949466,8628,12.419018332928209,7.24222549661734,7.8651272176509,A_if_A_hits_first_else_B
M15,trend_pullback,fixed_tp_plus_mr,"{""adx_threshold"": 18.0, ""atr_stop"": 2.0, ""atr_target"": 3.0, ""confirmation_bars"": 2, ""leg_a_atr_target"": 1.0, ""pullback_rsi"": 25, ""session_filter"": ""London_NY""}",1.2757297779829693,5.139450706760719,7.628254665785458,124.31660253229853,29.916864806452175,11.422490759079302,0.5088042588042588,4884,11.422490759079302,8.005269670855457,7.855389073159304,A_if_A_hits_first_else_B
M15,trend_pullback,fixed_tp_plus_mr,"{""adx_threshold"": 15.0, ""atr_stop"": 3.0, ""atr_target"": 3.0, ""confirmation_bars"": 1, ""leg_a_atr_target"": 1.0, ""pullback_rsi"": 30, ""session_filter"": ""London_NY""}",1.2670850637242423,5.946999083510658,7.309561569174491,221.22664076982718,26.16583739181125,11.402324968719517,0.5627051871306632,7615,11.402324968719517,8.017186209928417,7.851964546264466,A_if_A_hits_first_else_B
M15,trend_pullback,fixed_tp_plus_mr,"{""adx_threshold"": 18.0, ""atr_stop"": 3.0, ""atr_target"": 2.5, ""confirmation_bars"": 2, ""leg_a_atr_target"": 1.0, ""pullback_rsi"": 35.0, ""session_filter"": ""London_NY""}",1.2926918732996406,6.964816445120239,8.414098740886143,238.3084085046444,28.50511641398717,12.35691655382648,0.5619694397283531,8246,12.35691655382648,7.24222549661734,7.842460641976999,A_if_A_hits_first_else_B
M15,trend_pullback,fixed_tp_plus_mr,"{""adx_threshold"": 15.0, ""atr_stop"": 2.0, ""atr_target"": 2.5, ""confirmation_bars"": 1, ""leg_a_atr_target"": 1.0, ""pullback_rsi"": 25, ""session_filter"": ""London_NY""}",1.3066315789504122,6.551777650045685,9.370148626650423,239.60775329058984,20.190922508760423,12.034581042757406,0.5285240464344942,6030,12.034581042757406,7.478231659711936,7.838633927625546,A_if_A_hits_first_else_B
M15,trend_pullback,fixed_tp_plus_mr,"{""adx_threshold"": 15.0, ""atr_stop"": 2.0, ""atr_target"": 2.5, ""confirmation_bars"": 2, ""leg_a_atr_target"": 1.0, ""pullback_rsi"": 25, ""session_filter"": ""London_NY""}",1.3042169329506217,6.371215486760357,9.108141681819822,183.01714989690586,25.506632009333373,12.014802060271192,0.5260809883321894,5828,12.014802060271192,7.478231659711936,7.831228354555412,A_if_A_hits_first_else_B
M15,trend_pullback,fixed_tp_plus_mr,"{""adx_threshold"": 18.0, ""atr_stop"": 3.0, ""atr_target"": 3.0, ""confirmation_bars"": 1, ""leg_a_atr_target"": 1.0, ""pullback_rsi"": 40.0, ""session_filter"": ""NY""}",1.1996552985426747,4.190490447765654,5.717344735652987,124.58364303163086,28.57513738997056,9.723219363178892,0.5333211944646759,5492,9.723219363178892,9.286068792491715,7.821788793442419,A_if_A_hits_first_else_B
M15,trend_pullback,fixed_tp_plus_mr,"{""adx_threshold"": 15.0, ""atr_stop"": 3.0, ""atr_target"": 3.0, ""confirmation_bars"": 1, ""leg_a_atr_target"": 1.0, ""pullback_rsi"": 45.0, ""session_filter"": ""NY""}",1.231089104650666,5.586323242480838,7.8914593094359295,211.04945683247138,24.96152326501276,10.275908829893448,0.5202860858257478,7690,10.275908829893448,8.77830685643614,7.793023996789103,A_if_A_hits_first_else_B
M15,trend_pullback,fixed_tp_plus_mr,"{""adx_threshold"": 20.0, ""atr_stop"": 3.0, ""atr_target"": 3.0, ""confirmation_bars"": 2, ""leg_a_atr_target"": 1.0, ""pullback_rsi"": 45.0, ""session_filter"": ""NY""}",1.2085871923895322,4.320814890077069,6.139978651862308,136.56475377128461,27.497209800196877,10.232015492537428,0.5215258855585831,5505,10.232015492537428,8.810499218355615,7.787647509126033,A_if_A_hits_first_else_B
M15,trend_pullback,fixed_tp_plus_mr,"{""adx_threshold"": 25.0, ""atr_stop"": 3.0, ""atr_target"": 3.0, ""confirmation_bars"": 2, ""leg_a_atr_target"": 1.0, ""pullback_rsi"": 45.0, ""session_filter"": ""NY""}",1.1789086667011879,2.990930375547964,4.158638494647136,86.78346674666983,26.468762792276067,9.605733184871692,0.5282966267075551,3587,9.605733184871692,9.257691150177857,7.763749365625365,A_if_A_hits_first_else_B
M15,trend_pullback,fixed_tp_plus_mr,"{""adx_threshold"": 15.0, ""atr_stop"": 2.5, ""atr_target"": 2.5, ""confirmation_bars"": 1, ""leg_a_atr_target"": 1.0, ""pullback_rsi"": 30, ""session_filter"": ""London_NY""}",1.2844256200585649,6.779255753092737,8.80762392513796,243.75909190697357,25.211597228239164,11.577912671213113,0.5589047977895001,7962,11.577912671213113,7.512443512703425,7.689754139652845,A_if_A_hits_first_else_B
M15,trend_pullback,fixed_tp_plus_mr,"{""adx_threshold"": 15.0, ""atr_stop"": 3.0, ""atr_target"": 2.0, ""confirmation_bars"": 1, ""leg_a_atr_target"": 1.0, ""pullback_rsi"": 35.0, ""session_filter"": ""London_NY""}",1.3161842383904458,8.506949843396068,9.525130652533495,307.02529702607694,27.45850128139728,12.429410033141197,0.5895419697267544,10174,12.429410033141197,6.8238798726053975,7.684276301949937,A_if_A_hits_first_else_B
M15,trend_pullback,fixed_tp_plus_mr,"{""adx_threshold"": 18.0, ""atr_stop"": 2.0, ""atr_target"": 2.5, ""confirmation_bars"": 2, ""leg_a_atr_target"": 1.0, ""pullback_rsi"": 35.0, ""session_filter"": ""NY""}",1.2958686655777782,5.7000954198102995,9.40611407914802,164.20254063937247,24.600483868631848,13.212370100917722,0.5176624509376363,4586,13.212370100917722,6.2180343227346055,7.681618713667331,A_if_A_hits_first_else_B
M15,trend_pullback,fixed_tp_plus_mr,"{""adx_threshold"": 15.0, ""atr_stop"": 2.5, ""atr_target"": 2.0, ""confirmation_bars"": 1, ""leg_a_atr_target"": 1.5, ""pullback_rsi"": 25, ""session_filter"": ""London_NY""}",1.238731096754627,5.038964039134071,6.921692944506647,142.7749210274167,29.51346899761001,12.925715353922927,0.5408997955010225,4890,12.925715353922927,6.443811543668643,7.671461787874839,A_if_A_hits_first_else_B
M15,trend_pullback,fixed_tp_plus_mr,"{""adx_threshold"": 15.0, ""atr_stop"": 3.0, ""atr_target"": 3.0, ""confirmation_bars"": 2, ""leg_a_atr_target"": 1.0, ""pullback_rsi"": 45.0, ""session_filter"": ""NY""}",1.220216197169903,5.275554830188395,7.41832693111857,191.50090927571995,25.84005159466118,9.845589685851825,0.5181058495821727,7539,9.845589685851825,8.77830685643614,7.640237714878382,A_if_A_hits_first_else_B
M15,trend_pullback,fixed_tp_plus_mr,"{""adx_threshold"": 18.0, ""atr_stop"": 2.5, ""atr_target"": 2.0, ""confirmation_bars"": 2, ""leg_a_atr_target"": 1.5, ""pullback_rsi"": 40.0, ""session_filter"": ""NY""}",1.1994322775251343,4.415811315123159,6.948940778365766,125.65612731363572,28.537405322653186,11.705875418141904,0.51860718171926,4595,11.705875418141904,7.336554634844594,7.638392437534761,A_if_A_hits_first_else_B
M15,trend_pullback,fixed_tp_plus_mr,"{""adx_threshold"": 15.0, ""atr_stop"": 2.5, ""atr_target"": 2.5, ""confirmation_bars"": 2, ""leg_a_atr_target"": 1.0, ""pullback_rsi"": 30, ""session_filter"": ""London_NY""}",1.2778759964521762,6.504974024949598,8.49574053458419,204.117824974546,28.66609348237515,11.389684633025054,0.5547625227095769,7706,11.389684633025054,7.512443512703425,7.622564401565745,A_if_A_hits_first_else_B
M15,trend_pullback,fixed_tp_plus_mr,"{""adx_threshold"": 15.0, ""atr_stop"": 3.0, ""atr_target"": 3.0, ""confirmation_bars"": 1, ""leg_a_atr_target"": 1.0, ""pullback_rsi"": 40.0, ""session_filter"": ""NY""}",1.2034139167123776,4.574375399900916,6.241676505340912,141.89526920727837,28.137534167557664,9.407594216622492,0.5315739868049011,6366,9.407594216622492,8.999490255345739,7.583111374065931,A_if_A_hits_first_else_B
M15,trend_pullback,fixed_tp_plus_mr,"{""adx_threshold"": 15.0, ""atr_stop"": 3.0, ""atr_target"": 2.0, ""confirmation_bars"": 1, ""leg_a_atr_target"": 1.0, ""pullback_rsi"": 30, ""session_filter"": null}",1.2973616822731422,8.419552744192204,9.359519597386656,360.95565242676673,25.31837472706763,11.928485643918446,0.5904977375565611,11492,11.928485643918446,6.968672670787051,7.570345013680257,A_if_A_hits_first_else_B
M15,trend_pullback,fixed_tp_plus_mr,"{""adx_threshold"": 15.0, ""atr_stop"": 2.5, ""atr_target"": 2.5, ""confirmation_bars"": 1, ""leg_a_atr_target"": 1.0, ""pullback_rsi"": 45.0, ""session_filter"": ""NY""}",1.2421626429705472,6.151619306889363,9.31288671742829,195.134957805731,28.122517945256888,10.401225080816193,0.5154157189790245,7914,10.401225080816193,8.133598517044375,7.548980639549746,A_if_A_hits_first_else_B
M15,trend_pullback,fixed_tp_plus_mr,"{""adx_threshold"": 15.0, ""atr_stop"": 2.5, ""atr_target"": 2.5, ""confirmation_bars"": 2, ""leg_a_atr_target"": 1.0, ""pullback_rsi"": 45.0, ""session_filter"": ""NY""}",1.2419562454551178,6.075787568026141,9.211660453679754,191.46089406921632,28.14691225655619,10.383493229148426,0.5144508670520231,7785,10.383493229148426,8.133598517044375,7.542733211962941,A_if_A_hits_first_else_B
M15,trend_pullback,fixed_tp_plus_mr,"{""adx_threshold"": 18.0, ""atr_stop"": 2.0, ""atr_target"": 2.5, ""confirmation_bars"": 1, ""leg_a_atr_target"": 1.0, ""pullback_rsi"": 35.0, ""session_filter"": ""NY""}",1.2865940601613581,5.691351708863246,9.303271266541683,189.31661654319558,21.54055789868722,12.719855083693917,0.5177791640673737,4809,12.719855083693917,6.2180343227346055,7.507383536555714,A_if_A_hits_first_else_B
M15,trend_pullback,fixed_tp_plus_mr,"{""adx_threshold"": 15.0, ""atr_stop"": 3.0, ""atr_target"": 3.0, ""confirmation_bars"": 2, ""leg_a_atr_target"": 1.0, ""pullback_rsi"": 40.0, ""session_filter"": ""NY""}",1.196664784058187,4.374816994385742,5.938319817289319,127.32096546243343,29.807028518325605,9.131519847255776,0.5299967917869747,6234,9.131519847255776,8.999490255345739,7.485135518256742,A_if_A_hits_first_else_B
M15,trend_pullback,fixed_tp_plus_mr,"{""adx_threshold"": 20.0, ""atr_stop"": 3.0, ""atr_target"": 2.5, ""confirmation_bars"": 2, ""leg_a_atr_target"": 1.0, ""pullback_rsi"": 35.0, ""session_filter"": ""London_NY""}",1.2541356309967278,5.6904840752955375,6.850576383243809,203.5424451926146,26.009137410298838,11.311887662057519,0.5571225071225071,7020,11.311887662057519,7.24222549661734,7.468989281397279,A_if_A_hits_first_else_B
M15,trend_pullback,fixed_tp_plus_mr,"{""adx_threshold"": 25.0, ""atr_stop"": 3.0, ""atr_target"": 3.0, ""confirmation_bars"": 2, ""leg_a_atr_target"": 1.0, ""pullback_rsi"": 40.0, ""session_filter"": ""NY""}",1.1509004582238007,2.344898298444185,3.139992907785126,75.04042123308376,21.673674320402917,8.142865407234844,0.5400534045393859,2996,8.142865407234844,9.747523879741472,7.466568730060617,A_if_A_hits_first_else_B
M15,trend_pullback,fixed_tp_plus_mr,"{""adx_threshold"": 15.0, ""atr_stop"": 3.0, ""atr_target"": 2.0, ""confirmation_bars"": 2, ""leg_a_atr_target"": 1.0, ""pullback_rsi"": 35.0, ""session_filter"": ""London_NY""}",1.2965882901953776,7.901737341529085,8.854659067890946,385.8125742544667,20.16915192362793,11.814037081251472,0.5841093117408906,9880,11.814037081251472,6.8238798726053975,7.46497657914952,A_if_A_hits_first_else_B
M15,trend_pullback,fixed_tp_plus_mr,"{""adx_threshold"": 20.0, ""atr_stop"": 3.0, ""atr_target"": 3.0, ""confirmation_bars"": 1, ""leg_a_atr_target"": 1.0, ""pullback_rsi"": 45.0, ""session_filter"": ""NY""}",1.1893617726205536,4.026356764819443,5.672914163456253,127.91475710807802,27.67590964477997,9.314569180732708,0.5200841957551307,5701,9.314569180732708,8.810499218355615,7.462696216040585,A_if_A_hits_first_else_B
M15,trend_pullback,fixed_tp_plus_mr,"{""adx_threshold"": 15.0, ""atr_stop"": 3.0, ""atr_target"": 2.0, ""confirmation_bars"": 2, ""leg_a_atr_target"": 1.0, ""pullback_rsi"": 25, ""session_filter"": ""London""}",1.3104877931147332,5.467220078718232,5.732326260532883,160.9580095574763,22.27853598328899,12.28611971582277,0.60415714938328,4378,12.28611971582277,6.412959193805824,7.448071096373536,A_if_A_hits_first_else_B
M15,trend_pullback,fixed_tp_plus_mr,"{""adx_threshold"": 15.0, ""atr_stop"": 2.5, ""atr_target"": 2.0, ""confirmation_bars"": 1, ""leg_a_atr_target"": 1.0, ""pullback_rsi"": 35.0, ""session_filter"": ""London_NY""}",1.314805460251767,8.924532868678822,10.994894438239918,401.78455283173355,21.260817635957793,12.022332670341983,0.5690561080878214,10658,12.022332670341983,6.575333066910544,7.429677406779793,A_if_A_hits_first_else_B
M15,trend_pullback,fixed_tp_plus_mr,"{""adx_threshold"": 15.0, ""atr_stop"": 3.0, ""atr_target"": 2.0, ""confirmation_bars"": 1, ""leg_a_atr_target"": 1.0, ""pullback_rsi"": 25, ""session_filter"": ""London""}",1.3096390021112865,5.575909850821104,5.854065102537378,166.20239635680983,22.22644496036308,12.205137934708413,0.6070484581497797,4540,12.205137934708413,6.412959193805824,7.419557714782822,A_if_A_hits_first_else_B
M15,trend_pullback,fixed_tp_plus_mr,"{""adx_threshold"": 15.0, ""atr_stop"": 2.5, ""atr_target"": 2.0, ""confirmation_bars"": 2, ""leg_a_atr_target"": 1.0, ""pullback_rsi"": 35.0, ""session_filter"": ""London_NY""}",1.312526580669259,8.736485955273146,10.88681095496943,376.0341062594546,21.9556068436973,11.974555690659917,0.5651711467801199,10342,11.974555690659917,6.575333066910544,7.4124996879745675,A_if_A_hits_first_else_B
M15,trend_pullback,fixed_tp_plus_mr,"{""adx_threshold"": 20.0, ""atr_stop"": 3.0, ""atr_target"": 2.0, ""confirmation_bars"": 1, ""leg_a_atr_target"": 1.0, ""pullback_rsi"": 35.0, ""session_filter"": ""London""}",1.3271041741944367,6.6932666264950305,7.356020509583635,183.4777662145985,27.05960434740311,12.476551583964714,0.5861953426034512,5969,12.476551583964714,6.1173709669029614,7.38503082433287,A_if_A_hits_first_else_B
M15,trend_pullback,fixed_tp_plus_mr,"{""adx_threshold"": 18.0, ""atr_stop"": 3.0, ""atr_target"": 2.0, ""confirmation_bars"": 1, ""leg_a_atr_target"": 1.0, ""pullback_rsi"": 35.0, ""session_filter"": ""London""}",1.3322678064295745,7.285693686547408,8.090434616375001,204.95806653183348,27.471761687315453,12.36941818904982,0.5864089045108377,6828,12.36941818904982,6.1173709669029614,7.348566862559685,A_if_A_hits_first_else_B
M15,trend_pullback,fixed_tp_plus_mr,"{""adx_threshold"": 18.0, ""atr_stop"": 2.5, ""atr_target"": 3.0, ""confirmation_bars"": 1, ""leg_a_atr_target"": 1.0, ""pullback_rsi"": 35.0, ""session_filter"": ""London_NY""}",1.291889561964736,7.1857927557480625,10.02113526473347,234.82046215698279,29.812261274664674,11.703960605987753,0.531208203299153,8972,11.703960605987753,6.592840223915227,7.3215422252505125,A_if_A_hits_first_else_B
M15,trend_pullback,fixed_tp_plus_mr,"{""adx_threshold"": 25.0, ""atr_stop"": 3.0, ""atr_target"": 2.0, ""confirmation_bars"": 2, ""leg_a_atr_target"": 1.0, ""pullback_rsi"": 35.0, ""session_filter"": ""London_NY""}",1.2240625873822246,4.1877721287880005,4.5436274801236785,150.01297399389512,21.77185617575777,10.535680304170228,0.5875268817204301,4650,10.535680304170228,7.48957908984504,7.3026112143662925,A_if_A_hits_first_else_B
M15,trend_pullback,fixed_tp_plus_mr,"{""adx_threshold"": 15.0, ""atr_stop"": 3.0, ""atr_target"": 2.0, ""confirmation_bars"": 1, ""leg_a_atr_target"": 1.0, ""pullback_rsi"": 30, ""session_filter"": ""London""}",1.3071417387634325,6.358045417853112,6.880562053523657,272.7417158311284,17.567850523725856,11.607281238628312,0.5988372093023255,6192,11.607281238628312,6.616230538127955,7.301280523430176,A_if_A_hits_first_else_B
M15,trend_pullback,fixed_tp_plus_mr,"{""adx_threshold"": 15.0, ""atr_stop"": 3.0, ""atr_target"": 2.0, ""confirmation_bars"": 1, ""leg_a_atr_target"": 1.5, ""pullback_rsi"": 45.0, ""session_filter"": ""NY""}",1.1995143319707335,4.914294137243329,6.986951913222984,162.05770147604449,29.267325856297077,11.585235849100911,0.5420941214785866,6141,11.585235849100911,6.662122239024701,7.2926904211405805,A_if_A_hits_first_else_B
M15,trend_pullback,fixed_tp_plus_mr,"{""adx_threshold"": 18.0, ""atr_stop"": 2.5, ""atr_target"": 3.0, ""confirmation_bars"": 2, ""leg_a_atr_target"": 1.0, ""pullback_rsi"": 45.0, ""session_filter"": ""NY""}",1.213433111356018,4.927520420086621,7.637722605889242,174.4578445382965,24.588188266523257,9.798086628779075,0.5026648393482565,6567,9.798086628779075,8.04460371814335,7.292088615508387,A_if_A_hits_first_else_B
M15,trend_pullback,fixed_tp_plus_mr,"{""adx_threshold"": 18.0, ""atr_stop"": 2.5, ""atr_target"": 3.0, ""confirmation_bars"": 2, ""leg_a_atr_target"": 1.0, ""pullback_rsi"": 35.0, ""session_filter"": ""London_NY""}",1.2838870585469868,6.837553922655174,9.468938551503216,243.7375749829406,27.03442605980935,11.580501667616076,0.5340363210310486,8535,11.580501667616076,6.592840223915227,7.276731096136876,A_if_A_hits_first_else_B
M15,trend_pullback,fixed_tp_plus_mr,"{""adx_threshold"": 15.0, ""atr_stop"": 3.0, ""atr_target"": 2.0, ""confirmation_bars"": 1, ""leg_a_atr_target"": 1.5, ""pullback_rsi"": 40.0, ""session_filter"": ""NY""}",1.1947315914534817,4.507558393782437,6.232073633558851,141.77513620060245,28.372852045359163,11.523772812634673,0.5530939648586708,5236,11.523772812634673,6.666671214463742,7.272268849221516,A_if_A_hits_first_else_B
M15,trend_pullback,fixed_tp_plus_mr,"{""adx_threshold"": 18.0, ""atr_stop"": 2.5, ""atr_target"": 2.0, ""confirmation_bars"": 1, ""leg_a_atr_target"": 1.0, ""pullback_rsi"": 35.0, ""session_filter"": null}",1.2950150287379614,9.24231711136524,11.615768233476595,349.8998618331818,29.03130428888131,11.529263044245509,0.5531174334140436,13216,11.529263044245509,6.582242558946817,7.256254222759589,A_if_A_hits_first_else_B
M15,trend_pullback,fixed_tp_plus_mr,"{""adx_threshold"": 18.0, ""atr_stop"": 3.0, ""atr_target"": 2.0, ""confirmation_bars"": 2, ""leg_a_atr_target"": 1.0, ""pullback_rsi"": 35.0, ""session_filter"": ""London""}",1.321506479490234,6.903929464821182,7.601918825689497,187.3312911436056,28.08385601153182,12.096072210909025,0.5885959534028203,6524,12.096072210909025,6.1173709669029614,7.2507435048225375,A_if_A_hits_first_else_B
M15,trend_pullback,fixed_tp_plus_mr,"{""adx_threshold"": 18.0, ""atr_stop"": 2.5, ""atr_target"": 3.0, ""confirmation_bars"": 1, ""leg_a_atr_target"": 1.0, ""pullback_rsi"": 45.0, ""session_filter"": ""NY""}",1.212170670989688,4.991037562496177,7.6807572481465165,191.16525904720157,22.89725879957734,9.637077080343484,0.5034492881256422,6813,9.637077080343484,8.04460371814335,7.235482785482665,A_if_A_hits_first_else_B
M15,trend_pullback,fixed_tp_plus_mr,"{""adx_threshold"": 15.0, ""atr_stop"": 2.0, ""atr_target"": 3.0, ""confirmation_bars"": 1, ""leg_a_atr_target"": 1.0, ""pullback_rsi"": 25, ""session_filter"": ""London_NY""}",1.2774539881379023,5.787942655455924,8.648352523474621,190.2200570998662,23.384164222461056,11.159400535948784,0.5151363104198027,5979,11.159400535948784,6.7996867518622865,7.221140023547684,A_if_A_hits_first_else_B
M15,trend_pullback,fixed_tp_plus_mr,"{""adx_threshold"": 15.0, ""atr_stop"": 2.5, ""atr_target"": 3.0, ""confirmation_bars"": 1, ""leg_a_atr_target"": 1.0, ""pullback_rsi"": 40.0, ""session_filter"": ""NY""}",1.2167246440101476,5.040229547031504,7.519302068446087,150.0369996199713,28.09785079635347,9.641066997837683,0.5163896935508462,6559,9.641066997837683,7.999881400981623,7.217665008486948,A_if_A_hits_first_else_B
M15,trend_pullback,fixed_tp_plus_mr,"{""adx_threshold"": 20.0, ""atr_stop"": 2.5, ""atr_target"": 3.0, ""confirmation_bars"": 2, ""leg_a_atr_target"": 1.0, ""pullback_rsi"": 45.0, ""session_filter"": ""NY""}",1.203462952189801,4.388933776816932,6.800748179308796,129.21715916757935,28.099054985570543,9.583529985559645,0.5046630300897413,5683,9.583529985559645,8.04460371814335,7.214999758548343,A_if_A_hits_first_else_B
M15,trend_pullback,fixed_tp_plus_mr,"{""adx_threshold"": 15.0, ""atr_stop"": 2.5, ""atr_target"": 2.0, ""confirmation_bars"": 1, ""leg_a_atr_target"": 1.5, ""pullback_rsi"": 30, ""session_filter"": ""London_NY""}",1.2337273582271446,5.7135355505746,8.048435168973848,196.60959709415334,27.993573245118696,12.353296027865719,0.536435732455484,6683,12.353296027865719,5.842398783219888,7.19947853384738,A_if_A_hits_first_else_B
M15,trend_pullback,fixed_tp_plus_mr,"{""adx_threshold"": 15.0, ""atr_stop"": 2.5, ""atr_target"": 3.0, ""confirmation_bars"": 2, ""leg_a_atr_target"": 1.0, ""pullback_rsi"": 40.0, ""session_filter"": ""NY""}",1.216042500056538,4.968473124537907,7.410212698272817,137.39018726348533,29.96346496767889,9.585577607045051,0.5152126668736418,6442,9.585577607045051,7.999881400981623,7.198107292918806,A_if_A_hits_first_else_B
M15,trend_pullback,fixed_tp_plus_mr,"{""adx_threshold"": 18.0, ""atr_stop"": 3.0, ""atr_target"": 2.5, ""confirmation_bars"": 1, ""leg_a_atr_target"": 1.0, ""pullback_rsi"": 25, ""session_filter"": ""London""}",1.2817436725347715,4.6718808027861005,5.1765847471393185,102.71054923826617,29.773285360730835,11.57176018678718,0.5766902119071645,3964,11.57176018678718,6.414562235619385,7.19301780591119,A_if_A_hits_first_else_B
M15,trend_pullback,fixed_tp_plus_mr,"{""adx_threshold"": 20.0, ""atr_stop"": 2.5, ""atr_target"": 3.0, ""confirmation_bars"": 1, ""leg_a_atr_target"": 1.0, ""pullback_rsi"": 35.0, ""session_filter"": ""London_NY""}",1.2680390486301818,6.190890835213567,8.633154845838694,207.27955950458926,28.10634771344627,11.278790733078145,0.5285234899328859,7748,11.278790733078145,6.592840223915227,7.167962667065238,A_if_A_hits_first_else_B
M15,trend_pullback,fixed_tp_plus_mr,"{""adx_threshold"": 25.0, ""atr_stop"": 3.0, ""atr_target"": 2.0, ""confirmation_bars"": 1, ""leg_a_atr_target"": 1.0, ""pullback_rsi"": 45.0, ""session_filter"": ""London_NY""}",1.2596833678471175,5.942172827318406,6.909454056247685,284.43394863306446,19.307805137647737,11.25675441665531,0.558895873189396,7318,11.25675441665531,6.577631680823908,7.151734975769539,A_if_A_hits_first_else_B
M15,trend_pullback,fixed_tp_plus_mr,"{""adx_threshold"": 25.0, ""atr_stop"": 3.0, ""atr_target"": 2.0, ""confirmation_bars"": 1, ""leg_a_atr_target"": 1.0, ""pullback_rsi"": 40.0, ""session_filter"": ""London_NY""}",1.238366630512401,5.118067162231861,5.730965881147329,188.76869208713808,23.10218826664939,10.68515974382446,0.5717085919634106,6122,10.68515974382446,7.013973887713765,7.143767485912235,A_if_A_hits_first_else_B
M15,trend_pullback,fixed_tp_plus_mr,"{""adx_threshold"": 25.0, ""atr_stop"": 2.5, ""atr_target"": 3.0, ""confirmation_bars"": 1, ""leg_a_atr_target"": 1.0, ""pullback_rsi"": 40.0, ""session_filter"": ""NY""}",1.1938253970838126,3.159070868874745,4.732805763816254,83.60029800498187,25.17254235130204,9.781989659646163,0.5233963433529594,3227,9.781989659646163,7.711435608472008,7.132607484105323,A_if_A_hits_first_else_B
M15,trend_pullback,fixed_tp_plus_mr,"{""adx_threshold"": 15.0, ""atr_stop"": 2.5, ""atr_target"": 2.0, ""confirmation_bars"": 2, ""leg_a_atr_target"": 1.5, ""pullback_rsi"": 30, ""session_filter"": ""London_NY""}",1.2284191026624958,5.489706396990921,7.741095372357083,195.00790786792555,26.81110372417678,12.110200536322518,0.5322730080296479,6476,12.110200536322518,5.842398783219888,7.113333460694331,A_if_A_hits_first_else_B
M15,trend_pullback,fixed_tp_plus_mr,"{""adx_threshold"": 15.0, ""atr_stop"": 2.5, ""atr_target"": 3.0, ""confirmation_bars"": 1, ""leg_a_atr_target"": 1.0, ""pullback_rsi"": 25, ""session_filter"": ""London_NY""}",1.2379032734382296,4.843708562694432,6.316364509514222,151.83707549977285,25.92467916649641,10.430120476710927,0.5481363716657834,5661,10.430120476710927,7.143836844025785,7.112849401348074,A_if_A_hits_first_else_B
M15,trend_pullback,fixed_tp_plus_mr,"{""adx_threshold"": 25.0, ""atr_stop"": 1.5, ""atr_target"": 2.0, ""confirmation_bars"": 2, ""leg_a_atr_target"": 1.0, ""pullback_rsi"": 30, ""session_filter"": ""London""}",1.3579421580131767,5.412551773569651,8.818789207942437,101.36104477759748,25.318058827675095,11.958363907333748,0.4877291084187636,3219,11.958363907333748,5.826802642546328,7.079076988315295,A_if_A_hits_first_else_B
M15,trend_pullback,fixed_tp_plus_mr,"{""adx_threshold"": 15.0, ""atr_stop"": 2.5, ""atr_target"": 3.0, ""confirmation_bars"": 1, ""leg_a_atr_target"": 1.0, ""pullback_rsi"": 30, ""session_filter"": ""London_NY""}",1.2511631626970805,5.850254664839408,7.954043748379193,235.49976610880788,23.308052930345777,10.44868213238858,0.5439086294416243,7880,10.44868213238858,6.9870437352123425,7.051441059720973,A_if_A_hits_first_else_B
M15,trend_pullback,fixed_tp_plus_mr,"{""adx_threshold"": 18.0, ""atr_stop"": 3.0, ""atr_target"": 3.0, ""confirmation_bars"": 1, ""leg_a_atr_target"": 1.0, ""pullback_rsi"": 35.0, ""session_filter"": ""London_NY""}",1.2552308326794093,6.093421729475552,7.643684025782117,228.85153589109575,27.02633795048257,10.825587426160553,0.5460910151691949,8570,10.825587426160553,6.6859173797497835,7.048664586579478,A_if_A_hits_first_else_B
M15,trend_pullback,fixed_tp_plus_mr,"{""adx_threshold"": 15.0, ""atr_stop"": 2.0, ""atr_target"": 2.5, ""confirmation_bars"": 2, ""leg_a_atr_target"": 1.0, ""pullback_rsi"": 35.0, ""session_filter"": ""NY""}",1.26572554764791,5.632892890136339,9.131691181952785,158.25278709510164,26.223188481669684,11.546724161781839,0.5147468002225932,5391,11.546724161781839,6.108391649778376,7.043274808553495,A_if_A_hits_first_else_B
M15,trend_pullback,fixed_tp_plus_mr,"{""adx_threshold"": 15.0, ""atr_stop"": 2.0, ""atr_target"": 2.5, ""confirmation_bars"": 1, ""leg_a_atr_target"": 1.0, ""pullback_rsi"": 35.0, ""session_filter"": ""NY""}",1.2672847401384562,5.74655298022199,9.2839562801462,177.19140717419182,24.00098361024661,11.543887240674021,0.5180962721679334,5526,11.543887240674021,6.108391649778376,7.042593724663868,A_if_A_hits_first_else_B
M15,trend_pullback,fixed_tp_plus_mr,"{""adx_threshold"": 15.0, ""atr_stop"": 2.5, ""atr_target"": 3.0, ""confirmation_bars"": 2, ""leg_a_atr_target"": 1.0, ""pullback_rsi"": 25, ""session_filter"": ""London_NY""}",1.2331190238925853,4.666030517222059,6.094764665895755,133.11506579594732,28.09433087917965,10.231019615562058,0.5440452307131133,5483,10.231019615562058,7.143836844025785,7.0422072500368404,A_if_A_hits_first_else_B
M15,trend_pullback,fixed_tp_plus_mr,"{""adx_threshold"": 18.0, ""atr_stop"": 3.0, ""atr_target"": 3.0, ""confirmation_bars"": 2, ""leg_a_atr_target"": 1.0, ""pullback_rsi"": 35.0, ""session_filter"": ""London_NY""}",1.2499571860745877,5.840567198420653,7.324323352399773,204.9375180543904,28.693217904604374,10.767181754815805,0.547119140625,8192,10.767181754815805,6.6859173797497835,7.027167872287852,A_if_A_hits_first_else_B
M15,trend_pullback,fixed_tp_plus_mr,"{""adx_threshold"": 20.0, ""atr_stop"": 3.0, ""atr_target"": 2.0, ""confirmation_bars"": 1, ""leg_a_atr_target"": 1.0, ""pullback_rsi"": 40.0, ""session_filter"": ""London_NY""}",1.2496271352522184,6.6472327826446955,7.559818933341495,279.1342664587634,23.40405548923517,10.434789470473623,0.5638377169630497,9391,10.434789470473623,6.9309630267458004,7.021035103751823,A_if_A_hits_first_else_B
M15,trend_pullback,fixed_tp_plus_mr,"{""adx_threshold"": 25.0, ""atr_stop"": 2.5, ""atr_target"": 3.0, ""confirmation_bars"": 1, ""leg_a_atr_target"": 1.0, ""pullback_rsi"": 45.0, ""session_filter"": ""NY""}",1.2008661279001598,3.529416130639762,5.4431385161204435,102.74129481363245,25.18738546338929,10.126994242676803,0.5108270284372554,3833,10.126994242676803,7.186221676000918,7.0184209647173255,A_if_A_hits_first_else_B
M15,trend_pullback,fixed_tp_plus_mr,"{""adx_threshold"": 15.0, ""atr_stop"": 3.0, ""atr_target"": 2.0, ""confirmation_bars"": 2, ""leg_a_atr_target"": 1.0, ""pullback_rsi"": 30, ""session_filter"": ""London""}",1.2820725836751397,5.763416861508615,6.251678479318589,199.06507784327295,21.57404688938745,10.799595951626968,0.5921207041072926,5965,10.799595951626968,6.616230538127955,7.0135768419620454,A_if_A_hits_first_else_B
M15,trend_pullback,fixed_tp_plus_mr,"{""adx_threshold"": 25.0, ""atr_stop"": 2.0, ""atr_target"": 3.0, ""confirmation_bars"": 1, ""leg_a_atr_target"": 1.0, ""pullback_rsi"": 25, ""session_filter"": ""NY""}",1.1983205223230171,2.268631793071496,3.6867662548952786,33.6290849436032,29.070324195221648,9.935044732715365,0.5203252032520326,1476,9.935044732715365,7.2855803492082085,6.995440918058675,A_if_A_hits_first_else_B
M15,trend_pullback,fixed_tp_plus_mr,"{""adx_threshold"": 20.0, ""atr_stop"": 3.0, ""atr_target"": 2.0, ""confirmation_bars"": 2, ""leg_a_atr_target"": 1.0, ""pullback_rsi"": 35.0, ""session_filter"": ""London""}",1.2849669709148723,5.726502812239831,6.2983436032207125,143.96443178680747,28.958388325376273,11.28784635575229,0.5830324909747292,5540,11.28784635575229,6.1173709669029614,6.960556553802609,A_if_A_hits_first_else_B
M15,trend_pullback,fixed_tp_plus_mr,"{""adx_threshold"": 20.0, ""atr_stop"": 3.0, ""atr_target"": 3.0, ""confirmation_bars"": 1, ""leg_a_atr_target"": 1.0, ""pullback_rsi"": 35.0, ""session_filter"": ""London_NY""}",1.2395427501693708,5.3573768695479345,6.679025485294138,175.17374838741458,29.987450178525933,10.568027197599024,0.5454667381974249,7456,10.568027197599024,6.6859173797497835,6.955380890080935,A_if_A_hits_first_else_B
M15,trend_pullback,fixed_tp_plus_mr,"{""adx_threshold"": 15.0, ""atr_stop"": 2.5, ""atr_target"": 3.0, ""confirmation_bars"": 2, ""leg_a_atr_target"": 1.0, ""pullback_rsi"": 30, ""session_filter"": ""London_NY""}",1.2421765307812662,5.55079254734396,7.579264362479036,210.9719665778966,24.411543265076457,10.132774048730145,0.5393494228751312,7624,10.132774048730145,6.9870437352123425,6.939075904057358,A_if_A_hits_first_else_B
M15,trend_pullback,fixed_tp_plus_mr,"{""adx_threshold"": 15.0, ""atr_stop"": 2.5, ""atr_target"": 3.0, ""confirmation_bars"": 1, ""leg_a_atr_target"": 1.0, ""pullback_rsi"": 45.0, ""session_filter"": ""NY""}",1.2111264547254652,5.338349445457743,8.150529059523997,199.81419711465134,24.26344695833544,9.20074868398355,0.5031629554655871,7904,9.20074868398355,7.714154639981452,6.933856918330989,A_if_A_hits_first_else_B
M15,trend_pullback,fixed_tp_plus_mr,"{""adx_threshold"": 20.0, ""atr_stop"": 3.0, ""atr_target"": 2.0, ""confirmation_bars"": 2, ""leg_a_atr_target"": 1.0, ""pullback_rsi"": 40.0, ""session_filter"": ""London_NY""}",1.238565832814532,6.233899916609837,7.0864614420847625,227.2842248426566,26.4363001149907,10.14729899686472,0.5641747354199504,8882,10.14729899686472,6.9309630267458004,6.918201177501168,A_if_A_hits_first_else_B
M15,trend_pullback,fixed_tp_plus_mr,"{""adx_threshold"": 15.0, ""atr_stop"": 2.5, ""atr_target"": 2.0, ""confirmation_bars"": 1, ""leg_a_atr_target"": 1.0, ""pullback_rsi"": 30, ""session_filter"": ""London""}",1.3163174031825635,6.807188212917621,8.301725866104402,237.9395147804211,20.550240133892384,11.45668736194816,0.5752889721961887,6402,11.45668736194816,5.824083471935841,6.893941619689497,A_if_A_hits_first_else_B
M15,trend_pullback,fixed_tp_plus_mr,"{""adx_threshold"": 15.0, ""atr_stop"": 2.5, ""atr_target"": 3.0, ""confirmation_bars"": 2, ""leg_a_atr_target"": 1.0, ""pullback_rsi"": 45.0, ""session_filter"": ""NY""}",1.2060780256899397,5.163045785647399,7.8762860313654635,181.83444547666005,25.579543689480456,8.980387712040184,0.5019951087656069,7769,8.980387712040184,7.714154639981452,6.855720892343705,A_if_A_hits_first_else_B
M15,trend_pullback,fixed_tp_plus_mr,"{""adx_threshold"": 15.0, ""atr_stop"": 2.0, ""atr_target"": 2.0, ""confirmation_bars"": 2, ""leg_a_atr_target"": 1.5, ""pullback_rsi"": 25, ""session_filter"": ""London_NY""}",1.2441575070269195,5.2883889625170495,7.991812396767228,136.40803677984263,29.925435987926196,12.07474849012183,0.48905541313350426,5071,12.07474849012183,5.239257339668678,6.83265927579893,A_if_A_hits_first_else_B
M15,trend_pullback,fixed_tp_plus_mr,"{""adx_threshold"": 15.0, ""atr_stop"": 3.0, ""atr_target"": 2.5, ""confirmation_bars"": 1, ""leg_a_atr_target"": 1.0, ""pullback_rsi"": 35.0, ""session_filter"": ""London_NY""}",1.2700688488213623,7.153383121930642,8.510527757855467,277.1036567296271,26.331356662728204,10.873010954541016,0.5645738128352871,10066,10.873010954541016,6.1362940310513014,6.820899917826713,A_if_A_hits_first_else_B
M15,trend_pullback,fixed_tp_plus_mr,"{""adx_threshold"": 18.0, ""atr_stop"": 3.0, ""atr_target"": 2.0, ""confirmation_bars"": 1, ""leg_a_atr_target"": 1.0, ""pullback_rsi"": 40.0, ""session_filter"": ""London_NY""}",1.23935763983771,6.860420907304235,7.744295315957194,256.8039928366399,27.41433907344723,9.769791472437923,0.5628642797668609,10809,9.769791472437923,6.9309630267458004,6.786231905356425,A_if_A_hits_first_else_B
M15,trend_pullback,fixed_tp_plus_mr,"{""adx_threshold"": 18.0, ""atr_stop"": 3.0, ""atr_target"": 2.5, ""confirmation_bars"": 1, ""leg_a_atr_target"": 1.5, ""pullback_rsi"": 40.0, ""session_filter"": ""NY""}",1.1585753074173037,3.403825770503396,4.9880255131683136,111.13698589318089,26.90749208876223,9.843375802138416,0.5235900811937678,4557,9.843375802138416,6.901751807528649,6.782684905619798,A_if_A_hits_first_else_B
M15,trend_pullback,fixed_tp_plus_mr,"{""adx_threshold"": 20.0, ""atr_stop"": 3.0, ""atr_target"": 2.0, ""confirmation_bars"": 1, ""leg_a_atr_target"": 1.0, ""pullback_rsi"": 45.0, ""session_filter"": ""London_NY""}",1.2573961238887066,7.3630352937429056,8.61321175213594,354.9880323550857,21.882251711073973,10.345295407634977,0.551806801029921,11263,10.345295407634977,6.421284642860287,6.761910706737112,A_if_A_hits_first_else_B
M15,trend_pullback,fixed_tp_plus_mr,"{""adx_threshold"": 18.0, ""atr_stop"": 2.5, ""atr_target"": 2.0, ""confirmation_bars"": 2, ""leg_a_atr_target"": 1.5, ""pullback_rsi"": 30, ""session_filter"": ""London""}",1.21580120409999,4.233382423110599,5.8955649853191625,107.67596943035623,28.657540359044866,10.764168975522264,0.5265116279069767,4300,10.764168975522264,6.064000488513468,6.739419602083851,A_if_A_hits_first_else_B
M15,trend_pullback,fixed_tp_plus_mr,"{""adx_threshold"": 15.0, ""atr_stop"": 1.5, ""atr_target"": 3.0, ""confirmation_bars"": 2, ""leg_a_atr_target"": 1.0, ""pullback_rsi"": 25, ""session_filter"": ""NY""}",1.249209390712583,3.9377020834617467,6.980875318511614,71.70872715515837,28.43628902524945,10.379013018409436,0.4760773668137089,2947,10.379013018409436,6.302632338010539,6.718680986690562,A_if_A_hits_first_else_B
M15,trend_pullback,fixed_tp_plus_mr,"{""adx_threshold"": 15.0, ""atr_stop"": 2.0, ""atr_target"": 2.0, ""confirmation_bars"": 2, ""leg_a_atr_target"": 1.0, ""pullback_rsi"": 25, ""session_filter"": ""London""}",1.3521166483217095,6.780703635237211,8.853488767371704,177.84248790006671,21.971971053746426,12.285317531753826,0.5470551247118005,4771,12.285317531753826,4.754128700064247,6.709642380807092,A_if_A_hits_first_else_B
M15,trend_pullback,fixed_tp_plus_mr,"{""adx_threshold"": 25.0, ""atr_stop"": 3.0, ""atr_target"": 2.0, ""confirmation_bars"": 2, ""leg_a_atr_target"": 1.0, ""pullback_rsi"": 35.0, ""session_filter"": ""London""}",1.2354984391488169,3.8496090635432414,4.092732239842302,84.99052648865003,28.773443511303963,10.110819099712597,0.5854465270121278,3628,10.110819099712597,6.4757051009470175,6.69995366815533,A_if_A_hits_first_else_B
M15,trend_pullback,fixed_tp_plus_mr,"{""adx_threshold"": 15.0, ""atr_stop"": 2.5, ""atr_target"": 2.0, ""confirmation_bars"": 2, ""leg_a_atr_target"": 1.0, ""pullback_rsi"": 30, ""session_filter"": ""London""}",1.297410436952637,6.303439376281847,7.724869094782823,200.06824648821708,22.305691742983495,10.861578696394805,0.5690410514359889,6163,10.861578696394805,5.824083471935841,6.681872193499837,A_if_A_hits_first_else_B
M15,trend_pullback,fixed_tp_plus_mr,"{""adx_threshold"": 18.0, ""atr_stop"": 3.0, ""atr_target"": 2.0, ""confirmation_bars"": 2, ""leg_a_atr_target"": 1.0, ""pullback_rsi"": 40.0, ""session_filter"": ""London_NY""}",1.229738232477801,6.474389956851608,7.283722079821866,300.9077617011158,21.810153778080473,9.472016581909932,0.5634561724237468,10393,9.472016581909932,6.9309630267458004,6.680086812199646,A_if_A_hits_first_else_B
M15,trend_pullback,fixed_tp_plus_mr,"{""adx_threshold"": 20.0, ""atr_stop"": 3.0, ""atr_target"": 2.0, ""confirmation_bars"": 2, ""leg_a_atr_target"": 1.0, ""pullback_rsi"": 45.0, ""session_filter"": ""London_NY""}",1.2481828933451273,7.004012225441815,8.197223049407635,326.8288543218729,22.223779675698992,10.114239393952484,0.5526364649090234,10772,10.114239393952484,6.421284642860287,6.679198455839523,A_if_A_hits_first_else_B
M15,trend_pullback,fixed_tp_plus_mr,"{""adx_threshold"": 15.0, ""atr_stop"": 2.0, ""atr_target"": 2.0, ""confirmation_bars"": 1, ""leg_a_atr_target"": 1.0, ""pullback_rsi"": 25, ""session_filter"": ""London""}",1.3504653610934738,6.900371913249268,9.035057130302416,180.49343110787754,22.25852315443054,12.166920701203175,0.548152634766808,4953,12.166920701203175,4.754128700064247,6.667873232668717,A_if_A_hits_first_else_B
M15,trend_pullback,fixed_tp_plus_mr,"{""adx_threshold"": 15.0, ""atr_stop"": 2.5, ""atr_target"": 2.5, ""confirmation_bars"": 2, ""leg_a_atr_target"": 1.0, ""pullback_rsi"": 35.0, ""session_filter"": ""London_NY""}",1.2802083457844982,7.618188351104599,10.083492926201792,252.43373214072622,29.567820177974895,10.929200310609247,0.5443186255368997,10244,10.929200310609247,5.7371043658899925,6.662958742520632,A_if_A_hits_first_else_B
M15,trend_pullback,fixed_tp_plus_mr,"{""adx_threshold"": 18.0, ""atr_stop"": 2.0, ""atr_target"": 3.0, ""confirmation_bars"": 2, ""leg_a_atr_target"": 1.0, ""pullback_rsi"": 35.0, ""session_filter"": ""NY""}",1.252344295875404,4.734473145349194,8.250214859012864,155.00948661371805,22.661464833969262,11.552539015002413,0.5016443762332822,4561,11.552539015002413,5.243506801979601,6.653435575316745,A_if_A_hits_first_else_B
M15,trend_pullback,fixed_tp_plus_mr,"{""adx_threshold"": 15.0, ""atr_stop"": 3.0, ""atr_target"": 2.5, ""confirmation_bars"": 2, ""leg_a_atr_target"": 1.0, ""pullback_rsi"": 35.0, ""session_filter"": ""London_NY""}",1.255003304130116,6.674747167693319,7.962441218921401,254.11051607271418,26.673007116283536,10.388104020940988,0.5595177275978339,9787,10.388104020940988,6.1362940310513014,6.648169382128455,A_if_A_hits_first_else_B
M15,trend_pullback,fixed_tp_plus_mr,"{""adx_threshold"": 25.0, ""atr_stop"": 3.0, ""atr_target"": 2.5, ""confirmation_bars"": 2, ""leg_a_atr_target"": 1.0, ""pullback_rsi"": 35.0, ""session_filter"": ""London_NY""}",1.197632893294888,3.610781354853793,4.23593346236676,113.08413868257009,26.150897951188696,9.630650577244783,0.5620929222752931,4606,9.630650577244783,6.7400115557959825,6.643259480802843,A_if_A_hits_first_else_B
M15,trend_pullback,fixed_tp_plus_mr,"{""adx_threshold"": 20.0, ""atr_stop"": 3.0, ""atr_target"": 3.0, ""confirmation_bars"": 2, ""leg_a_atr_target"": 1.0, ""pullback_rsi"": 35.0, ""session_filter"": ""London_NY""}",1.2120934274593502,4.671932189305692,5.833645310045235,152.314006301127,29.56841163440414,9.67008997136476,0.5432293157744059,6986,9.67008997136476,6.6859173797497835,6.635612996356938,A_if_A_hits_first_else_B
M15,trend_pullback,fixed_tp_plus_mr,"{""adx_threshold"": 15.0, ""atr_stop"": 2.5, ""atr_target"": 2.5, ""confirmation_bars"": 1, ""leg_a_atr_target"": 1.0, ""pullback_rsi"": 35.0, ""session_filter"": ""London_NY""}",1.278315006188475,7.692418496037825,10.050919828377454,287.808177807915,26.454197397310963,10.831374736756842,0.5473254931714719,10544,10.831374736756842,5.7371043658899925,6.628341123753086,A_if_A_hits_first_else_B
M15,trend_pullback,fixed_tp_plus_mr,"{""adx_threshold"": 18.0, ""atr_stop"": 2.0, ""atr_target"": 3.0, ""confirmation_bars"": 1, ""leg_a_atr_target"": 1.0, ""pullback_rsi"": 35.0, ""session_filter"": ""NY""}",1.2524783943494358,4.860277428221129,8.396726674029642,184.06922327142385,19.83051149829921,11.456958093430567,0.5032433563507009,4779,11.456958093430567,5.243506801979601,6.620009072461405,A_if_A_hits_first_else_B
M15,trend_pullback,fixed_tp_plus_mr,"{""adx_threshold"": 25.0, ""atr_stop"": 3.0, ""atr_target"": 2.0, ""confirmation_bars"": 2, ""leg_a_atr_target"": 1.0, ""pullback_rsi"": 45.0, ""session_filter"": ""London_NY""}",1.2181882843055054,4.967313502134363,5.715307814610308,297.05466674349424,15.387487817744114,9.754428223900016,0.5574050362782758,7029,9.754428223900016,6.577631680823908,6.617621791596865,A_if_A_hits_first_else_B
M15,trend_pullback,fixed_tp_plus_mr,"{""adx_threshold"": 15.0, ""atr_stop"": 1.5, ""atr_target"": 2.0, ""confirmation_bars"": 1, ""leg_a_atr_target"": 1.0, ""pullback_rsi"": 30, ""session_filter"": ""London_NY""}",1.3437941331092962,9.093181292223116,15.665183000494789,295.78269018280605,24.511806346978183,11.762115545991534,0.49470041098853557,9246,11.762115545991534,4.898288125151572,6.589728924037104,A_if_A_hits_first_else_B
M15,trend_pullback,fixed_tp_plus_mr,"{""adx_threshold"": 15.0, ""atr_stop"": 1.5, ""atr_target"": 2.0, ""confirmation_bars"": 2, ""leg_a_atr_target"": 1.0, ""pullback_rsi"": 30, ""session_filter"": ""London_NY""}",1.3387303163838886,8.807470064990898,15.127194337822004,307.0344833986244,22.647919190038895,11.656837564652514,0.49262405006705406,8948,11.656837564652514,4.898288125151572,6.551868867223365,A_if_A_hits_first_else_B
M15,trend_pullback,fixed_tp_plus_mr,"{""adx_threshold"": 15.0, ""atr_stop"": 1.5, ""atr_target"": 3.0, ""confirmation_bars"": 1, ""leg_a_atr_target"": 1.0, ""pullback_rsi"": 25, ""session_filter"": ""NY""}",1.2368330867292439,3.8298408203607415,6.824287346027164,66.83509356011804,29.94737455051226,9.892268105255614,0.4731466227347611,3035,9.892268105255614,6.302632338010539,6.545845006290056,A_if_A_hits_first_else_B
M15,trend_pullback,fixed_tp_plus_mr,"{""adx_threshold"": 18.0, ""atr_stop"": 2.0, ""atr_target"": 2.0, ""confirmation_bars"": 1, ""leg_a_atr_target"": 1.0, ""pullback_rsi"": 40.0, ""session_filter"": ""NY""}",1.258017764907001,6.107029550021644,9.265729705521846,151.32440266322774,29.758417993316833,11.26356885202928,0.52109388027347,5997,11.26356885202928,5.188344738170735,6.528607783368479,A_if_A_hits_first_else_B
M15,trend_pullback,fixed_tp_plus_mr,"{""adx_threshold"": 25.0, ""atr_stop"": 3.0, ""atr_target"": 2.0, ""confirmation_bars"": 2, ""leg_a_atr_target"": 1.0, ""pullback_rsi"": 40.0, ""session_filter"": ""London_NY""}",1.1925625444636512,4.093578220338046,4.527928787405446,209.6529640046834,16.540626864593452,8.942216216239057,0.569709472236548,5817,8.942216216239057,7.013973887713765,6.524576434047594,A_if_A_hits_first_else_B
M15,trend_pullback,fixed_tp_plus_mr,"{""adx_threshold"": 18.0, ""atr_stop"": 3.0, ""atr_target"": 2.0, ""confirmation_bars"": 1, ""leg_a_atr_target"": 1.0, ""pullback_rsi"": 35.0, ""session_filter"": null}",1.2555420368711845,7.68718739859266,8.697249057049971,311.8593300870932,28.221281513385982,10.43935230147534,0.5693499920923613,12646,10.43935230147534,5.809005715501717,6.518934284866378,A_if_A_hits_first_else_B
M15,trend_pullback,fixed_tp_plus_mr,"{""adx_threshold"": 18.0, ""atr_stop"": 3.0, ""atr_target"": 2.0, ""confirmation_bars"": 2, ""leg_a_atr_target"": 1.0, ""pullback_rsi"": 35.0, ""session_filter"": null}",1.2486023343540777,7.33298983668633,8.313187795552073,296.6956318597988,27.888912157712436,10.30365069049673,0.5700647517848249,12046,10.30365069049673,5.809005715501717,6.4700507805204435,A_if_A_hits_first_else_B
M15,trend_pullback,fixed_tp_plus_mr,"{""adx_threshold"": 15.0, ""atr_stop"": 2.0, ""atr_target"": 3.0, ""confirmation_bars"": 1, ""leg_a_atr_target"": 1.0, ""pullback_rsi"": 35.0, ""session_filter"": ""NY""}",1.2487045754323873,5.15540693350033,8.790793949689787,170.839963059451,23.434741629870995,10.918882893695299,0.5061818181818182,5500,10.918882893695299,5.280458466403214,6.447556237761279,A_if_A_hits_first_else_B
M15,trend_pullback,fixed_tp_plus_mr,"{""adx_threshold"": 25.0, ""atr_stop"": 3.0, ""atr_target"": 2.5, ""confirmation_bars"": 1, ""leg_a_atr_target"": 1.0, ""pullback_rsi"": 40.0, ""session_filter"": ""London_NY""}",1.2161920723551096,4.527158624724817,5.400941691549526,140.21756053134905,28.50936294299401,9.873653855185543,0.5484933311378232,6073,9.873653855185543,6.082916695295058,6.436329776668738,A_if_A_hits_first_else_B
M15,trend_pullback,fixed_tp_plus_mr,"{""adx_threshold"": 15.0, ""atr_stop"": 2.0, ""atr_target"": 3.0, ""confirmation_bars"": 2, ""leg_a_atr_target"": 1.0, ""pullback_rsi"": 35.0, ""session_filter"": ""NY""}",1.2455503621512454,5.025328205411132,8.592918317121562,149.06361658124158,26.0421868126574,10.8494761039101,0.5027016955468604,5367,10.8494761039101,5.280458466403214,6.422633018680231,A_if_A_hits_first_else_B
M15,trend_pullback,fixed_tp_plus_mr,"{""adx_threshold"": 15.0, ""atr_stop"": 3.0, ""atr_target"": 2.5, ""confirmation_bars"": 1, ""leg_a_atr_target"": 1.0, ""pullback_rsi"": 30, ""session_filter"": null}",1.2456274298935779,6.871980413379272,8.041388624665004,263.874254898665,28.913890999470297,10.072563954902002,0.5668896321070234,11362,10.072563954902002,5.879457868982158,6.4202789112363865,A_if_A_hits_first_else_B
M15,trend_pullback,fixed_tp_plus_mr,"{""adx_threshold"": 15.0, ""atr_stop"": 2.0, ""atr_target"": 2.0, ""confirmation_bars"": 2, ""leg_a_atr_target"": 1.0, ""pullback_rsi"": 40.0, ""session_filter"": ""NY""}",1.267151406098829,6.687183855138138,10.09587891259226,196.15787006395456,26.00343479979408,11.176113901565557,0.5208881098451651,6846,11.176113901565557,4.95705876920929,6.395746592911891,A_if_A_hits_first_else_B
M15,trend_pullback,fixed_tp_plus_mr,"{""adx_threshold"": 15.0, ""atr_stop"": 2.0, ""atr_target"": 2.0, ""confirmation_bars"": 1, ""leg_a_atr_target"": 1.0, ""pullback_rsi"": 30, ""session_filter"": ""London""}",1.3315860903025358,7.577252316225862,10.404129526578206,180.54030217162665,28.371839296751922,11.223182383436487,0.5406076541045867,6846,11.223182383436487,4.815803957252152,6.361542833026746,A_if_A_hits_first_else_B
M15,trend_pullback,fixed_tp_plus_mr,"{""adx_threshold"": 15.0, ""atr_stop"": 2.0, ""atr_target"": 2.0, ""confirmation_bars"": 1, ""leg_a_atr_target"": 1.0, ""pullback_rsi"": 40.0, ""session_filter"": ""NY""}",1.2647886999556466,6.706568050303715,10.114384521795117,192.15238043583437,26.790819506433955,11.078736890935593,0.5220946915351506,6970,11.078736890935593,4.95705876920929,6.361192097962767,A_if_A_hits_first_else_B
M15,trend_pullback,fixed_tp_plus_mr,"{""adx_threshold"": 18.0, ""atr_stop"": 3.0, ""atr_target"": 2.0, ""confirmation_bars"": 1, ""leg_a_atr_target"": 1.0, ""pullback_rsi"": 45.0, ""session_filter"": ""London_NY""}",1.233261140454767,7.247628642412774,8.450950098096362,361.93365531503963,21.965164649996325,9.182181024913211,0.5484715484715484,12987,9.182181024913211,6.421284642860287,6.349993676097705,A_if_A_hits_first_else_B
M15,trend_pullback,fixed_tp_plus_mr,"{""adx_threshold"": 15.0, ""atr_stop"": 3.0, ""atr_target"": 2.0, ""confirmation_bars"": 1, ""leg_a_atr_target"": 1.0, ""pullback_rsi"": 35.0, ""session_filter"": ""London""}",1.305223743327082,7.317218140226308,8.01947148368717,214.31814414998917,27.64346049704715,11.058664419382785,0.5890990542558486,8036,11.058664419382785,4.904063059921853,6.338405672414224,A_if_A_hits_first_else_B
M15,trend_pullback,fixed_tp_plus_mr,"{""adx_threshold"": 18.0, ""atr_stop"": 3.0, ""atr_target"": 2.0, ""confirmation_bars"": 2, ""leg_a_atr_target"": 1.0, ""pullback_rsi"": 45.0, ""session_filter"": ""London_NY""}",1.2297224130974354,7.022012049083572,8.158292503567688,338.5480501129579,22.559168389497607,9.11379769741562,0.5491646778042959,12570,9.11379769741562,6.421284642860287,6.325351766002083,A_if_A_hits_first_else_B
M15,trend_pullback,fixed_tp_plus_mr,"{""adx_threshold"": 18.0, ""atr_stop"": 2.0, ""atr_target"": 2.0, ""confirmation_bars"": 2, ""leg_a_atr_target"": 1.0, ""pullback_rsi"": 40.0, ""session_filter"": ""NY""}",1.2428918112950793,5.664049082744675,8.606656861157122,141.86936770529772,28.993420484909123,10.680140813072208,0.5179158732906353,5777,10.680140813072208,5.188344738170735,6.3213827790111194,A_if_A_hits_first_else_B
M15,trend_pullback,fixed_tp_plus_mr,"{""adx_threshold"": 18.0, ""atr_stop"": 2.5, ""atr_target"": 2.5, ""confirmation_bars"": 1, ""leg_a_atr_target"": 1.5, ""pullback_rsi"": 40.0, ""session_filter"": ""NY""}",1.1616272269049064,3.584210557978656,5.890421198105496,104.56754667097299,28.89738324396226,9.506276649639315,0.4924496644295302,4768,9.506276649639315,6.060958273022111,6.286953495614691,A_if_A_hits_first_else_B
M15,trend_pullback,fixed_tp_plus_mr,"{""adx_threshold"": 25.0, ""atr_stop"": 3.0, ""atr_target"": 2.0, ""confirmation_bars"": 2, ""leg_a_atr_target"": 1.0, ""pullback_rsi"": 45.0, ""session_filter"": ""London""}",1.2432437618472798,4.815545235569632,5.456287418317595,158.0474706920145,22.634061676127118,9.894678773922926,0.5596533284160059,5423,9.894678773922926,5.601248925886677,6.232348339891485,A_if_A_hits_first_else_B
M15,trend_pullback,fixed_tp_plus_mr,"{""adx_threshold"": 25.0, ""atr_stop"": 3.0, ""atr_target"": 2.5, ""confirmation_bars"": 1, ""leg_a_atr_target"": 1.0, ""pullback_rsi"": 45.0, ""session_filter"": ""London_NY""}",1.2226860681016676,4.983744908056799,6.177665712027098,179.1202712624964,26.707249651903314,9.870309083199677,0.5356258596973865,7270,9.870309083199677,5.598543009548113,6.218489747036871,A_if_A_hits_first_else_B
M15,trend_pullback,fixed_tp_plus_mr,"{""adx_threshold"": 18.0, ""atr_stop"": 2.5, ""atr_target"": 2.0, ""confirmation_bars"": 1, ""leg_a_atr_target"": 1.0, ""pullback_rsi"": 45.0, ""session_filter"": ""London_NY""}",1.2440069652961496,7.8369484057361465,9.793482594868244,290.0958232743008,29.06309224602779,9.365787238400795,0.5335851292305414,13503,9.365787238400795,5.8989815744372684,6.181368634996279,A_if_A_hits_first_else_B
M15,trend_pullback,fixed_tp_plus_mr,"{""adx_threshold"": 25.0, ""atr_stop"": 1.5, ""atr_target"": 2.5, ""confirmation_bars"": 2, ""leg_a_atr_target"": 1.0, ""pullback_rsi"": 30, ""session_filter"": ""London""}",1.3031797801858411,4.436900724910221,7.827877204772693,78.26536075643907,28.696137401612066,10.537598745950165,0.46230841413825463,3197,10.537598745950165,4.948018257140771,6.175403732833073,A_if_A_hits_first_else_B
M15,trend_pullback,fixed_tp_plus_mr,"{""adx_threshold"": 15.0, ""atr_stop"": 3.0, ""atr_target"": 2.0, ""confirmation_bars"": 2, ""leg_a_atr_target"": 1.0, ""pullback_rsi"": 35.0, ""session_filter"": ""London""}",1.2840930392431729,6.733624892054917,7.3832689711528765,201.32515612989874,26.841317557019863,10.426741280999234,0.5839979418574737,7774,10.426741280999234,4.904063059921853,6.1130064331632,A_if_A_hits_first_else_B
M15,trend_pullback,fixed_tp_plus_mr,"{""adx_threshold"": 15.0, ""atr_stop"": 3.0, ""atr_target"": 3.0, ""confirmation_bars"": 1, ""leg_a_atr_target"": 1.0, ""pullback_rsi"": 35.0, ""session_filter"": ""London_NY""}",1.2305043415403398,5.986877327493428,7.367930172709043,236.4371732868519,26.563548262448872,9.419031589145545,0.5509898020395921,10002,9.419031589145545,5.653846128763542,6.086992682452602,A_if_A_hits_first_else_B
M15,trend_pullback,fixed_tp_plus_mr,"{""adx_threshold"": 20.0, ""atr_stop"": 3.0, ""atr_target"": 2.5, ""confirmation_bars"": 1, ""leg_a_atr_target"": 1.0, ""pullback_rsi"": 40.0, ""session_filter"": ""London_NY""}",1.2105271902677457,5.482236221478241,6.63676462215318,202.8485501744241,27.223038552961793,8.920127991294537,0.5369373250053845,9286,8.920127991294537,6.02328789835283,6.074629789265411,A_if_A_hits_first_else_B
M15,trend_pullback,fixed_tp_plus_mr,"{""adx_threshold"": 15.0, ""atr_stop"": 2.0, ""atr_target"": 2.0, ""confirmation_bars"": 2, ""leg_a_atr_target"": 1.0, ""pullback_rsi"": 30, ""session_filter"": ""London""}",1.301501811016135,6.828092818609145,9.378998869420263,162.313817508172,28.076137417687576,10.34774079279949,0.5349682107175295,6606,10.34774079279949,4.815803957252152,6.049121420446517,A_if_A_hits_first_else_B
M15,trend_pullback,fixed_tp_plus_mr,"{""adx_threshold"": 18.0, ""atr_stop"": 3.0, ""atr_target"": 3.0, ""confirmation_bars"": 1, ""leg_a_atr_target"": 1.5, ""pullback_rsi"": 40.0, ""session_filter"": ""NY""}",1.1382294812941431,2.927635706687768,4.342874212136273,94.33448859982616,28.08512585328827,8.665708628320022,0.5115569123419101,4586,8.665708628320022,6.165918149757289,6.035307083561617,A_if_A_hits_first_else_B
M15,trend_pullback,fixed_tp_plus_mr,"{""adx_threshold"": 20.0, ""atr_stop"": 3.0, ""atr_target"": 2.5, ""confirmation_bars"": 2, ""leg_a_atr_target"": 1.0, ""pullback_rsi"": 40.0, ""session_filter"": ""London_NY""}",1.2037230777112793,5.20596225427693,6.2964766324270665,203.46494124820794,25.288854422039098,8.778540626503634,0.5378753412192903,8792,8.778540626503634,6.02328789835283,6.023713389077302,A_if_A_hits_first_else_B
M15,trend_pullback,fixed_tp_plus_mr,"{""adx_threshold"": 25.0, ""atr_stop"": 3.0, ""atr_target"": 3.0, ""confirmation_bars"": 2, ""leg_a_atr_target"": 1.0, ""pullback_rsi"": 35.0, ""session_filter"": ""London_NY""}",1.168017651768014,3.00914746025881,3.71334947222514,87.12175786761341,29.733215952053538,8.441483947860977,0.5461655442102976,4603,8.441483947860977,6.207677506563084,5.981577790058333,A_if_A_hits_first_else_B
M15,trend_pullback,fixed_tp_plus_mr,"{""adx_threshold"": 18.0, ""atr_stop"": 2.5, ""atr_target"": 2.0, ""confirmation_bars"": 1, ""leg_a_atr_target"": 1.0, ""pullback_rsi"": 40.0, ""session_filter"": null}",1.239573878643866,8.42266501987674,10.334745272087588,400.68244950069095,25.026271874364987,9.280793407006966,0.5379157154316037,16207,9.280793407006966,5.510004533930129,5.975694508449769,A_if_A_hits_first_else_B
M15,trend_pullback,fixed_tp_plus_mr,"{""adx_threshold"": 25.0, ""atr_stop"": 3.0, ""atr_target"": 2.0, ""confirmation_bars"": 2, ""leg_a_atr_target"": 1.0, ""pullback_rsi"": 40.0, ""session_filter"": ""London""}",1.1987056211494551,3.689140741669218,4.03113033652104,110.21393555888011,23.194614441484156,8.498569618905572,0.5682624113475178,4512,8.498569618905572,6.094756979815001,5.956881131763591,A_if_A_hits_first_else_B
M15,trend_pullback,fixed_tp_plus_mr,"{""adx_threshold"": 15.0, ""atr_stop"": 2.5, ""atr_target"": 3.0, ""confirmation_bars"": 1, ""leg_a_atr_target"": 1.0, ""pullback_rsi"": 35.0, ""session_filter"": ""London_NY""}",1.243269503532684,6.591227657866159,8.895085632326209,267.940182661353,24.83919264588563,9.544098204635466,0.5355640535372849,10460,9.544098204635466,5.169937516426726,5.915560154720977,A_if_A_hits_first_else_B
M15,trend_pullback,fixed_tp_plus_mr,"{""adx_threshold"": 15.0, ""atr_stop"": 2.5, ""atr_target"": 3.0, ""confirmation_bars"": 2, ""leg_a_atr_target"": 1.0, ""pullback_rsi"": 35.0, ""session_filter"": ""London_NY""}",1.2429309887901303,6.4919239037262475,8.85992016329963,243.2429648182168,26.579477283049822,9.540488230665257,0.5324151500245942,10165,9.540488230665257,5.169937516426726,5.914228960882893,A_if_A_hits_first_else_B
M15,trend_pullback,fixed_tp_plus_mr,"{""adx_threshold"": 15.0, ""atr_stop"": 3.0, ""atr_target"": 2.0, ""confirmation_bars"": 1, ""leg_a_atr_target"": 1.0, ""pullback_rsi"": 40.0, ""session_filter"": ""London_NY""}",1.2295214366173282,7.115102870612428,7.987291496301837,289.8582708006788,26.013962418661592,8.925618091083187,0.5627367424242424,12672,8.925618091083187,5.6175047703592655,5.897747765864251,A_if_A_hits_first_else_B
M15,trend_pullback,fixed_tp_plus_mr,"{""adx_threshold"": 18.0, ""atr_stop"": 3.0, ""atr_target"": 2.5, ""confirmation_bars"": 1, ""leg_a_atr_target"": 1.0, ""pullback_rsi"": 40.0, ""session_filter"": ""London_NY""}",1.2042834763744652,5.731310579477307,6.863855605978377,245.76169932754448,24.466889350326646,8.401990177916064,0.5376804843968328,10735,8.401990177916064,6.02328789835283,5.892032811804288,A_if_A_hits_first_else_B
M15,trend_pullback,fixed_tp_plus_mr,"{""adx_threshold"": 15.0, ""atr_stop"": 3.0, ""atr_target"": 2.5, ""confirmation_bars"": 1, ""leg_a_atr_target"": 1.0, ""pullback_rsi"": 30, ""session_filter"": ""London""}",1.2309906476295103,4.786803059702126,5.48735045792556,127.04543946393495,29.338886454429147,9.117836895756934,0.5689823874755382,6132,9.117836895756934,5.420366355043496,5.876605902810402,A_if_A_hits_first_else_B
M15,trend_pullback,fixed_tp_plus_mr,"{""adx_threshold"": 15.0, ""atr_stop"": 3.0, ""atr_target"": 3.0, ""confirmation_bars"": 2, ""leg_a_atr_target"": 1.0, ""pullback_rsi"": 35.0, ""session_filter"": ""London_NY""}",1.2127491014956837,5.474982942477408,6.742193636732006,208.48764665852323,27.31294275199606,8.782250397413017,0.5457536500102818,9726,8.782250397413017,5.653846128763542,5.860568217337286,A_if_A_hits_first_else_B
M15,trend_pullback,fixed_tp_plus_mr,"{""adx_threshold"": 20.0, ""atr_stop"": 3.0, ""atr_target"": 2.5, ""confirmation_bars"": 1, ""leg_a_atr_target"": 1.0, ""pullback_rsi"": 45.0, ""session_filter"": ""London_NY""}",1.2227069472814514,6.216237854645834,7.770500819920867,233.49699925762476,28.776117296272346,9.006886111213166,0.5260053619302949,11190,9.006886111213166,5.43126382332165,5.841020248875641,A_if_A_hits_first_else_B
M15,trend_pullback,fixed_tp_plus_mr,"{""adx_threshold"": 18.0, ""atr_stop"": 3.0, ""atr_target"": 2.5, ""confirmation_bars"": 2, ""leg_a_atr_target"": 1.0, ""pullback_rsi"": 40.0, ""session_filter"": ""London_NY""}",1.1986270809340314,5.4635487710318325,6.52921339361099,222.3750418757663,25.45427127336741,8.236096576290878,0.5381705306043263,10309,8.236096576290878,6.02328789835283,5.832838772147387,A_if_A_hits_first_else_B
M15,trend_pullback,fixed_tp_plus_mr,"{""adx_threshold"": 15.0, ""atr_stop"": 2.5, ""atr_target"": 2.0, ""confirmation_bars"": 1, ""leg_a_atr_target"": 1.0, ""pullback_rsi"": 35.0, ""session_filter"": ""London""}",1.2885548222581595,7.340437198525414,8.916551474481663,210.64111755664763,27.17716540049456,10.223767993776688,0.5648291463269437,8399,10.223767993776688,4.422138494773251,5.8259920849214355,A_if_A_hits_first_else_B
M15,trend_pullback,fixed_tp_plus_mr,"{""adx_threshold"": 25.0, ""atr_stop"": 3.0, ""atr_target"": 2.5, ""confirmation_bars"": 2, ""leg_a_atr_target"": 1.0, ""pullback_rsi"": 40.0, ""session_filter"": ""London_NY""}",1.1714894186619622,3.5517891287070036,4.189568357628589,158.16371652558857,19.720616415970113,8.126852487038462,0.5464651728330728,5757,8.126852487038462,6.082916695295058,5.816008767078631,A_if_A_hits_first_else_B
M15,trend_pullback,fixed_tp_plus_mr,"{""adx_threshold"": 18.0, ""atr_stop"": 2.0, ""atr_target"": 2.0, ""confirmation_bars"": 2, ""leg_a_atr_target"": 1.0, ""pullback_rsi"": 45.0, ""session_filter"": ""NY""}",1.2317382978543354,5.8742793641386895,9.041120804264136,178.9641740809325,26.395166360843742,10.136886582612066,0.5087267525035766,6990,10.136886582612066,4.475779536577267,5.8083587549448605,A_if_A_hits_first_else_B
M15,trend_pullback,fixed_tp_plus_mr,"{""adx_threshold"": 15.0, ""atr_stop"": 2.5, ""atr_target"": 2.0, ""confirmation_bars"": 2, ""leg_a_atr_target"": 1.0, ""pullback_rsi"": 35.0, ""session_filter"": ""London""}",1.2826113030921455,7.096759399778543,8.745509298989454,191.84819881182977,28.31322281615143,10.034188669648996,0.5608374384236453,8120,10.034188669648996,4.422138494773251,5.758450617643541,A_if_A_hits_first_else_B
M15,trend_pullback,fixed_tp_plus_mr,"{""adx_threshold"": 18.0, ""atr_stop"": 2.5, ""atr_target"": 2.0, ""confirmation_bars"": 2, ""leg_a_atr_target"": 1.0, ""pullback_rsi"": 40.0, ""session_filter"": null}",1.2182314009285555,7.587606949722575,9.283419295135104,350.42294119735186,25.46925713894576,8.622089260714587,0.5378373156437174,15527,8.622089260714587,5.510004533930129,5.740879561704374,A_if_A_hits_first_else_B
M15,trend_pullback,fixed_tp_plus_mr,"{""adx_threshold"": 15.0, ""atr_stop"": 2.0, ""atr_target"": 2.0, ""confirmation_bars"": 1, ""leg_a_atr_target"": 1.0, ""pullback_rsi"": 45.0, ""session_filter"": ""NY""}",1.236497486047629,6.548415180285912,10.028317209507007,193.7359799920238,28.648373558074304,9.919374585579257,0.5093530322888121,8393,9.919374585579257,4.458097081791932,5.7252242889686356,A_if_A_hits_first_else_B
M15,trend_pullback,fixed_tp_plus_mr,"{""adx_threshold"": 25.0, ""atr_stop"": 3.0, ""atr_target"": 2.5, ""confirmation_bars"": 2, ""leg_a_atr_target"": 1.0, ""pullback_rsi"": 45.0, ""session_filter"": ""London_NY""}",1.1848738793849507,4.106300721075414,5.043670167811171,221.66560704536184,17.707053040756186,8.448223549857152,0.5332185392452289,6969,8.448223549857152,5.598543009548113,5.713197372623644,A_if_A_hits_first_else_B
M15,trend_pullback,fixed_tp_plus_mr,"{""adx_threshold"": 15.0, ""atr_stop"": 3.0, ""atr_target"": 2.0, ""confirmation_bars"": 2, ""leg_a_atr_target"": 1.0, ""pullback_rsi"": 40.0, ""session_filter"": ""London_NY""}",1.2136026464577818,6.572863529189656,7.377564484351129,234.3093954444863,29.559329893757713,8.397222014003999,0.5590042030391206,12372,8.397222014003999,5.6175047703592655,5.709625380854625,A_if_A_hits_first_else_B
M15,trend_pullback,fixed_tp_plus_mr,"{""adx_threshold"": 15.0, ""atr_stop"": 3.0, ""atr_target"": 2.0, ""confirmation_bars"": 2, ""leg_a_atr_target"": 1.0, ""pullback_rsi"": 35.0, ""session_filter"": null}",1.2345510182233237,7.576194749273249,8.460806426527823,360.6653235995829,24.609010388586995,9.240941933017156,0.5690983549663358,14407,9.240941933017156,4.913007084618985,5.692093068279212,A_if_A_hits_first_else_B
M15,trend_pullback,fixed_tp_plus_mr,"{""adx_threshold"": 15.0, ""atr_stop"": 2.0, ""atr_target"": 2.0, ""confirmation_bars"": 2, ""leg_a_atr_target"": 1.0, ""pullback_rsi"": 45.0, ""session_filter"": ""NY""}",1.229830647452681,6.318148826642703,9.667712213135909,178.87940056609958,29.749794086573843,9.672165272939328,0.5079365079365079,8253,9.672165272939328,4.458097081791932,5.637367661825671,A_if_A_hits_first_else_B
M15,trend_pullback,fixed_tp_plus_mr,"{""adx_threshold"": 18.0, ""atr_stop"": 3.0, ""atr_target"": 2.5, ""confirmation_bars"": 1, ""leg_a_atr_target"": 1.0, ""pullback_rsi"": 45.0, ""session_filter"": ""London_NY""}",1.2111032977769043,6.365449258774985,7.883439562559589,247.84308024891402,28.86230232251489,8.293386045780808,0.5248879270366362,12938,8.293386045780808,5.43126382332165,5.588974496073407,A_if_A_hits_first_else_B
M15,trend_pullback,fixed_tp_plus_mr,"{""adx_threshold"": 25.0, ""atr_stop"": 3.0, ""atr_target"": 2.5, ""confirmation_bars"": 2, ""leg_a_atr_target"": 1.0, ""pullback_rsi"": 45.0, ""session_filter"": ""London""}",1.200161723655745,3.8650770412125457,4.684475647147943,117.49930888571234,25.63398997835523,8.389905588969393,0.5322191272051996,5385,8.389905588969393,5.3327274017674124,5.576226631665771,A_if_A_hits_first_else_B
M15,trend_pullback,fixed_tp_plus_mr,"{""adx_threshold"": 15.0, ""atr_stop"": 3.0, ""atr_target"": 2.0, ""confirmation_bars"": 1, ""leg_a_atr_target"": 1.0, ""pullback_rsi"": 45.0, ""session_filter"": ""London_NY""}",1.2262637138385568,7.606740667499829,8.814177704155483,444.7196897052158,19.4450237857614,8.479687138962863,0.5477544616591489,15297,8.479687138962863,5.197199471320924,5.551883003499128,A_if_A_hits_first_else_B
M15,trend_pullback,fixed_tp_plus_mr,"{""adx_threshold"": 25.0, ""atr_stop"": 3.0, ""atr_target"": 3.0, ""confirmation_bars"": 1, ""leg_a_atr_target"": 1.0, ""pullback_rsi"": 45.0, ""session_filter"": ""London_NY""}",1.1915505543288447,4.247604352661336,5.391094094353705,166.2372262151992,25.209573805769065,8.6610008753204,0.5220446403968035,7258,8.6610008753204,5.0446383212173584,5.539747661775721,A_if_A_hits_first_else_B
M15,trend_pullback,fixed_tp_plus_mr,"{""adx_threshold"": 20.0, ""atr_stop"": 3.0, ""atr_target"": 2.0, ""confirmation_bars"": 1, ""leg_a_atr_target"": 1.0, ""pullback_rsi"": 40.0, ""session_filter"": null}",1.2028789057772635,6.4687596283222755,7.426215015417062,276.15597805217305,27.62114678726813,8.558959611715286,0.5516157989228008,13368,8.558959611715286,5.1046834681399735,5.533319205918791,A_if_A_hits_first_else_B
M15,trend_pullback,fixed_tp_plus_mr,"{""adx_threshold"": 15.0, ""atr_stop"": 2.5, ""atr_target"": 2.0, ""confirmation_bars"": 1, ""leg_a_atr_target"": 1.0, ""pullback_rsi"": 45.0, ""session_filter"": ""London_NY""}",1.2327300259843632,8.093326801802716,10.037838276006926,355.0599064636676,25.574483634456218,8.568101308838115,0.5341259357111404,15897,8.568101308838115,4.995572595745985,5.493389131375906,A_if_A_hits_first_else_B
M15,trend_pullback,fixed_tp_plus_mr,"{""adx_threshold"": 20.0, ""atr_stop"": 3.0, ""atr_target"": 2.0, ""confirmation_bars"": 1, ""leg_a_atr_target"": 1.0, ""pullback_rsi"": 40.0, ""session_filter"": ""London""}",1.225141979763528,5.30704963496673,5.871950427801975,147.2950488959943,28.986667145112644,8.749165070637844,0.5639344262295082,7320,8.749165070637844,4.825992560983934,5.478932823118721,A_if_A_hits_first_else_B
M15,trend_pullback,fixed_tp_plus_mr,"{""adx_threshold"": 15.0, ""atr_stop"": 2.5, ""atr_target"": 2.0, ""confirmation_bars"": 2, ""leg_a_atr_target"": 1.0, ""pullback_rsi"": 45.0, ""session_filter"": ""London_NY""}",1.22743152085482,7.8493379417619975,9.804228427127473,330.46232482920624,26.43112204461817,8.406631413579408,0.5312800769971127,15585,8.406631413579408,4.995572595745985,5.435814967009449,A_if_A_hits_first_else_B
M15,trend_pullback,fixed_tp_plus_mr,"{""adx_threshold"": 18.0, ""atr_stop"": 2.5, ""atr_target"": 2.0, ""confirmation_bars"": 1, ""leg_a_atr_target"": 1.0, ""pullback_rsi"": 45.0, ""session_filter"": null}",1.2250499007542424,8.475667049474616,10.71259312647092,382.77739547767237,28.500045629641306,8.418871150724547,0.5235890312290992,19437,8.418871150724547,4.949012490081554,5.418670503441139,A_if_A_hits_first_else_B
M15,trend_pullback,fixed_tp_plus_mr,"{""adx_threshold"": 25.0, ""atr_stop"": 3.0, ""atr_target"": 3.0, ""confirmation_bars"": 2, ""leg_a_atr_target"": 1.0, ""pullback_rsi"": 45.0, ""session_filter"": ""London""}",1.195357110706117,3.6438729521153697,4.687624852947209,102.90800766239221,28.940719409438316,8.334603847224683,0.5186567164179104,5360,8.334603847224683,4.978495760590666,5.396505860935662,A_if_A_hits_first_else_B
M15,trend_pullback,fixed_tp_plus_mr,"{""adx_threshold"": 15.0, ""atr_stop"": 3.0, ""atr_target"": 2.0, ""confirmation_bars"": 2, ""leg_a_atr_target"": 1.0, ""pullback_rsi"": 45.0, ""session_filter"": ""London_NY""}",1.21203019552339,7.0829200735228595,8.211501026859152,376.746257058636,21.237306771178005,8.012827983756846,0.544264921885432,14978,8.012827983756846,5.197199471320924,5.385635595513989,A_if_A_hits_first_else_B
M15,trend_pullback,fixed_tp_plus_mr,"{""adx_threshold"": 15.0, ""atr_stop"": 3.0, ""atr_target"": 2.0, ""confirmation_bars"": 1, ""leg_a_atr_target"": 1.5, ""pullback_rsi"": 30, ""session_filter"": ""London""}",1.19114961923295,4.0904539515973,5.017604577555026,137.9195057288518,24.203797755545512,9.956778156311135,0.5659176774706701,5029,9.956778156311135,3.667693741825673,5.37356446237704,A_if_A_hits_first_else_B
M15,trend_pullback,fixed_tp_plus_mr,"{""adx_threshold"": 15.0, ""atr_stop"": 2.5, ""atr_target"": 2.0, ""confirmation_bars"": 1, ""leg_a_atr_target"": 1.0, ""pullback_rsi"": 40.0, ""session_filter"": null}",1.2274853599619275,8.657565822904889,10.384813467796304,384.4489429470848,27.86314299519711,8.337450086929456,0.5395392278953923,19272,8.337450086929456,4.8655117241092825,5.3530848782668725,A_if_A_hits_first_else_B
M15,trend_pullback,fixed_tp_plus_mr,"{""adx_threshold"": 18.0, ""atr_stop"": 3.0, ""atr_target"": 2.0, ""confirmation_bars"": 1, ""leg_a_atr_target"": 1.0, ""pullback_rsi"": 40.0, ""session_filter"": ""London""}",1.2203486862453652,5.569268621930629,6.16509693503257,184.7411151372163,25.284838044864838,8.352275318522308,0.563118369293122,8389,8.352275318522308,4.825992560983934,5.339062751174651,A_if_A_hits_first_else_B
M15,trend_pullback,fixed_tp_plus_mr,"{""adx_threshold"": 18.0, ""atr_stop"": 3.0, ""atr_target"": 2.0, ""confirmation_bars"": 2, ""leg_a_atr_target"": 1.0, ""pullback_rsi"": 40.0, ""session_filter"": null}",1.1941668435155417,6.5445406610127685,7.493387724204219,270.0766688220757,29.214190363612648,7.964405668645844,0.5499327052489906,14860,7.964405668645844,5.1046834681399735,5.323482913392142,A_if_A_hits_first_else_B
M15,trend_pullback,fixed_tp_plus_mr,"{""adx_threshold"": 25.0, ""atr_stop"": 3.0, ""atr_target"": 2.0, ""confirmation_bars"": 2, ""leg_a_atr_target"": 1.5, ""pullback_rsi"": 45.0, ""session_filter"": ""London_NY""}",1.1348453472529023,3.076485210567313,3.925258249027079,135.63856521923222,22.53758605613217,8.432233825373538,0.5406399411548364,5438,8.432233825373538,4.749612776853683,5.315576657915477,A_if_A_hits_first_else_B
M15,trend_pullback,fixed_tp_plus_mr,"{""adx_threshold"": 15.0, ""atr_stop"": 2.5, ""atr_target"": 2.5, ""confirmation_bars"": 1, ""leg_a_atr_target"": 1.0, ""pullback_rsi"": 30, ""session_filter"": ""London""}",1.2209245344304236,4.793629661733637,6.136804313370084,139.48837792501686,25.472448789759415,8.393174559358108,0.545984251968504,6350,8.393174559358108,4.735790295869602,5.312901635802744,A_if_A_hits_first_else_B
M15,trend_pullback,fixed_tp_plus_mr,"{""adx_threshold"": 18.0, ""atr_stop"": 2.5, ""atr_target"": 2.0, ""confirmation_bars"": 2, ""leg_a_atr_target"": 1.0, ""pullback_rsi"": 45.0, ""session_filter"": null}",1.2100149530325899,7.794326972713203,9.744664904724734,336.39341337016106,29.64141467532152,7.996987108820836,0.5240870448591135,18703,7.996987108820836,4.949012490081554,5.2680040992305095,A_if_A_hits_first_else_B
M15,trend_pullback,fixed_tp_plus_mr,"{""adx_threshold"": 18.0, ""atr_stop"": 3.0, ""atr_target"": 2.0, ""confirmation_bars"": 2, ""leg_a_atr_target"": 1.0, ""pullback_rsi"": 40.0, ""session_filter"": ""London""}",1.2125859891040716,5.267740170532251,5.770746090733946,161.56654907139657,27.10290527146907,8.13926184855058,0.5654275092936804,8070,8.13926184855058,4.825992560983934,5.2629554972562875,A_if_A_hits_first_else_B
M15,trend_pullback,fixed_tp_plus_mr,"{""adx_threshold"": 20.0, ""atr_stop"": 3.0, ""atr_target"": 3.0, ""confirmation_bars"": 1, ""leg_a_atr_target"": 1.0, ""pullback_rsi"": 40.0, ""session_filter"": ""London_NY""}",1.1671469742265066,4.336382863160508,5.304307650142037,171.9109846320587,25.972284957252384,7.257674057453918,0.5260078023407022,9228,7.257674057453918,5.4860858761629085,5.242353959227482,A_if_A_hits_first_else_B
M15,trend_pullback,fixed_tp_plus_mr,"{""adx_threshold"": 20.0, ""atr_stop"": 3.0, ""atr_target"": 3.0, ""confirmation_bars"": 2, ""leg_a_atr_target"": 1.0, ""pullback_rsi"": 40.0, ""session_filter"": ""London_NY""}",1.1635742776807398,4.158169673455572,5.093389637983918,158.89922494108953,26.444996891179557,7.20358201641933,0.5275428571428571,8750,7.20358201641933,5.4860858761629085,5.2227072055562225,A_if_A_hits_first_else_B
M15,trend_pullback,fixed_tp_plus_mr,"{""adx_threshold"": 15.0, ""atr_stop"": 1.5, ""atr_target"": 2.5, ""confirmation_bars"": 2, ""leg_a_atr_target"": 1.0, ""pullback_rsi"": 30, ""session_filter"": ""London_NY""}",1.2675227388591257,6.885012805953202,12.326639876963796,211.79504667047198,26.317910395671635,9.453872219336146,0.4710538218000905,8844,9.453872219336146,3.630730318977994,5.196188468079573,A_if_A_hits_first_else_B
M15,trend_pullback,fixed_tp_plus_mr,"{""adx_threshold"": 25.0, ""atr_stop"": 3.0, ""atr_target"": 2.0, ""confirmation_bars"": 1, ""leg_a_atr_target"": 1.0, ""pullback_rsi"": 45.0, ""session_filter"": null}",1.1895336778752852,5.248462255395746,6.103703993154535,207.28991028828742,28.534596112024364,8.451515338408324,0.5471518384454181,10498,8.451515338408324,4.4333912859076205,5.1909631826764,A_if_A_hits_first_else_B
M15,trend_pullback,fixed_tp_plus_mr,"{""adx_threshold"": 18.0, ""atr_stop"": 3.0, ""atr_target"": 3.0, ""confirmation_bars"": 1, ""leg_a_atr_target"": 1.0, ""pullback_rsi"": 40.0, ""session_filter"": ""London_NY""}",1.1703626776419092,4.73146264967309,5.747924854734467,208.22913912651646,24.259659112043224,7.106876663482694,0.5265428625023447,10662,7.106876663482694,5.4860858761629085,5.190218012020633,A_if_A_hits_first_else_B
M15,trend_pullback,fixed_tp_plus_mr,"{""adx_threshold"": 15.0, ""atr_stop"": 1.5, ""atr_target"": 2.5, ""confirmation_bars"": 1, ""leg_a_atr_target"": 1.0, ""pullback_rsi"": 30, ""session_filter"": ""London_NY""}",1.2682167042179984,7.038769445167577,12.596548238542505,259.51710073734006,22.105015112774122,9.434211326316584,0.4733033658590067,9121,9.434211326316584,3.630730318977994,5.189445948594502,A_if_A_hits_first_else_B
M15,trend_pullback,fixed_tp_plus_mr,"{""adx_threshold"": 18.0, ""atr_stop"": 3.0, ""atr_target"": 3.0, ""confirmation_bars"": 2, ""leg_a_atr_target"": 1.0, ""pullback_rsi"": 40.0, ""session_filter"": ""London_NY""}",1.1662045624318915,4.519369679938564,5.477896397444954,180.69953146609282,26.527639031111107,7.026578633572851,0.5276067624352585,10233,7.026578633572851,5.4860858761629085,5.161282078510185,A_if_A_hits_first_else_B
M15,trend_pullback,fixed_tp_plus_mr,"{""adx_threshold"": 15.0, ""atr_stop"": 2.5, ""atr_target"": 2.5, ""confirmation_bars"": 2, ""leg_a_atr_target"": 1.0, ""pullback_rsi"": 30, ""session_filter"": ""London""}",1.2081442459229315,4.436021602581411,5.71139331846025,116.78420380252162,27.810259239379054,7.964195642012273,0.5406244891286578,6117,7.964195642012273,4.735790295869602,5.160202957030203,A_if_A_hits_first_else_B
M15,trend_pullback,fixed_tp_plus_mr,"{""adx_threshold"": 25.0, ""atr_stop"": 3.0, ""atr_target"": 3.0, ""confirmation_bars"": 2, ""leg_a_atr_target"": 1.0, ""pullback_rsi"": 40.0, ""session_filter"": ""London_NY""}",1.1416733397178198,2.9141349854482694,3.5185649599066866,107.63806240643149,24.48934895934329,6.899283035016579,0.5346361891467458,5731,6.899283035016579,5.515075961074822,5.124867912683036,A_if_A_hits_first_else_B
M15,trend_pullback,fixed_tp_plus_mr,"{""adx_threshold"": 25.0, ""atr_stop"": 3.0, ""atr_target"": 2.0, ""confirmation_bars"": 2, ""leg_a_atr_target"": 1.0, ""pullback_rsi"": 45.0, ""session_filter"": null}",1.1819263515027079,4.933977246353034,5.704063764985135,234.348686592099,23.411031713263714,8.205720212039061,0.5493070096719513,10029,8.205720212039061,4.4333912859076205,5.103413423172642,A_if_A_hits_first_else_B
M15,trend_pullback,fixed_tp_plus_mr,"{""adx_threshold"": 15.0, ""atr_stop"": 3.0, ""atr_target"": 2.5, ""confirmation_bars"": 1, ""leg_a_atr_target"": 1.0, ""pullback_rsi"": 40.0, ""session_filter"": ""London_NY""}",1.1913846093405611,5.8163273764591645,6.887477037489195,291.6411022351183,21.485452168208184,7.46727689563371,0.5388893302613808,12587,7.46727689563371,4.963192524455357,5.085260471344822,A_if_A_hits_first_else_B
M15,trend_pullback,fixed_tp_plus_mr,"{""adx_threshold"": 15.0, ""atr_stop"": 3.0, ""atr_target"": 2.0, ""confirmation_bars"": 2, ""leg_a_atr_target"": 1.5, ""pullback_rsi"": 30, ""session_filter"": ""London""}",1.173656047860431,3.6592589659646113,4.482947405460755,105.89702304553754,27.84028872692194,9.118155763636878,0.5597938144329897,4850,9.118155763636878,3.667693741825673,5.076547910666546,A_if_A_hits_first_else_B
M15,trend_pullback,fixed_tp_plus_mr,"{""adx_threshold"": 20.0, ""atr_stop"": 3.0, ""atr_target"": 3.0, ""confirmation_bars"": 1, ""leg_a_atr_target"": 1.0, ""pullback_rsi"": 45.0, ""session_filter"": ""London_NY""}",1.178466541208665,4.960490169113691,6.272318776122161,185.91392133829518,29.250640725412936,7.314519349335247,0.513271162123386,11152,7.314519349335247,4.952126972171332,5.024232217986168,A_if_A_hits_first_else_B
M15,trend_pullback,fixed_tp_plus_mr,"{""adx_threshold"": 15.0, ""atr_stop"": 2.0, ""atr_target"": 2.5, ""confirmation_bars"": 1, ""leg_a_atr_target"": 1.0, ""pullback_rsi"": 25, ""session_filter"": ""London""}",1.2323845584956132,4.628094215391226,6.377540387523412,94.35476072148869,29.5116804069322,8.532893391067784,0.5170582226762002,4895,8.532893391067784,3.9629688490743424,5.016325580656302,A_if_A_hits_first_else_B
M15,trend_pullback,fixed_tp_plus_mr,"{""adx_threshold"": 25.0, ""atr_stop"": 3.0, ""atr_target"": 3.0, ""confirmation_bars"": 2, ""leg_a_atr_target"": 1.0, ""pullback_rsi"": 45.0, ""session_filter"": ""London_NY""}",1.1516775490090612,3.343831226190403,4.194998543052668,162.8902146658354,20.150381324060678,7.104545323538249,0.5209235209235209,6930,7.104545323538249,5.0446383212173584,4.987013617588011,A_if_A_hits_first_else_B
M15,trend_pullback,fixed_tp_plus_mr,"{""adx_threshold"": 18.0, ""atr_stop"": 3.0, ""atr_target"": 2.0, ""confirmation_bars"": 2, ""leg_a_atr_target"": 1.0, ""pullback_rsi"": 45.0, ""session_filter"": null}",1.1950476974913244,7.0180175844263495,8.210744139911965,313.5690680971443,29.096293337064598,7.660106560045198,0.5359341766483824,17866,7.660106560045198,4.590008361348644,4.985550598120974,A_if_A_hits_first_else_B
M15,trend_pullback,fixed_tp_plus_mr,"{""adx_threshold"": 15.0, ""atr_stop"": 3.0, ""atr_target"": 2.5, ""confirmation_bars"": 2, ""leg_a_atr_target"": 1.0, ""pullback_rsi"": 40.0, ""session_filter"": ""London_NY""}",1.18215856853934,5.476253908314916,6.490984875704679,258.0847991874552,22.763654035641505,7.162829895831752,0.5358042753799886,12303,7.162829895831752,4.963192524455357,4.976858813253892,A_if_A_hits_first_else_B
M15,trend_pullback,fixed_tp_plus_mr,"{""adx_threshold"": 15.0, ""atr_stop"": 2.5, ""atr_target"": 2.0, ""confirmation_bars"": 1, ""leg_a_atr_target"": 1.0, ""pullback_rsi"": 45.0, ""session_filter"": null}",1.2196827307646791,8.925230348074724,11.012559801614161,404.62439086042065,29.593000574913113,7.7562183128360305,0.5239884268255819,23157,7.7562183128360305,4.46445939833004,4.967619684894064,A_if_A_hits_first_else_B
M15,trend_pullback,fixed_tp_plus_mr,"{""adx_threshold"": 25.0, ""atr_stop"": 3.0, ""atr_target"": 2.0, ""confirmation_bars"": 2, ""leg_a_atr_target"": 1.0, ""pullback_rsi"": 40.0, ""session_filter"": null}",1.157297454970895,4.081076523338642,4.541367443343681,153.69337986984021,26.973120086737246,7.417851589703651,0.5620899439341525,8383,7.417851589703651,4.731744718997336,4.9569926709392576,A_if_A_hits_first_else_B
M15,trend_pullback,fixed_tp_plus_mr,"{""adx_threshold"": 15.0, ""atr_stop"": 3.0, ""atr_target"": 2.5, ""confirmation_bars"": 1, ""leg_a_atr_target"": 1.0, ""pullback_rsi"": 45.0, ""session_filter"": ""London_NY""}",1.201875553348408,6.609637994480566,8.10437873873139,324.148273163866,23.65428576191956,7.540315888006462,0.5256015210122599,15253,7.540315888006462,4.518008684649501,4.9125895795642185,A_if_A_hits_first_else_B
M15,trend_pullback,fixed_tp_plus_mr,"{""adx_threshold"": 18.0, ""atr_stop"": 2.5, ""atr_target"": 2.0, ""confirmation_bars"": 1, ""leg_a_atr_target"": 1.0, ""pullback_rsi"": 45.0, ""session_filter"": ""London""}",1.2277177901745924,6.40649531203423,7.764320182697114,203.4366388660686,27.739905501571855,8.090384886316787,0.5325432476345217,10463,8.090384886316787,4.061296809088236,4.9047618323355,A_if_A_hits_first_else_B
M15,trend_pullback,fixed_tp_plus_mr,"{""adx_threshold"": 15.0, ""atr_stop"": 2.5, ""atr_target"": 2.0, ""confirmation_bars"": 2, ""leg_a_atr_target"": 1.0, ""pullback_rsi"": 45.0, ""session_filter"": null}",1.2102367112631256,8.503301399049642,10.584805488090613,418.0403003144163,26.949944803906384,7.5197991051140844,0.5223156676901171,22473,7.5197991051140844,4.46445939833004,4.882983758291072,A_if_A_hits_first_else_B
M15,trend_pullback,fixed_tp_plus_mr,"{""adx_threshold"": 18.0, ""atr_stop"": 3.0, ""atr_target"": 3.0, ""confirmation_bars"": 1, ""leg_a_atr_target"": 1.0, ""pullback_rsi"": 45.0, ""session_filter"": ""London_NY""}",1.1738270217658773,5.198265349757287,6.528830274747342,210.090958350815,28.160914576798678,6.8672369397296045,0.5114137584152286,12923,6.8672369397296045,4.952126972171332,4.866755470735636,A_if_A_hits_first_else_B
M15,trend_pullback,fixed_tp_plus_mr,"{""adx_threshold"": 18.0, ""atr_stop"": 3.0, ""atr_target"": 3.0, ""confirmation_bars"": 2, ""leg_a_atr_target"": 1.0, ""pullback_rsi"": 45.0, ""session_filter"": ""London_NY""}",1.1717658377960745,5.043542602789223,6.319969573750085,190.58853931378073,29.931967471681766,6.86319773726589,0.5129130574270132,12468,6.86319773726589,4.952126972171332,4.8649295130793755,A_if_A_hits_first_else_B
M15,trend_pullback,fixed_tp_plus_mr,"{""adx_threshold"": 15.0, ""atr_stop"": 3.0, ""atr_target"": 2.0, ""confirmation_bars"": 1, ""leg_a_atr_target"": 1.0, ""pullback_rsi"": 40.0, ""session_filter"": null}",1.2026812921920638,7.528278962693546,8.531581416573527,314.689165175895,29.995405186017905,7.669597272981459,0.5499702074643844,18461,7.669597272981459,4.239913409000936,4.832856338032344,A_if_A_hits_first_else_B
M15,trend_pullback,fixed_tp_plus_mr,"{""adx_threshold"": 18.0, ""atr_stop"": 3.0, ""atr_target"": 2.0, ""confirmation_bars"": 1, ""leg_a_atr_target"": 1.0, ""pullback_rsi"": 45.0, ""session_filter"": ""London""}",1.2125458316109963,5.84734221616646,6.638085929651596,188.92275701465704,27.59725458145103,7.765489159313534,0.550491510277033,10071,7.765489159313534,4.159893220016848,4.832382321089518,A_if_A_hits_first_else_B
M15,trend_pullback,fixed_tp_plus_mr,"{""adx_threshold"": 15.0, ""atr_stop"": 1.5, ""atr_target"": 2.0, ""confirmation_bars"": 1, ""leg_a_atr_target"": 1.0, ""pullback_rsi"": 30, ""session_filter"": ""London""}",1.2837147332093044,6.838155310112585,11.459517313838456,156.10045377819452,28.2804319231989,8.967879718827232,0.4859154929577465,7384,8.967879718827232,3.1155096058807894,4.797480170877748,A_if_A_hits_first_else_B
M15,trend_pullback,fixed_tp_plus_mr,"{""adx_threshold"": 15.0, ""atr_stop"": 3.0, ""atr_target"": 2.5, ""confirmation_bars"": 2, ""leg_a_atr_target"": 1.0, ""pullback_rsi"": 45.0, ""session_filter"": ""London_NY""}",1.1917230618582242,6.216624473573945,7.62771445266954,295.0449506077823,24.33874480416606,7.211794080008621,0.5225629351901446,14936,7.211794080008621,4.518008684649501,4.795576448466937,A_if_A_hits_first_else_B
M15,trend_pullback,fixed_tp_plus_mr,"{""adx_threshold"": 18.0, ""atr_stop"": 3.0, ""atr_target"": 2.0, ""confirmation_bars"": 2, ""leg_a_atr_target"": 1.0, ""pullback_rsi"": 45.0, ""session_filter"": ""London""}",1.2072535352731915,5.5988970302326235,6.288103499626409,168.43255702853753,29.508764452114583,7.654368559685516,0.5525667351129363,9740,7.654368559685516,4.159893220016848,4.792431651952151,A_if_A_hits_first_else_B
M15,trend_pullback,fixed_tp_plus_mr,"{""adx_threshold"": 15.0, ""atr_stop"": 1.5, ""atr_target"": 2.0, ""confirmation_bars"": 2, ""leg_a_atr_target"": 1.0, ""pullback_rsi"": 30, ""session_filter"": ""London""}",1.2780548369171285,6.582291463815087,11.01095726954283,163.62801659511234,25.65581011685744,8.831716669485692,0.4833099579242637,7130,8.831716669485692,3.1155096058807894,4.748691124349773,A_if_A_hits_first_else_B
M15,trend_pullback,fixed_tp_plus_mr,"{""adx_threshold"": 15.0, ""atr_stop"": 1.5, ""atr_target"": 2.0, ""confirmation_bars"": 1, ""leg_a_atr_target"": 1.0, ""pullback_rsi"": 35.0, ""session_filter"": ""London_NY""}",1.2672743370336936,8.452294905921077,13.570833240853428,284.8799253086982,26.4485560807494,9.273811455821923,0.4852711906129482,12187,9.273811455821923,2.6959293203917443,4.712457071120697,A_if_A_hits_first_else_B
M15,trend_pullback,fixed_tp_plus_mr,"{""adx_threshold"": 25.0, ""atr_stop"": 2.5, ""atr_target"": 2.0, ""confirmation_bars"": 2, ""leg_a_atr_target"": 1.0, ""pullback_rsi"": 45.0, ""session_filter"": ""London""}",1.2041218276712178,4.206189248897046,4.849621663628872,117.25010503642979,25.93189978523767,8.199886660230005,0.5399137001078749,5562,8.199886660230005,3.5470397769728987,4.70695259625255,A_if_A_hits_first_else_B
M15,trend_pullback,fixed_tp_plus_mr,"{""adx_threshold"": 15.0, ""atr_stop"": 2.5, ""atr_target"": 2.0, ""confirmation_bars"": 1, ""leg_a_atr_target"": 1.5, ""pullback_rsi"": 30, ""session_filter"": ""London""}",1.1841536740484588,4.09138324692391,5.674106813761248,118.34687524002298,26.961946091073035,9.049523738707991,0.526564567971261,5289,9.049523738707991,2.883043827766829,4.701533765852561,A_if_A_hits_first_else_B
M15,trend_pullback,fixed_tp_plus_mr,"{""adx_threshold"": 15.0, ""atr_stop"": 2.5, ""atr_target"": 3.0, ""confirmation_bars"": 1, ""leg_a_atr_target"": 1.0, ""pullback_rsi"": 30, ""session_filter"": ""London""}",1.1898662672337972,4.017067348832619,5.428626302373682,110.18203625258319,28.261043086587197,7.417482786808383,0.5296172780689217,6297,7.417482786808383,4.067150570864101,4.664309985718539,A_if_A_hits_first_else_B
M15,trend_pullback,fixed_tp_plus_mr,"{""adx_threshold"": 15.0, ""atr_stop"": 3.0, ""atr_target"": 3.0, ""confirmation_bars"": 1, ""leg_a_atr_target"": 1.0, ""pullback_rsi"": 40.0, ""session_filter"": ""London_NY""}",1.1681636242154412,5.032476584304898,6.059781169469406,263.71095763053654,20.981526854212397,6.636484734457614,0.5296657604349913,12506,6.636484734457614,4.566951270440826,4.611530453601624,A_if_A_hits_first_else_B
M15,trend_pullback,fixed_tp_plus_mr,"{""adx_threshold"": 15.0, ""atr_stop"": 2.0, ""atr_target"": 3.0, ""confirmation_bars"": 1, ""leg_a_atr_target"": 1.0, ""pullback_rsi"": 40.0, ""session_filter"": ""NY""}",1.1816586543944847,4.412015076723174,7.285644267656576,127.97242620593833,28.124408232496112,7.860691810830199,0.4895165987186954,6868,7.860691810830199,3.570208496269662,4.594167687990814,A_if_A_hits_first_else_B
M15,trend_pullback,fixed_tp_plus_mr,"{""adx_threshold"": 15.0, ""atr_stop"": 3.0, ""atr_target"": 2.0, ""confirmation_bars"": 1, ""leg_a_atr_target"": 1.0, ""pullback_rsi"": 45.0, ""session_filter"": null}",1.2048709118170773,8.07441507386283,9.346653912094578,449.02711111300084,24.491923278665368,7.4341173200228114,0.5337088778729158,22190,7.4341173200228114,3.8309772795727324,4.566855020179129,A_if_A_hits_first_else_B
M15,trend_pullback,fixed_tp_plus_mr,"{""adx_threshold"": 25.0, ""atr_stop"": 3.0, ""atr_target"": 2.5, ""confirmation_bars"": 2, ""leg_a_atr_target"": 1.0, ""pullback_rsi"": 45.0, ""session_filter"": null}",1.1668524787151657,4.345825397681789,5.341780714873248,184.91494143782862,27.310315658912298,7.597159894769389,0.5264266372480193,9971,7.597159894769389,3.6385464356306763,4.529722354946124,A_if_A_hits_first_else_B
M15,trend_pullback,fixed_tp_plus_mr,"{""adx_threshold"": 20.0, ""atr_stop"": 3.0, ""atr_target"": 3.0, ""confirmation_bars"": 1, ""leg_a_atr_target"": 1.0, ""pullback_rsi"": 40.0, ""session_filter"": ""London""}",1.1696551202696834,3.833260289105766,4.732344312507993,115.79702670244444,28.406786049639226,6.849156085620545,0.5230427540255413,7204,6.849156085620545,4.201526272342694,4.521822476575339,A_if_A_hits_first_else_B
M15,trend_pullback,fixed_tp_plus_mr,"{""adx_threshold"": 18.0, ""atr_stop"": 3.0, ""atr_target"": 3.0, ""confirmation_bars"": 1, ""leg_a_atr_target"": 1.0, ""pullback_rsi"": 40.0, ""session_filter"": ""London""}",1.1722026460516835,4.163692880340085,5.102540596962657,128.86277838165654,28.77844745134516,6.710949504326506,0.5255157437567861,8289,6.710949504326506,4.201526272342694,4.473959678278827,A_if_A_hits_first_else_B
M15,trend_pullback,fixed_tp_plus_mr,"{""adx_threshold"": 25.0, ""atr_stop"": 3.0, ""atr_target"": 2.5, ""confirmation_bars"": 1, ""leg_a_atr_target"": 1.0, ""pullback_rsi"": 45.0, ""session_filter"": null}",1.1638213856766484,4.387527159540973,5.3843193674631324,176.98983292180748,29.12945688042515,7.384155981623352,0.5244915496992266,10473,7.384155981623352,3.6385464356306763,4.454564766737307,A_if_A_hits_first_else_B
M15,trend_pullback,fixed_tp_plus_mr,"{""adx_threshold"": 15.0, ""atr_stop"": 3.0, ""atr_target"": 3.0, ""confirmation_bars"": 2, ""leg_a_atr_target"": 1.0, ""pullback_rsi"": 40.0, ""session_filter"": ""London_NY""}",1.1557730960339585,4.625389635218336,5.566279981503408,216.91523682991212,23.25916334991919,6.190511566273999,0.5261349693251534,12225,6.190511566273999,4.566951270440826,4.452961739101062,A_if_A_hits_first_else_B
M15,trend_pullback,fixed_tp_plus_mr,"{""adx_threshold"": 15.0, ""atr_stop"": 3.0, ""atr_target"": 2.0, ""confirmation_bars"": 2, ""leg_a_atr_target"": 1.0, ""pullback_rsi"": 45.0, ""session_filter"": null}",1.1901471658418827,7.419960548965639,8.604704611868383,367.2409062373474,27.376855799436335,7.01663425327843,0.5308705159819476,21493,7.01663425327843,3.8309772795727324,4.417791197623557,A_if_A_hits_first_else_B
M15,trend_pullback,fixed_tp_plus_mr,"{""adx_threshold"": 15.0, ""atr_stop"": 2.5, ""atr_target"": 2.0, ""confirmation_bars"": 1, ""leg_a_atr_target"": 1.0, ""pullback_rsi"": 45.0, ""session_filter"": ""London""}",1.2219538849845337,6.766128772017683,8.084569727065531,240.88430612201097,25.94990767982899,7.570150377909589,0.5352010334248345,12386,7.570150377909589,3.3733279229791195,4.411940974605867,A_if_A_hits_first_else_B
M15,trend_pullback,fixed_tp_plus_mr,"{""adx_threshold"": 15.0, ""atr_stop"": 1.5, ""atr_target"": 3.0, ""confirmation_bars"": 1, ""leg_a_atr_target"": 1.0, ""pullback_rsi"": 30, ""session_filter"": ""London_NY""}",1.2250781817092706,5.772993957957103,10.702481041510891,209.09979709014698,23.319428667824564,8.086381099005433,0.4603648424543947,9045,8.086381099005433,2.940739850090979,4.398581953534697,A_if_A_hits_first_else_B
M15,trend_pullback,fixed_tp_plus_mr,"{""adx_threshold"": 15.0, ""atr_stop"": 3.0, ""atr_target"": 3.0, ""confirmation_bars"": 1, ""leg_a_atr_target"": 1.0, ""pullback_rsi"": 45.0, ""session_filter"": ""London_NY""}",1.1722412580565467,5.570712928081335,6.9352596884958455,260.0284611973206,25.22658296123187,6.455904680147932,0.5138770421888328,15241,6.455904680147932,4.12443503986579,4.350010657602691,A_if_A_hits_first_else_B
M15,trend_pullback,fixed_tp_plus_mr,"{""adx_threshold"": 15.0, ""atr_stop"": 1.5, ""atr_target"": 3.0, ""confirmation_bars"": 2, ""leg_a_atr_target"": 1.0, ""pullback_rsi"": 30, ""session_filter"": ""London_NY""}",1.2205208370319443,5.571113610997434,10.310537984967974,184.49120151404347,25.18768921622836,7.948865971372385,0.4579769643060782,8769,7.948865971372385,2.940739850090979,4.349540189927664,A_if_A_hits_first_else_B
M15,trend_pullback,fixed_tp_plus_mr,"{""adx_threshold"": 15.0, ""atr_stop"": 2.5, ""atr_target"": 2.0, ""confirmation_bars"": 2, ""leg_a_atr_target"": 1.0, ""pullback_rsi"": 45.0, ""session_filter"": ""London""}",1.2105990563901654,6.384295584770172,7.6828067271669855,218.82504423257896,26.638495797861182,7.227438445928708,0.5320714167631013,12098,7.227438445928708,3.3733279229791195,4.289720832693685,A_if_A_hits_first_else_B
M15,trend_pullback,fixed_tp_plus_mr,"{""adx_threshold"": 15.0, ""atr_stop"": 2.5, ""atr_target"": 3.0, ""confirmation_bars"": 1, ""leg_a_atr_target"": 1.0, ""pullback_rsi"": 40.0, ""session_filter"": ""London_NY""}",1.1609005977988398,5.032097496645141,6.443500174880438,192.27469031510836,28.010209815601804,6.197055559170034,0.5158023933722,13036,6.197055559170034,4.044885107931965,4.221347863838664,A_if_A_hits_first_else_B
M15,trend_pullback,fixed_tp_plus_mr,"{""adx_threshold"": 15.0, ""atr_stop"": 3.0, ""atr_target"": 3.0, ""confirmation_bars"": 2, ""leg_a_atr_target"": 1.0, ""pullback_rsi"": 45.0, ""session_filter"": ""London_NY""}",1.159267085527379,5.112352398540604,6.362154608838416,237.78776271679973,25.13331534161905,6.012469642594957,0.5104627766599598,14910,6.012469642594957,4.12443503986579,4.192213559953316,A_if_A_hits_first_else_B
M15,trend_pullback,fixed_tp_plus_mr,"{""adx_threshold"": 15.0, ""atr_stop"": 1.0, ""atr_target"": 2.0, ""confirmation_bars"": 2, ""leg_a_atr_target"": 1.0, ""pullback_rsi"": 25, ""session_filter"": ""NY""}",1.344279654969712,5.411424614395799,12.319328118759854,89.72671617396126,28.221150330223978,11.676257973175693,0.41254226867506916,3253,11.676257973175693,-0.3665057035686621,4.190618654999537,A_if_A_hits_first_else_B
M15,trend_pullback,fixed_tp_plus_mr,"{""adx_threshold"": 15.0, ""atr_stop"": 1.0, ""atr_target"": 2.0, ""confirmation_bars"": 1, ""leg_a_atr_target"": 1.0, ""pullback_rsi"": 25, ""session_filter"": ""NY""}",1.3430451414830984,5.476662475170641,12.512624717270723,100.91218336014516,25.674354243760515,11.632094326996494,0.412152050284346,3341,11.632094326996494,-0.3665057035686621,4.174914476139495,A_if_A_hits_first_else_B
M15,trend_pullback,fixed_tp_plus_mr,"{""adx_threshold"": 25.0, ""atr_stop"": 3.0, ""atr_target"": 2.5, ""confirmation_bars"": 2, ""leg_a_atr_target"": 1.5, ""pullback_rsi"": 45.0, ""session_filter"": ""London_NY""}",1.1024071661589876,2.2897380014955764,3.071486170690722,86.70259458095822,26.893704149878754,6.422385037698784,0.5108336393683437,5446,6.422385037698784,3.7041208954536073,4.135170599380495,A_if_A_hits_first_else_B
M15,trend_pullback,fixed_tp_plus_mr,"{""adx_threshold"": 15.0, ""atr_stop"": 3.0, ""atr_target"": 2.5, ""confirmation_bars"": 1, ""leg_a_atr_target"": 1.0, ""pullback_rsi"": 45.0, ""session_filter"": null}",1.1790008760768085,6.833381699699908,8.28871971126726,328.7147420339473,28.769795331947982,6.3933584714107345,0.511537768162971,22188,6.3933584714107345,3.2807202577487473,3.9497997561960547,A_if_A_hits_first_else_B
M15,trend_pullback,fixed_tp_plus_mr,"{""adx_threshold"": 25.0, ""atr_stop"": 3.0, ""atr_target"": 3.0, ""confirmation_bars"": 1, ""leg_a_atr_target"": 1.0, ""pullback_rsi"": 45.0, ""session_filter"": null}",1.1365227294022915,3.6321002784487506,4.540454194345753,145.2481082719099,29.66051495471835,6.163281384182416,0.5117787315212208,10485,6.163281384182416,3.263845768830138,3.8531836263178656,A_if_A_hits_first_else_B
M15,trend_pullback,fixed_tp_plus_mr,"{""adx_threshold"": 15.0, ""atr_stop"": 3.0, ""atr_target"": 3.0, ""confirmation_bars"": 1, ""leg_a_atr_target"": 1.0, ""pullback_rsi"": 40.0, ""session_filter"": ""London""}",1.1623419040475647,4.243832454778734,5.129229860394638,132.793145614813,29.59344000841388,6.0242299258260275,0.5291773122125702,9785,6.0242299258260275,3.0610802326726034,3.7184349595512938,A_if_A_hits_first_else_B
M15,trend_pullback,fixed_tp_plus_mr,"{""adx_threshold"": 15.0, ""atr_stop"": 3.0, ""atr_target"": 3.0, ""confirmation_bars"": 1, ""leg_a_atr_target"": 1.0, ""pullback_rsi"": 40.0, ""session_filter"": null}",1.1476804460681123,5.296644965553517,6.37794755526337,234.63461535491749,28.678340780809314,5.529113770026608,0.5179950698438784,18255,5.529113770026608,3.2314106415468387,3.618860697419013,A_if_A_hits_first_else_B
M15,trend_pullback,fixed_tp_plus_mr,"{""adx_threshold"": 18.0, ""atr_stop"": 1.0, ""atr_target"": 2.0, ""confirmation_bars"": 1, ""leg_a_atr_target"": 1.0, ""pullback_rsi"": 25, ""session_filter"": ""NY""}",1.3426319470981956,5.177618069834816,11.65293195853078,82.02037399756613,28.39500467359463,11.742700351214461,0.4114285714285714,2975,11.742700351214461,-2.097853215768814,3.434437565248734,A_if_A_hits_first_else_B
M15,trend_pullback,fixed_tp_plus_mr,"{""adx_threshold"": 15.0, ""atr_stop"": 3.0, ""atr_target"": 3.0, ""confirmation_bars"": 1, ""leg_a_atr_target"": 1.0, ""pullback_rsi"": 45.0, ""session_filter"": null}",1.1501717548414037,5.670541764790345,6.980894670179096,317.00036253450804,24.842741392261626,5.311721319100201,0.500202347227843,22239,5.311721319100201,2.9734140568643896,3.4271731382423267,A_if_A_hits_first_else_B
M15,trend_pullback,fixed_tp_plus_mr,"{""adx_threshold"": 15.0, ""atr_stop"": 1.5, ""atr_target"": 2.5, ""confirmation_bars"": 1, ""leg_a_atr_target"": 1.0, ""pullback_rsi"": 30, ""session_filter"": ""London""}",1.199165918178337,4.807155382761749,8.347589052101268,113.15448198381067,28.044625049993186,6.51884761701352,0.4620651876198302,7302,6.51884761701352,1.9484118590534552,3.398215186164454,A_if_A_hits_first_else_B
M15,trend_pullback,fixed_tp_plus_mr,"{""adx_threshold"": 15.0, ""atr_stop"": 1.5, ""atr_target"": 2.5, ""confirmation_bars"": 2, ""leg_a_atr_target"": 1.0, ""pullback_rsi"": 30, ""session_filter"": ""London""}",1.1949319136999623,4.620314269963958,8.03047308934845,104.03336909836322,29.037755986833385,6.410161804427318,0.4590465412363842,7069,6.410161804427318,1.9484118590534552,3.359328350863608,A_if_A_hits_first_else_B
M5,trend_pullback,fixed_tp,"{""adx_threshold"": 20, ""atr_stop"": 3.0, ""atr_target"": 1.0, ""confirmation_bars"": 2, ""leg_a_atr_target"": 0.8, ""pullback_rsi"": 30, ""session_filter"": ""NY""}",1.8920560635909172,18.098943147322004,13.978857072424448,653.107057460662,14.055857200464555,17.601903751021343,0.7910008947973923,7823,17.601903751021343,11.58784779955047,11.753609035373366,A_if_A_hits_first_else_B
M5,trend_pullback,fixed_tp,"{""adx_threshold"": 25, ""atr_stop"": 2.5, ""atr_target"": 1.0, ""confirmation_bars"": 1, ""leg_a_atr_target"": 1.0, ""pullback_rsi"": 30, ""session_filter"": ""NY""}",1.7081458714208977,13.191061928034456,13.453540560740988,227.48533761160544,25.40648002507544,18.016214732003643,0.7622610141313383,4812,18.016214732003643,11.25786772197266,11.71334480537315,A_if_A_hits_first_else_B
M5,trend_pullback,fixed_tp,"{""adx_threshold"": 20, ""atr_stop"": 2.5, ""atr_target"": 1.0, ""confirmation_bars"": 1, ""leg_a_atr_target"": 0.8, ""pullback_rsi"": 30, ""session_filter"": ""NY""}",1.9431725231179808,20.24061690759196,17.734225231087127,657.8512908856,14.838787154999908,17.841565648397726,0.7726331180699403,8207,17.841565648397726,11.25786772197266,11.699222956450498,A_if_A_hits_first_else_B
M5,trend_pullback,fixed_tp,"{""adx_threshold"": 25, ""atr_stop"": 3.0, ""atr_target"": 1.0, ""confirmation_bars"": 2, ""leg_a_atr_target"": 1.0, ""pullback_rsi"": 30, ""session_filter"": ""NY""}",1.643416413384631,11.49323315902368,10.425797027317333,217.20264382013764,24.45913583352578,17.56034255816762,0.7884530630233583,4538,17.56034255816762,11.58784779955047,11.689334687833306,A_if_A_hits_first_else_B
M5,trend_pullback,fixed_tp,"{""adx_threshold"": 25, ""atr_stop"": 3.0, ""atr_target"": 1.0, ""confirmation_bars"": 1, ""leg_a_atr_target"": 1.0, ""pullback_rsi"": 30, ""session_filter"": ""NY""}",1.6467910664839451,11.641224282681769,10.569721655389337,180.578306029854,29.89430539817847,17.549619729330825,0.788903337667967,4614,17.549619729330825,11.58784779955047,11.68625662836029,A_if_A_hits_first_else_B
M5,trend_pullback,fixed_tp,"{""adx_threshold"": 25, ""atr_stop"": 3.0, ""atr_target"": 1.0, ""confirmation_bars"": 2, ""leg_a_atr_target"": 0.8, ""pullback_rsi"": 30, ""session_filter"": ""NY""}",1.8330159932522567,14.340713306478916,11.662550590123773,414.0763399182689,14.716906506024301,17.397952362772823,0.7866387514274839,5254,17.397952362772823,11.58784779955047,11.670418035418653,A_if_A_hits_first_else_B
M5,trend_pullback,fixed_tp,"{""adx_threshold"": 25, ""atr_stop"": 3.0, ""atr_target"": 1.0, ""confirmation_bars"": 1, ""leg_a_atr_target"": 0.8, ""pullback_rsi"": 30, ""session_filter"": ""NY""}",1.8373777292737328,14.53021516040379,11.817530077850241,317.5150080959848,19.509845247374415,17.368229920574265,0.7871028037383178,5350,17.368229920574265,11.58784779955047,11.660887527853452,A_if_A_hits_first_else_B
M5,trend_pullback,fixed_tp,"{""adx_threshold"": 25, ""atr_stop"": 2.5, ""atr_target"": 1.0, ""confirmation_bars"": 1, ""leg_a_atr_target"": 0.8, ""pullback_rsi"": 30, ""session_filter"": ""NY""}",1.896125873265555,16.15985891426743,14.794902762205256,466.6206248553649,13.987726406682135,17.72667473164557,0.7689661415897158,5523,17.72667473164557,11.25786772197266,11.649601805616758,A_if_A_hits_first_else_B
M5,trend_pullback,fixed_tp,"{""adx_threshold"": 25, ""atr_stop"": 2.5, ""atr_target"": 1.0, ""confirmation_bars"": 2, ""leg_a_atr_target"": 1.0, ""pullback_rsi"": 30, ""session_filter"": ""NY""}",1.6884293352304371,12.805310501764957,13.101875157403244,273.0913019030575,20.50803778339037,17.73828147511555,0.7597128378378378,4736,17.73828147511555,11.25786772197266,11.612124858224227,A_if_A_hits_first_else_B
M5,trend_pullback,fixed_tp,"{""adx_threshold"": 20, ""atr_stop"": 2.5, ""atr_target"": 1.0, ""confirmation_bars"": 2, ""leg_a_atr_target"": 0.8, ""pullback_rsi"": 30, ""session_filter"": ""NY""}",1.9218163119177831,19.742909146280144,17.26836149999277,638.6145460133354,14.838787154999908,17.550806252090577,0.7715767378688727,8099,17.550806252090577,11.25786772197266,11.593185925502956,A_if_A_hits_first_else_B
M5,trend_pullback,fixed_tp,"{""adx_threshold"": 20, ""atr_stop"": 3.0, ""atr_target"": 1.0, ""confirmation_bars"": 1, ""leg_a_atr_target"": 1.0, ""pullback_rsi"": 35, ""session_filter"": ""NY""}",1.637936914135762,15.54288769900087,13.768932443437693,416.1936789444112,23.66101581658999,17.272389885877832,0.7869504209541628,8552,17.272389885877832,11.58784779955047,11.587455352682104,A_if_A_hits_first_else_B
M5,trend_pullback,fixed_tp,"{""adx_threshold"": 25, ""atr_stop"": 2.5, ""atr_target"": 1.0, ""confirmation_bars"": 2, ""leg_a_atr_target"": 0.8, ""pullback_rsi"": 30, ""session_filter"": ""NY""}",1.870990424150215,15.692429891254703,14.434980800950461,500.005716217833,12.657467975850652,17.50868592983075,0.766691257838436,5422,17.50868592983075,11.25786772197266,11.568278635158503,A_if_A_hits_first_else_B
M5,trend_pullback,fixed_tp,"{""adx_threshold"": 20, ""atr_stop"": 3.0, ""atr_target"": 1.0, ""confirmation_bars"": 2, ""leg_a_atr_target"": 1.0, ""pullback_rsi"": 35, ""session_filter"": ""NY""}",1.6180122961256445,15.045132997801781,13.310653048133672,401.1910552557189,23.66101581658999,16.846760359465186,0.7863227638428775,8452,16.846760359465186,11.58784779955047,11.434500094835656,A_if_A_hits_first_else_B
M5,trend_pullback,fixed_tp,"{""adx_threshold"": 25, ""atr_stop"": 3.0, ""atr_target"": 1.0, ""confirmation_bars"": 1, ""leg_a_atr_target"": 1.0, ""pullback_rsi"": 35, ""session_filter"": ""NY""}",1.5712054523661962,11.934739636661247,11.46160622903383,248.71355938367316,25.301768345145703,16.23553370439194,0.7764017887856897,5814,16.23553370439194,11.58784779955047,11.21120939680813,A_if_A_hits_first_else_B
M5,trend_pullback,fixed_tp,"{""adx_threshold"": 20, ""atr_stop"": 3.0, ""atr_target"": 1.0, ""confirmation_bars"": 1, ""leg_a_atr_target"": 0.8, ""pullback_rsi"": 35, ""session_filter"": ""NY""}",1.7810262549126643,18.90405669878402,15.40320824028932,708.5353777925206,15.633753499978948,16.041321841701166,0.7689708437922379,10358,16.041321841701166,11.58784779955047,11.185199405375652,A_if_A_hits_first_else_B
M5,trend_pullback,fixed_tp,"{""adx_threshold"": 25, ""atr_stop"": 3.0, ""atr_target"": 1.0, ""confirmation_bars"": 2, ""leg_a_atr_target"": 1.0, ""pullback_rsi"": 35, ""session_filter"": ""NY""}",1.5642896288352743,11.734675152144698,11.261772702023057,232.99453339693233,26.469712064040905,16.12787189203017,0.7754532775453278,5736,16.12787189203017,11.58784779955047,11.172144597775326,A_if_A_hits_first_else_B
M5,trend_pullback,fixed_tp,"{""adx_threshold"": 25, ""atr_stop"": 3.0, ""atr_target"": 1.0, ""confirmation_bars"": 1, ""leg_a_atr_target"": 0.8, ""pullback_rsi"": 35, ""session_filter"": ""NY""}",1.7388585469143611,15.292244707452857,13.507423681494908,500.3627430832791,14.714529931039566,15.822211804031411,0.7624641833810888,6980,15.822211804031411,11.58784779955047,11.100077350591578,A_if_A_hits_first_else_B
M5,trend_pullback,fixed_tp,"{""adx_threshold"": 20, ""atr_stop"": 3.0, ""atr_target"": 1.0, ""confirmation_bars"": 2, ""leg_a_atr_target"": 0.8, ""pullback_rsi"": 35, ""session_filter"": ""NY""}",1.7629721703679389,18.44043585093698,14.994734575080404,688.1845707778795,15.633753499978948,15.721735911393337,0.7675596687773989,10265,15.721735911393337,11.58784779955047,11.069733512858967,A_if_A_hits_first_else_B
M5,trend_pullback,fixed_tp,"{""adx_threshold"": 25, ""atr_stop"": 3.0, ""atr_target"": 1.0, ""confirmation_bars"": 2, ""leg_a_atr_target"": 0.8, ""pullback_rsi"": 35, ""session_filter"": ""NY""}",1.7260757676548675,14.974988735876401,13.250053429034043,469.70639794545554,15.3048075940999,15.691427633017101,0.7609138533178114,6872,15.691427633017101,11.58784779955047,11.05174633488467,A_if_A_hits_first_else_B
M5,trend_pullback,fixed_tp,"{""adx_threshold"": 25, ""atr_stop"": 2.0, ""atr_target"": 1.0, ""confirmation_bars"": 2, ""leg_a_atr_target"": 0.8, ""pullback_rsi"": 30, ""session_filter"": ""NY""}",1.855580021542634,16.307748716837924,16.577284531732655,580.1804414516436,10.786589675793476,16.521035796883822,0.7356564589933122,5682,16.521035796883822,10.458375554576952,10.859747532777494,A_if_A_hits_first_else_B
M5,trend_pullback,fixed_tp,"{""adx_threshold"": 25, ""atr_stop"": 2.0, ""atr_target"": 1.0, ""confirmation_bars"": 1, ""leg_a_atr_target"": 0.8, ""pullback_rsi"": 30, ""session_filter"": ""NY""}",1.859268678337469,16.496642183064512,16.775543407628266,486.5079226444365,13.055378720534575,16.48610100535641,0.7359404741304724,5779,16.48610100535641,10.458375554576952,10.848258087101865,A_if_A_hits_first_else_B
M5,trend_pullback,fixed_tp,"{""adx_threshold"": 20, ""atr_stop"": 2.5, ""atr_target"": 1.0, ""confirmation_bars"": 1, ""leg_a_atr_target"": 1.0, ""pullback_rsi"": 35, ""session_filter"": ""NY""}",1.5724555812561138,14.955144253680874,14.482367064133967,364.8633142655547,25.27417978447052,15.359128916564623,0.7521652231845436,9006,15.359128916564623,11.25786772197266,10.756226711936538,A_if_A_hits_first_else_B
M5,trend_pullback,fixed_tp,"{""adx_threshold"": 20, ""atr_stop"": 2.0, ""atr_target"": 1.0, ""confirmation_bars"": 1, ""leg_a_atr_target"": 1.0, ""pullback_rsi"": 30, ""session_filter"": ""NY""}",1.693367179661866,16.580012913389478,17.654337771309702,433.08873080204677,19.043795452250592,16.282547779815026,0.7244011581995262,7598,16.282547779815026,10.458375554576952,10.74383415842726,A_if_A_hits_first_else_B
M5,trend_pullback,fixed_tp,"{""adx_threshold"": 25, ""atr_stop"": 2.0, ""atr_target"": 1.0, ""confirmation_bars"": 2, ""leg_a_atr_target"": 1.0, ""pullback_rsi"": 30, ""session_filter"": ""NY""}",1.6702835853454823,13.249348753595294,14.962441769054882,287.4950090462061,19.069660384914304,16.290903877384093,0.716323296354992,5048,16.290903877384093,10.458375554576952,10.742142073713158,A_if_A_hits_first_else_B
M5,trend_pullback,fixed_tp,"{""adx_threshold"": 25, ""atr_stop"": 2.0, ""atr_target"": 1.0, ""confirmation_bars"": 1, ""leg_a_atr_target"": 1.0, ""pullback_rsi"": 30, ""session_filter"": ""NY""}",1.671793731212123,13.378351832551012,15.138299423572732,251.41610555220583,22.090294505874787,16.258360114661308,0.7158469945355191,5124,16.258360114661308,10.458375554576952,10.73105378593351,A_if_A_hits_first_else_B
M5,trend_pullback,fixed_tp,"{""adx_threshold"": 20, ""atr_stop"": 2.0, ""atr_target"": 1.0, ""confirmation_bars"": 1, ""leg_a_atr_target"": 0.8, ""pullback_rsi"": 30, ""session_filter"": ""NY""}",1.8552021393369855,19.82736751031021,18.993175542666812,882.1246764708625,10.444332259549082,16.09199443771935,0.7416162086632511,8588,16.09199443771935,10.458375554576952,10.7095074806288,A_if_A_hits_first_else_B
M5,trend_pullback,fixed_tp,"{""adx_threshold"": 20, ""atr_stop"": 2.5, ""atr_target"": 1.0, ""confirmation_bars"": 1, ""leg_a_atr_target"": 0.8, ""pullback_rsi"": 35, ""session_filter"": ""NY""}",1.7364282787753815,18.924840796344895,16.816361814199997,610.910444907311,17.680144551176497,15.121782210824291,0.7489266380436812,10714,15.121782210824291,11.25786772197266,10.705949904431275,A_if_A_hits_first_else_B
M5,trend_pullback,fixed_tp,"{""adx_threshold"": 25, ""atr_stop"": 2.5, ""atr_target"": 1.0, ""confirmation_bars"": 1, ""leg_a_atr_target"": 0.8, ""pullback_rsi"": 35, ""session_filter"": ""NY""}",1.6989869251420218,15.137635117670852,14.222534656788698,307.031690855422,23.416732885500025,14.963949824083853,0.7427501040654919,7207,14.963949824083853,11.25786772197266,10.643220298345451,A_if_A_hits_first_else_B
M5,trend_pullback,fixed_tp,"{""adx_threshold"": 20, ""atr_stop"": 2.5, ""atr_target"": 1.0, ""confirmation_bars"": 2, ""leg_a_atr_target"": 1.0, ""pullback_rsi"": 35, ""session_filter"": ""NY""}",1.5544836885963091,14.45853611740467,13.972247887366164,351.0499174190463,25.27417978447052,14.973838984314526,0.7513501350135013,8888,14.973838984314526,11.25786772197266,10.617780857117042,A_if_A_hits_first_else_B
M5,trend_pullback,fixed_tp,"{""adx_threshold"": 20, ""atr_stop"": 2.5, ""atr_target"": 1.0, ""confirmation_bars"": 2, ""leg_a_atr_target"": 0.8, ""pullback_rsi"": 35, ""session_filter"": ""NY""}",1.719896665817245,18.45623147694771,16.355987089302566,592.9105952579965,17.680144551176497,14.839673032397283,0.7479237448093621,10596,14.839673032397283,11.25786772197266,10.603905369390196,A_if_A_hits_first_else_B
M5,trend_pullback,fixed_tp,"{""adx_threshold"": 20, ""atr_stop"": 2.0, ""atr_target"": 1.0, ""confirmation_bars"": 2, ""leg_a_atr_target"": 0.8, ""pullback_rsi"": 30, ""session_filter"": ""NY""}",1.8213724446366857,19.10134582071036,18.27505397109196,829.7663796193907,10.656565845743565,15.620881040510428,0.7393710988105052,8491,15.620881040510428,10.458375554576952,10.537851852665616,A_if_A_hits_first_else_B
M5,trend_pullback,fixed_tp,"{""adx_threshold"": 20, ""atr_stop"": 2.0, ""atr_target"": 1.0, ""confirmation_bars"": 2, ""leg_a_atr_target"": 1.0, ""pullback_rsi"": 30, ""session_filter"": ""NY""}",1.6611510774250748,15.85655691998824,16.867726736718122,368.75230402526233,21.297843289029977,15.711447286473897,0.7223259535876234,7498,15.711447286473897,10.458375554576952,10.537505765310508,A_if_A_hits_first_else_B
M5,trend_pullback,fixed_tp,"{""adx_threshold"": 25, ""atr_stop"": 2.5, ""atr_target"": 1.0, ""confirmation_bars"": 2, ""leg_a_atr_target"": 0.8, ""pullback_rsi"": 35, ""session_filter"": ""NY""}",1.6765135154477613,14.66455723169768,13.826620572090913,265.737999888613,26.159877283493387,14.66185348702279,0.7400168728908887,7112,14.66185348702279,11.25786772197266,10.532991898435226,A_if_A_hits_first_else_B
M5,trend_pullback,fixed_tp,"{""adx_threshold"": 25, ""atr_stop"": 3.0, ""atr_target"": 1.5, ""confirmation_bars"": 1, ""leg_a_atr_target"": 0.8, ""pullback_rsi"": 30, ""session_filter"": ""NY""}",1.5833733429842287,10.477490534207373,10.416815061414237,214.22715196965677,22.94316074573077,14.05370182159722,0.6971025543271063,5246,14.05370182159722,11.58784779955047,10.450001815953584,A_if_A_hits_first_else_B
M5,trend_pullback,fixed_tp,"{""adx_threshold"": 20, ""atr_stop"": 2.0, ""atr_target"": 1.0, ""confirmation_bars"": 1, ""leg_a_atr_target"": 1.0, ""pullback_rsi"": 35, ""session_filter"": ""NY""}",1.6097540128412307,16.93506800218627,19.072478802203,462.6152234677932,21.129970237887285,15.088051919327082,0.7106400493928792,9718,15.088051919327082,10.458375554576952,10.309037973892352,A_if_A_hits_first_else_B
M5,trend_pullback,fixed_tp,"{""adx_threshold"": 20, ""atr_stop"": 3.0, ""atr_target"": 1.5, ""confirmation_bars"": 1, ""leg_a_atr_target"": 1.0, ""pullback_rsi"": 30, ""session_filter"": ""NY""}",1.4789390559010722,10.551834597197239,10.404668641995933,211.7876325095184,29.663511407864117,13.647425459067279,0.6922519913106444,6905,13.647425459067279,11.58784779955047,10.286918231651473,A_if_A_hits_first_else_B
M5,trend_pullback,fixed_tp,"{""adx_threshold"": 20, ""atr_stop"": 2.0, ""atr_target"": 1.0, ""confirmation_bars"": 1, ""leg_a_atr_target"": 0.8, ""pullback_rsi"": 35, ""session_filter"": ""NY""}",1.753326869446788,20.638109659513166,21.09684486091852,796.7335340931421,13.957019076208995,14.741526912054825,0.7205479452054795,11315,14.741526912054825,10.458375554576952,10.216468792668175,A_if_A_hits_first_else_B
M5,trend_pullback,fixed_tp,"{""adx_threshold"": 20, ""atr_stop"": 3.0, ""atr_target"": 1.5, ""confirmation_bars"": 1, ""leg_a_atr_target"": 0.8, ""pullback_rsi"": 30, ""session_filter"": ""NY""}",1.5638936269859913,12.230928863844534,11.47287681772402,301.7947015403706,22.92487498999712,13.320380834533124,0.6991400333718393,7791,13.320380834533124,11.58784779955047,10.189443527281503,A_if_A_hits_first_else_B
M5,trend_pullback,fixed_tp,"{""adx_threshold"": 25, ""atr_stop"": 2.5, ""atr_target"": 1.5, ""confirmation_bars"": 2, ""leg_a_atr_target"": 0.8, ""pullback_rsi"": 30, ""session_filter"": ""NY""}",1.5733489100899174,10.68986604177962,11.79149584501761,206.0413245970504,23.399787399262774,13.668464915044826,0.6800226800226801,5291,13.668464915044826,11.25786772197266,10.164672977171369,A_if_A_hits_first_else_B
M5,trend_pullback,fixed_tp,"{""adx_threshold"": 25, ""atr_stop"": 2.5, ""atr_target"": 1.5, ""confirmation_bars"": 1, ""leg_a_atr_target"": 0.8, ""pullback_rsi"": 30, ""session_filter"": ""NY""}",1.577621577412814,10.847128968899264,11.934652825925763,253.0636100890387,19.381236980497135,13.646872004106276,0.6811352253756261,5391,13.646872004106276,11.25786772197266,10.157969991807455,A_if_A_hits_first_else_B
M5,trend_pullback,fixed_tp,"{""adx_threshold"": 20, ""atr_stop"": 2.0, ""atr_target"": 1.0, ""confirmation_bars"": 2, ""leg_a_atr_target"": 1.0, ""pullback_rsi"": 35, ""session_filter"": ""NY""}",1.5865017574011187,16.30648784669729,18.321627237432175,443.4820873903882,21.129970237887285,14.635719451679037,0.7094960433152853,9604,14.635719451679037,10.458375554576952,10.146071159127516,A_if_A_hits_first_else_B
M5,trend_pullback,fixed_tp,"{""adx_threshold"": 20, ""atr_stop"": 3.0, ""atr_target"": 1.5, ""confirmation_bars"": 2, ""leg_a_atr_target"": 0.8, ""pullback_rsi"": 30, ""session_filter"": ""NY""}",1.5524852528827735,11.949485388113592,11.190860775599601,265.6192085113155,25.316117808885657,13.10127388292396,0.6982725029224575,7699,13.10127388292396,11.58784779955047,10.11047441939765,A_if_A_hits_first_else_B
M5,trend_pullback,fixed_tp,"{""adx_threshold"": 25, ""atr_stop"": 2.0, ""atr_target"": 1.0, ""confirmation_bars"": 2, ""leg_a_atr_target"": 0.8, ""pullback_rsi"": 35, ""session_filter"": ""NY""}",1.7109248379232975,16.317455665313446,17.96333157629042,313.5656222393466,23.057726226010093,14.423680552234368,0.711397792259609,7519,14.423680552234368,10.458375554576952,10.096742160426315,A_if_A_hits_first_else_B
M5,trend_pullback,fixed_tp,"{""adx_threshold"": 25, ""atr_stop"": 2.0, ""atr_target"": 1.0, ""confirmation_bars"": 1, ""leg_a_atr_target"": 0.8, ""pullback_rsi"": 35, ""session_filter"": ""NY""}",1.712599353792174,16.464173446736588,18.143412807788398,304.8675105996363,24.04777375601227,14.422396564836824,0.7116065573770491,7625,14.422396564836824,10.458375554576952,10.096627668010951,A_if_A_hits_first_else_B
M5,trend_pullback,fixed_tp,"{""adx_threshold"": 20, ""atr_stop"": 2.0, ""atr_target"": 1.0, ""confirmation_bars"": 2, ""leg_a_atr_target"": 0.8, ""pullback_rsi"": 35, ""session_filter"": ""NY""}",1.7310465119112666,20.037634961923917,20.41331165387164,770.3000323290368,13.957019076208995,14.394928473115343,0.7195394090868518,11203,14.394928473115343,10.458375554576952,10.090703267532252,A_if_A_hits_first_else_B
M5,trend_pullback,fixed_tp,"{""adx_threshold"": 20, ""atr_stop"": 2.5, ""atr_target"": 1.5, ""confirmation_bars"": 1, ""leg_a_atr_target"": 0.8, ""pullback_rsi"": 30, ""session_filter"": ""NY""}",1.581027098330032,13.236159792443901,13.878228490676253,397.20449168807687,18.030172337438756,13.367966846081645,0.6836734693877551,8036,13.367966846081645,11.25786772197266,10.06103429068228,A_if_A_hits_first_else_B
M5,trend_pullback,fixed_tp,"{""adx_threshold"": 20, ""atr_stop"": 2.5, ""atr_target"": 1.5, ""confirmation_bars"": 2, ""leg_a_atr_target"": 0.8, ""pullback_rsi"": 30, ""session_filter"": ""NY""}",1.5741865288351486,13.017444994506926,13.591994312229572,342.0818305183457,20.472274085081608,13.236881918910088,0.68359375,7936,13.236881918910088,11.25786772197266,10.013786452273257,A_if_A_hits_first_else_B
M5,trend_pullback,fixed_tp,"{""adx_threshold"": 25, ""atr_stop"": 3.0, ""atr_target"": 1.0, ""confirmation_bars"": 1, ""leg_a_atr_target"": 1.0, ""pullback_rsi"": 30, ""session_filter"": ""London_NY""}",1.6279964903202273,15.087231916298473,11.991449896246738,370.49553949029934,25.87640799176767,15.419944894350788,0.7936950461076561,9326,15.419944894350788,9.530762258833708,10.011423027561989,A_if_A_hits_first_else_B
M5,trend_pullback,fixed_tp,"{""adx_threshold"": 25, ""atr_stop"": 3.0, ""atr_target"": 1.0, ""confirmation_bars"": 2, ""leg_a_atr_target"": 1.0, ""pullback_rsi"": 30, ""session_filter"": ""London_NY""}",1.625051270148088,14.883990667825337,11.79661581931,408.25728716087235,23.07334298341525,15.415438160824953,0.7940213833733363,9166,15.415438160824953,9.530762258833708,10.009256626793519,A_if_A_hits_first_else_B
M5,trend_pullback,fixed_tp,"{""adx_threshold"": 25, ""atr_stop"": 3.0, ""atr_target"": 1.0, ""confirmation_bars"": 2, ""leg_a_atr_target"": 0.8, ""pullback_rsi"": 30, ""session_filter"": ""London_NY""}",1.808560867731051,18.683991472339056,13.743317380011165,776.4623420830833,14.085543902631292,15.178887502060256,0.7871946706143598,10808,15.178887502060256,9.530762258833708,9.96316581574247,A_if_A_hits_first_else_B
M5,trend_pullback,fixed_tp,"{""adx_threshold"": 25, ""atr_stop"": 3.0, ""atr_target"": 1.0, ""confirmation_bars"": 1, ""leg_a_atr_target"": 0.8, ""pullback_rsi"": 30, ""session_filter"": ""London_NY""}",1.8100186138177505,18.897891708564355,13.943944508981748,671.4747214634499,16.544235348786593,15.170751760723155,0.7869628550619082,10984,15.170751760723155,9.530762258833708,9.960609855491823,A_if_A_hits_first_else_B
M5,trend_pullback,fixed_tp,"{""adx_threshold"": 25, ""atr_stop"": 2.5, ""atr_target"": 1.0, ""confirmation_bars"": 1, ""leg_a_atr_target"": 1.0, ""pullback_rsi"": 30, ""session_filter"": ""London_NY""}",1.6676605701851654,16.687840618244007,14.628494373338416,444.5279077472508,22.866797167536713,15.511082657831881,0.7660223804679552,9830,15.511082657831881,9.311218256368678,9.952459259644098,A_if_A_hits_first_else_B
M5,trend_pullback,fixed_tp,"{""adx_threshold"": 25, ""atr_stop"": 2.5, ""atr_target"": 1.0, ""confirmation_bars"": 1, ""leg_a_atr_target"": 0.8, ""pullback_rsi"": 30, ""session_filter"": ""London_NY""}",1.8508679452569252,20.599152349771686,16.663092755971004,842.0811433032927,13.835007370586638,15.381831032787217,0.7692104568259837,11361,15.381831032787217,9.311218256368678,9.943862665892814,A_if_A_hits_first_else_B
M5,trend_pullback,fixed_tp,"{""adx_threshold"": 25, ""atr_stop"": 2.5, ""atr_target"": 1.0, ""confirmation_bars"": 2, ""leg_a_atr_target"": 1.0, ""pullback_rsi"": 30, ""session_filter"": ""London_NY""}",1.6605024957956507,16.384443057636883,14.334957493739122,520.8216331591867,19.090319419186407,15.445295159638302,0.7657415078707539,9656,15.445295159638302,9.311218256368678,9.92800202039844,A_if_A_hits_first_else_B
M5,trend_pullback,fixed_tp,"{""adx_threshold"": 25, ""atr_stop"": 2.5, ""atr_target"": 1.0, ""confirmation_bars"": 2, ""leg_a_atr_target"": 0.8, ""pullback_rsi"": 30, ""session_filter"": ""London_NY""}",1.843241213672088,20.254075186963963,16.354041140274486,780.9073115972964,14.613770880978997,15.322234869715517,0.7685284640171858,11172,15.322234869715517,9.311218256368678,9.921478662500753,A_if_A_hits_first_else_B
M5,trend_pullback,fixed_tp,"{""adx_threshold"": 25, ""atr_stop"": 3.0, ""atr_target"": 1.0, ""confirmation_bars"": 1, ""leg_a_atr_target"": 1.0, ""pullback_rsi"": 30, ""session_filter"": ""London""}",1.7260977583621722,14.286684907745663,10.675754892933446,276.22488193350085,26.759796350520194,15.780789042457197,0.8018787361229718,7026,15.780789042457197,8.910196746598913,9.878084252501965,A_if_A_hits_first_else_B
M5,trend_pullback,fixed_tp,"{""adx_threshold"": 25, ""atr_stop"": 3.0, ""atr_target"": 1.0, ""confirmation_bars"": 2, ""leg_a_atr_target"": 1.0, ""pullback_rsi"": 30, ""session_filter"": ""London""}",1.7191453903003613,14.009723386485215,10.43286511764822,259.66609200204323,27.77443151123774,15.719437855495839,0.8020924149956408,6882,15.719437855495839,8.910196746598913,9.855220863453127,A_if_A_hits_first_else_B
M5,trend_pullback,fixed_tp,"{""adx_threshold"": 20, ""atr_stop"": 3.0, ""atr_target"": 1.0, ""confirmation_bars"": 1, ""leg_a_atr_target"": 0.8, ""pullback_rsi"": 30, ""session_filter"": ""London_NY""}",1.814956232418668,23.392583361129567,17.377779796182445,806.3407546293795,20.1630920180082,14.811712268565786,0.7837837837837838,16465,14.811712268565786,9.530762258833708,9.835933556956928,A_if_A_hits_first_else_B
M5,trend_pullback,fixed_tp,"{""adx_threshold"": 20, ""atr_stop"": 3.0, ""atr_target"": 1.0, ""confirmation_bars"": 2, ""leg_a_atr_target"": 0.8, ""pullback_rsi"": 30, ""session_filter"": ""London_NY""}",1.8099445739792406,23.062744729140864,17.070348379682965,790.5629444086247,20.1630920180082,14.753973893130903,0.7841540170307294,16206,14.753973893130903,9.530762258833708,9.814722793866832,A_if_A_hits_first_else_B
M5,trend_pullback,fixed_tp,"{""adx_threshold"": 20, ""atr_stop"": 2.5, ""atr_target"": 1.0, ""confirmation_bars"": 1, ""leg_a_atr_target"": 0.8, ""pullback_rsi"": 30, ""session_filter"": ""London_NY""}",1.8588239711715164,25.712558268308186,20.99423954989706,891.8633194761208,19.20490560049073,15.005388557772953,0.7670832846630067,17122,15.005388557772953,9.311218256368678,9.813699004820743,A_if_A_hits_first_else_B
M5,trend_pullback,fixed_tp,"{""adx_threshold"": 25, ""atr_stop"": 1.5, ""atr_target"": 1.0, ""confirmation_bars"": 1, ""leg_a_atr_target"": 0.8, ""pullback_rsi"": 30, ""session_filter"": ""NY""}",1.8827517629363304,17.80991212382135,20.964510260681845,747.2051535261761,8.612614976594879,15.713959700101928,0.692007162624125,6143,15.713959700101928,8.72176118559436,9.801228781140402,A_if_A_hits_first_else_B
M5,trend_pullback,fixed_tp,"{""adx_threshold"": 20, ""atr_stop"": 2.5, ""atr_target"": 1.0, ""confirmation_bars"": 2, ""leg_a_atr_target"": 0.8, ""pullback_rsi"": 30, ""session_filter"": ""London_NY""}",1.8536662706465712,25.3413087314115,20.60734408534824,873.7810447000442,19.20490560049073,14.95000517814563,0.7674763912811071,16837,14.95000517814563,9.311218256368678,9.79328328184619,A_if_A_hits_first_else_B
M5,trend_pullback,fixed_tp,"{""adx_threshold"": 25, ""atr_stop"": 1.5, ""atr_target"": 1.0, ""confirmation_bars"": 2, ""leg_a_atr_target"": 0.8, ""pullback_rsi"": 30, ""session_filter"": ""NY""}",1.8701976749291962,17.472025062170527,20.589584438318226,784.2467750954131,8.024734077501478,15.65255800351217,0.6910960039794396,6031,15.65255800351217,8.72176118559436,9.77722736973256,A_if_A_hits_first_else_B
M5,trend_pullback,fixed_tp,"{""adx_threshold"": 25, ""atr_stop"": 2.5, ""atr_target"": 1.0, ""confirmation_bars"": 1, ""leg_a_atr_target"": 1.0, ""pullback_rsi"": 30, ""session_filter"": ""London""}",1.7570840840670594,15.523480963934718,12.74303956853423,420.3817925797747,18.437651116565263,15.651964514018943,0.7754442649434572,7428,15.651964514018943,8.728652083456305,9.757497834275378,A_if_A_hits_first_else_B
M5,trend_pullback,fixed_tp,"{""adx_threshold"": 25, ""atr_stop"": 3.0, ""atr_target"": 1.0, ""confirmation_bars"": 1, ""leg_a_atr_target"": 1.0, ""pullback_rsi"": 30, ""session_filter"": null}",1.6350815990499927,18.686183567471016,15.181298251115608,549.576077367831,27.824940351690287,15.31847359236918,0.7917724055028716,14974,15.31847359236918,8.978720303510604,9.728906213718984,A_if_A_hits_first_else_B
M5,trend_pullback,fixed_tp,"{""adx_threshold"": 25, ""atr_stop"": 2.5, ""atr_target"": 1.0, ""confirmation_bars"": 2, ""leg_a_atr_target"": 1.0, ""pullback_rsi"": 30, ""session_filter"": ""London""}",1.7469302052235027,15.17292479158385,12.41586312190513,394.6820422945633,19.102591400209654,15.555948666341047,0.7752407152682256,7270,15.555948666341047,8.728652083456305,9.721861511819405,A_if_A_hits_first_else_B
M5,trend_pullback,fixed_tp,"{""adx_threshold"": 20, ""atr_stop"": 1.5, ""atr_target"": 1.0, ""confirmation_bars"": 1, ""leg_a_atr_target"": 0.8, ""pullback_rsi"": 30, ""session_filter"": ""NY""}",1.8862052138524317,21.789831674151564,24.91679420768626,862.1918936297475,10.953381194332726,15.47675593836484,0.6948541461815798,9153,15.47675593836484,8.72176118559436,9.718898154715642,A_if_A_hits_first_else_B
M5,trend_pullback,fixed_tp,"{""adx_threshold"": 20, ""atr_stop"": 1.5, ""atr_target"": 1.0, ""confirmation_bars"": 1, ""leg_a_atr_target"": 1.0, ""pullback_rsi"": 30, ""session_filter"": ""NY""}",1.7294248234863874,18.3986672696317,23.25743466117588,430.30297690899954,19.787077879033944,15.488306783310422,0.6643220955614844,8246,15.488306783310422,8.72176118559436,9.691584872373387,A_if_A_hits_first_else_B
M5,trend_pullback,fixed_tp,"{""adx_threshold"": 25, ""atr_stop"": 3.0, ""atr_target"": 1.0, ""confirmation_bars"": 1, ""leg_a_atr_target"": 0.8, ""pullback_rsi"": 30, ""session_filter"": ""London""}",1.9054703639918034,17.358616277194677,12.270947107675507,351.7354528247583,23.654657877493708,15.109288982969083,0.7918886198547216,8260,15.109288982969083,8.910196746598913,9.67893375280705,A_if_A_hits_first_else_B
M5,trend_pullback,fixed_tp,"{""adx_threshold"": 25, ""atr_stop"": 3.0, ""atr_target"": 1.0, ""confirmation_bars"": 2, ""leg_a_atr_target"": 0.8, ""pullback_rsi"": 30, ""session_filter"": ""London""}",1.9016883451316393,17.098498152554654,12.040302935765743,336.3158909681408,24.24012435132147,15.082028277737784,0.7920572274296991,8108,15.082028277737784,8.910196746598913,9.668636102204065,A_if_A_hits_first_else_B
M5,trend_pullback,fixed_tp,"{""adx_threshold"": 25, ""atr_stop"": 3.0, ""atr_target"": 1.0, ""confirmation_bars"": 2, ""leg_a_atr_target"": 1.0, ""pullback_rsi"": 30, ""session_filter"": null}",1.6221703483402734,18.167928584785333,14.737347968266699,504.4962989066064,29.323818987160315,15.116237890493418,0.79141689373297,14680,15.116237890493418,8.978720303510604,9.655541467920521,A_if_A_hits_first_else_B
M5,trend_pullback,fixed_tp,"{""adx_threshold"": 25, ""atr_stop"": 2.5, ""atr_target"": 1.0, ""confirmation_bars"": 1, ""leg_a_atr_target"": 1.0, ""pullback_rsi"": 30, ""session_filter"": null}",1.6762684669874213,20.808886574591174,18.887571931863476,580.3334694127942,28.0757839246261,15.36525565019064,0.7628567836036716,15906,15.36525565019064,8.754036190735315,9.6524094567951,A_if_A_hits_first_else_B
M5,trend_pullback,fixed_tp,"{""adx_threshold"": 25, ""atr_stop"": 2.5, ""atr_target"": 1.0, ""confirmation_bars"": 1, ""leg_a_atr_target"": 0.8, ""pullback_rsi"": 30, ""session_filter"": ""London""}",1.9434634893497773,18.70647799357332,14.34822117050493,537.4017707654382,16.160512238024875,15.241642494192854,0.7758277758277758,8547,15.241642494192854,8.728652083456305,9.651161008392792,A_if_A_hits_first_else_B
M5,trend_pullback,fixed_tp,"{""adx_threshold"": 25, ""atr_stop"": 2.5, ""atr_target"": 1.0, ""confirmation_bars"": 2, ""leg_a_atr_target"": 0.8, ""pullback_rsi"": 30, ""session_filter"": ""London""}",1.9351750569341548,18.353676667108253,14.033229074738252,495.5927384154634,17.10968507171204,15.168936812371971,0.7750745378652355,8385,15.168936812371971,8.728652083456305,9.624056333272357,A_if_A_hits_first_else_B
M5,trend_pullback,fixed_tp,"{""adx_threshold"": 25, ""atr_stop"": 1.5, ""atr_target"": 1.0, ""confirmation_bars"": 1, ""leg_a_atr_target"": 1.0, ""pullback_rsi"": 30, ""session_filter"": ""NY""}",1.6945420893901968,14.504830371785578,18.88192973230236,306.4169408738189,18.33643667813799,15.229295717676653,0.6577520780628839,5534,15.229295717676653,8.72176118559436,9.593954452582329,A_if_A_hits_first_else_B
M5,trend_pullback,fixed_tp,"{""adx_threshold"": 25, ""atr_stop"": 2.5, ""atr_target"": 1.0, ""confirmation_bars"": 2, ""leg_a_atr_target"": 1.0, ""pullback_rsi"": 30, ""session_filter"": null}",1.664922323086515,20.29961596110867,18.383846068986372,560.4388903959875,28.214373587253295,15.202312741755554,0.7624663504678887,15602,15.202312741755554,8.754036190735315,9.593110210062639,A_if_A_hits_first_else_B
M5,trend_pullback,fixed_tp,"{""adx_threshold"": 25, ""atr_stop"": 3.0, ""atr_target"": 1.5, ""confirmation_bars"": 2, ""leg_a_atr_target"": 0.8, ""pullback_rsi"": 35, ""session_filter"": ""NY""}",1.473866948261893,10.126624322599083,10.50742112462724,193.3801608866398,27.457888650072693,11.60191753406808,0.6702112163146394,6865,11.60191753406808,11.58784779955047,9.569976036373918,A_if_A_hits_first_else_B
M5,trend_pullback,fixed_tp,"{""adx_threshold"": 20, ""atr_stop"": 1.5, ""atr_target"": 1.0, ""confirmation_bars"": 2, ""leg_a_atr_target"": 0.8, ""pullback_rsi"": 30, ""session_filter"": ""NY""}",1.8538311442314597,21.05640295227013,24.004957984027595,829.2502145371675,10.953381194332726,15.056515148592894,0.6932257708034036,9049,15.056515148592894,8.72176118559436,9.565339064371267,A_if_A_hits_first_else_B
M5,trend_pullback,fixed_tp,"{""adx_threshold"": 25, ""atr_stop"": 1.5, ""atr_target"": 1.0, ""confirmation_bars"": 2, ""leg_a_atr_target"": 1.0, ""pullback_rsi"": 30, ""session_filter"": ""NY""}",1.6849722004708076,14.232250681745752,18.519877431888734,361.19526950312104,15.212269835733172,15.139419277383789,0.6572373254959588,5444,15.139419277383789,8.72176118559436,9.56058372069595,A_if_A_hits_first_else_B
M5,trend_pullback,fixed_tp,"{""adx_threshold"": 20, ""atr_stop"": 3.0, ""atr_target"": 1.0, ""confirmation_bars"": 2, ""leg_a_atr_target"": 1.0, ""pullback_rsi"": 30, ""session_filter"": null}",1.6343993520744975,22.7171044716642,18.291998918900784,962.6146495344863,22.444448166146273,14.826622704810555,0.7906487327294355,21858,14.826622704810555,8.978720303510604,9.556621953678366,A_if_A_hits_first_else_B
M5,trend_pullback,fixed_tp,"{""adx_threshold"": 20, ""atr_stop"": 3.0, ""atr_target"": 1.0, ""confirmation_bars"": 2, ""leg_a_atr_target"": 1.0, ""pullback_rsi"": 30, ""session_filter"": ""London""}",1.688912655286031,17.078331498297477,13.078362826451068,417.7566812551458,25.005259527915296,14.860746729379988,0.7964719271623673,10544,14.860746729379988,8.910196746598913,9.548632422309714,A_if_A_hits_first_else_B
M5,trend_pullback,fixed_tp,"{""adx_threshold"": 25, ""atr_stop"": 3.0, ""atr_target"": 1.0, ""confirmation_bars"": 1, ""leg_a_atr_target"": 0.8, ""pullback_rsi"": 30, ""session_filter"": null}",1.8007578260511639,23.096395448677058,17.573752971802733,822.4722211631248,21.23735975030789,14.652000709212665,0.7811206800134213,17882,14.652000709212665,8.978720303510604,9.528775950014436,A_if_A_hits_first_else_B
M5,trend_pullback,fixed_tp,"{""adx_threshold"": 25, ""atr_stop"": 3.0, ""atr_target"": 1.5, ""confirmation_bars"": 1, ""leg_a_atr_target"": 0.8, ""pullback_rsi"": 35, ""session_filter"": ""NY""}",1.4680881403236488,10.097943700649614,10.45896807460459,217.4287410092669,24.448741229610434,11.428677851832179,0.6700587645119679,6977,11.428677851832179,11.58784779955047,9.508186386003704,A_if_A_hits_first_else_B
M5,trend_pullback,fixed_tp,"{""adx_threshold"": 20, ""atr_stop"": 1.5, ""atr_target"": 1.0, ""confirmation_bars"": 2, ""leg_a_atr_target"": 1.0, ""pullback_rsi"": 30, ""session_filter"": ""NY""}",1.6977203032436328,17.657817297414052,22.25811892539423,410.7941140055096,19.787077879033944,14.971295050483365,0.662573673870334,8144,14.971295050483365,8.72176118559436,9.504289861835368,A_if_A_hits_first_else_B
M5,trend_pullback,fixed_tp,"{""adx_threshold"": 20, ""atr_stop"": 2.5, ""atr_target"": 1.0, ""confirmation_bars"": 2, ""leg_a_atr_target"": 1.0, ""pullback_rsi"": 30, ""session_filter"": ""London""}",1.7339719584699105,18.973130140177044,15.97157026042253,605.7882143250336,18.391561594793565,14.937510623648791,0.771540936717912,11188,14.937510623648791,8.728652083456305,9.502816547526395,A_if_A_hits_first_else_B
M5,trend_pullback,fixed_tp,"{""adx_threshold"": 20, ""atr_stop"": 3.0, ""atr_target"": 1.0, ""confirmation_bars"": 1, ""leg_a_atr_target"": 1.0, ""pullback_rsi"": 30, ""session_filter"": null}",1.6238305903421848,22.595263991850167,18.259500218868194,978.41055529394,22.12905520219272,14.65566416189599,0.7898916967509025,22160,14.65566416189599,8.978720303510604,9.494672711311805,A_if_A_hits_first_else_B
M5,trend_pullback,fixed_tp,"{""adx_threshold"": 25, ""atr_stop"": 2.5, ""atr_target"": 1.0, ""confirmation_bars"": 1, ""leg_a_atr_target"": 0.8, ""pullback_rsi"": 30, ""session_filter"": null}",1.8402301580242928,25.26560101342813,21.231940098584815,731.7476072268208,25.076995319018646,14.813544471069969,0.7644367902696303,18581,14.813544471069969,8.754036190735315,9.49210288231024,A_if_A_hits_first_else_B
M5,trend_pullback,fixed_tp,"{""adx_threshold"": 25, ""atr_stop"": 3.0, ""atr_target"": 1.0, ""confirmation_bars"": 2, ""leg_a_atr_target"": 0.8, ""pullback_rsi"": 30, ""session_filter"": null}",1.7910172910465259,22.6245500158005,17.174798938915327,784.784616144799,21.690267890981836,14.538937957722945,0.7810044414075845,17562,14.538937957722945,8.978720303510604,9.487255879992107,A_if_A_hits_first_else_B
M5,trend_pullback,fixed_tp,"{""adx_threshold"": 25, ""atr_stop"": 2.5, ""atr_target"": 1.0, ""confirmation_bars"": 2, ""leg_a_atr_target"": 0.8, ""pullback_rsi"": 30, ""session_filter"": null}",1.8294078279668755,24.747510490120035,20.755462649271223,698.9377378632367,25.58446773232174,14.684618965233687,0.7636045111135443,18266,14.684618965233687,8.754036190735315,9.444814489256057,A_if_A_hits_first_else_B
M5,trend_pullback,fixed_tp,"{""adx_threshold"": 20, ""atr_stop"": 2.5, ""atr_target"": 1.0, ""confirmation_bars"": 2, ""leg_a_atr_target"": 1.0, ""pullback_rsi"": 30, ""session_filter"": null}",1.6698398580871043,25.231265049213974,22.732233980378048,934.1942447563206,24.517143478430906,14.761391038550633,0.7620520752771333,23274,14.761391038550633,8.754036190735315,9.439771120941034,A_if_A_hits_first_else_B
M5,trend_pullback,fixed_tp,"{""adx_threshold"": 20, ""atr_stop"": 2.5, ""atr_target"": 1.0, ""confirmation_bars"": 1, ""leg_a_atr_target"": 1.0, ""pullback_rsi"": 30, ""session_filter"": ""London""}",1.7195249470596694,18.8835147160674,16.01158340566507,476.057778044724,23.472143209412664,14.749335193004931,0.7699753607884547,11364,14.749335193004931,8.728652083456305,9.434065744518996,A_if_A_hits_first_else_B
M5,trend_pullback,fixed_tp,"{""adx_threshold"": 20, ""atr_stop"": 2.5, ""atr_target"": 1.0, ""confirmation_bars"": 1, ""leg_a_atr_target"": 1.0, ""pullback_rsi"": 30, ""session_filter"": null}",1.6668472903700156,25.35191422862582,22.897316136633297,861.2067943091749,26.9046643663329,14.724504162998128,0.7619047619047619,23604,14.724504162998128,8.754036190735315,9.42626220095424,A_if_A_hits_first_else_B
M5,trend_pullback,fixed_tp,"{""adx_threshold"": 25, ""atr_stop"": 2.0, ""atr_target"": 1.5, ""confirmation_bars"": 2, ""leg_a_atr_target"": 0.8, ""pullback_rsi"": 30, ""session_filter"": ""NY""}",1.54591508435326,10.734034878292613,12.972813373423714,309.05249746863745,14.843067555560422,12.535854704340473,0.6531244306795408,5489,12.535854704340473,10.458375554576952,9.403001162949444,A_if_A_hits_first_else_B
M5,trend_pullback,fixed_tp,"{""adx_threshold"": 25, ""atr_stop"": 2.0, ""atr_target"": 1.0, ""confirmation_bars"": 2, ""leg_a_atr_target"": 0.8, ""pullback_rsi"": 30, ""session_filter"": ""London_NY""}",1.8330354837517475,21.5537781082788,19.456544584540957,798.7238816144788,14.2686975757654,14.568880407318574,0.7385375830918698,11734,14.568880407318574,8.607367004929992,9.339030391530347,A_if_A_hits_first_else_B
M5,trend_pullback,fixed_tp,"{""adx_threshold"": 25, ""atr_stop"": 2.0, ""atr_target"": 1.5, ""confirmation_bars"": 1, ""leg_a_atr_target"": 0.8, ""pullback_rsi"": 30, ""session_filter"": ""NY""}",1.5385511951321629,10.709030569388363,12.949251796482857,355.51407842937266,12.913925434074566,12.328362780882548,0.6525241675617616,5586,12.328362780882548,10.458375554576952,9.328906211894953,A_if_A_hits_first_else_B
M5,trend_pullback,fixed_tp,"{""adx_threshold"": 25, ""atr_stop"": 2.0, ""atr_target"": 1.0, ""confirmation_bars"": 1, ""leg_a_atr_target"": 0.8, ""pullback_rsi"": 30, ""session_filter"": ""London_NY""}",1.8323761348273333,21.761780815664377,19.71464233595909,818.7490423044854,14.123852799376019,14.53115224068686,0.7383764765016336,11937,14.53115224068686,8.607367004929992,9.325693663424364,A_if_A_hits_first_else_B
M5,trend_pullback,fixed_tp,"{""adx_threshold"": 20, ""atr_stop"": 2.5, ""atr_target"": 1.0, ""confirmation_bars"": 2, ""leg_a_atr_target"": 0.8, ""pullback_rsi"": 30, ""session_filter"": ""London""}",1.893177261242644,22.465969399464896,17.573947853224077,801.5782233226296,15.353434576423508,14.290500243462342,0.771559064870723,12918,14.290500243462342,8.728652083456305,9.308203975015687,A_if_A_hits_first_else_B
M5,trend_pullback,fixed_tp,"{""adx_threshold"": 20, ""atr_stop"": 3.0, ""atr_target"": 1.0, ""confirmation_bars"": 2, ""leg_a_atr_target"": 0.8, ""pullback_rsi"": 30, ""session_filter"": ""London""}",1.8459197221146992,20.50232622013455,14.741406160155588,659.1640501397138,17.6961615804575,14.076436290387557,0.7867256637168142,12430,14.076436290387557,8.910196746598913,9.305525182028095,A_if_A_hits_first_else_B
M5,trend_pullback,fixed_tp,"{""adx_threshold"": 20, ""atr_stop"": 2.5, ""atr_target"": 1.0, ""confirmation_bars"": 1, ""leg_a_atr_target"": 0.8, ""pullback_rsi"": 30, ""session_filter"": ""London""}",1.8896627625566833,22.662885181914877,17.81500266805659,768.6901721511146,16.251891638505892,14.237201088038695,0.7707035404953655,13162,14.237201088038695,8.728652083456305,9.288846370880218,A_if_A_hits_first_else_B
M5,trend_pullback,fixed_tp,"{""adx_threshold"": 20, ""atr_stop"": 3.0, ""atr_target"": 1.0, ""confirmation_bars"": 1, ""leg_a_atr_target"": 0.8, ""pullback_rsi"": 30, ""session_filter"": ""London""}",1.8391612493862195,20.605218771387936,14.891712952972602,533.1046062753537,22.127635959814786,13.986654797440606,0.7857086396332306,12651,13.986654797440606,8.910196746598913,9.272749964950966,A_if_A_hits_first_else_B
M5,trend_pullback,fixed_tp,"{""adx_threshold"": 20, ""atr_stop"": 3.0, ""atr_target"": 1.0, ""confirmation_bars"": 2, ""leg_a_atr_target"": 0.8, ""pullback_rsi"": 30, ""session_filter"": null}",1.7773440407967032,27.482353137870252,20.775826081781464,1373.0810389249475,17.680605065254106,13.904297578362462,0.7780068728522337,26190,13.904297578362462,8.978720303510604,9.262397097165973,A_if_A_hits_first_else_B
M5,trend_pullback,fixed_tp,"{""adx_threshold"": 25, ""atr_stop"": 3.0, ""atr_target"": 1.0, ""confirmation_bars"": 1, ""leg_a_atr_target"": 0.8, ""pullback_rsi"": 35, ""session_filter"": ""London_NY""}",1.675665242172839,18.35743162417283,13.86767594116484,538.0217920974184,23.317071259343308,13.23694337234284,0.7645610579628588,14216,13.23694337234284,9.530762258833708,9.256906245229729,A_if_A_hits_first_else_B
M5,trend_pullback,fixed_tp,"{""adx_threshold"": 20, ""atr_stop"": 3.0, ""atr_target"": 1.5, ""confirmation_bars"": 1, ""leg_a_atr_target"": 1.0, ""pullback_rsi"": 35, ""session_filter"": ""NY""}",1.365384353904506,9.560812527509992,9.73974855894244,278.3569846224195,22.97272892957999,10.741242250928506,0.667973124300112,8930,10.741242250928506,11.58784779955047,9.24704316840359,A_if_A_hits_first_else_B
M5,trend_pullback,fixed_tp,"{""adx_threshold"": 20, ""atr_stop"": 2.0, ""atr_target"": 1.5, ""confirmation_bars"": 1, ""leg_a_atr_target"": 0.8, ""pullback_rsi"": 30, ""session_filter"": ""NY""}",1.5377832981806203,12.994252650068047,14.792175327778361,519.8864156346237,12.821005877182392,12.059100452874457,0.6567362199975878,8291,12.059100452874457,10.458375554576952,9.23451081770181,A_if_A_hits_first_else_B
M5,trend_pullback,fixed_tp,"{""adx_threshold"": 20, ""atr_stop"": 2.5, ""atr_target"": 1.0, ""confirmation_bars"": 2, ""leg_a_atr_target"": 0.8, ""pullback_rsi"": 30, ""session_filter"": null}",1.8213424826788738,30.385692321081113,25.40728636854889,1304.9825888723226,19.657001307855353,14.085758569494278,0.7612841820112018,27317,14.085758569494278,8.754036190735315,9.233600281689665,A_if_A_hits_first_else_B
M5,trend_pullback,fixed_tp,"{""adx_threshold"": 20, ""atr_stop"": 2.5, ""atr_target"": 1.0, ""confirmation_bars"": 1, ""leg_a_atr_target"": 0.8, ""pullback_rsi"": 30, ""session_filter"": null}",1.820592720214556,30.62956149094693,25.656836778167943,1167.750392639614,22.292339363939163,14.070783779915349,0.7608734820366834,27751,14.070783779915349,8.754036190735315,9.228209152844174,A_if_A_hits_first_else_B
M5,trend_pullback,fixed_tp,"{""adx_threshold"": 20, ""atr_stop"": 3.0, ""atr_target"": 1.0, ""confirmation_bars"": 1, ""leg_a_atr_target"": 0.8, ""pullback_rsi"": 30, ""session_filter"": null}",1.7697671790166258,27.50861814591123,20.84918003487489,1362.1188410494844,17.970788733381436,13.807214260665596,0.7771594028503741,26593,13.807214260665596,8.978720303510604,9.226902563616056,A_if_A_hits_first_else_B
M5,trend_pullback,fixed_tp,"{""adx_threshold"": 20, ""atr_stop"": 3.0, ""atr_target"": 1.5, ""confirmation_bars"": 1, ""leg_a_atr_target"": 0.8, ""pullback_rsi"": 35, ""session_filter"": ""NY""}",1.4423564521094587,11.572588131846816,11.37524337226529,366.67727003754857,19.985730269394733,10.638216899576767,0.669892577179909,10333,10.638216899576767,11.58784779955047,9.226378715071473,A_if_A_hits_first_else_B
M5,trend_pullback,fixed_tp,"{""adx_threshold"": 25, ""atr_stop"": 3.0, ""atr_target"": 1.0, ""confirmation_bars"": 2, ""leg_a_atr_target"": 0.8, ""pullback_rsi"": 35, ""session_filter"": ""London_NY""}",1.6657715416099577,18.007882225309896,13.600159940333299,497.0254366369673,24.693900950520693,13.1071090369527,0.7634201908016517,14046,13.1071090369527,9.530762258833708,9.209485487730605,A_if_A_hits_first_else_B
M5,trend_pullback,fixed_tp,"{""adx_threshold"": 20, ""atr_stop"": 3.0, ""atr_target"": 1.0, ""confirmation_bars"": 2, ""leg_a_atr_target"": 0.8, ""pullback_rsi"": 35, ""session_filter"": ""London_NY""}",1.682163813201963,22.714257773523688,17.276493808082563,753.2937704525979,23.92140982221059,12.933524809451319,0.7639121489066463,20899,12.933524809451319,9.530762258833708,9.152009462423521,A_if_A_hits_first_else_B
M5,trend_pullback,fixed_tp,"{""adx_threshold"": 20, ""atr_stop"": 3.0, ""atr_target"": 1.0, ""confirmation_bars"": 1, ""leg_a_atr_target"": 0.8, ""pullback_rsi"": 35, ""session_filter"": ""London_NY""}",1.6797845375434952,22.858262958338358,17.458136123062413,633.0965688337365,28.829936308860965,12.92583005299686,0.7634672583919551,21181,12.92583005299686,9.530762258833708,9.14884044253277,A_if_A_hits_first_else_B
M5,trend_pullback,fixed_tp,"{""adx_threshold"": 20, ""atr_stop"": 3.0, ""atr_target"": 1.5, ""confirmation_bars"": 2, ""leg_a_atr_target"": 1.0, ""pullback_rsi"": 35, ""session_filter"": ""NY""}",1.3538218957658956,9.23255272599042,9.359315351738319,237.19575236981598,25.946339365523485,10.446466256163705,0.6674210704990381,8837,10.446466256163705,11.58784779955047,9.141559078608188,A_if_A_hits_first_else_B
M5,trend_pullback,fixed_tp,"{""adx_threshold"": 20, ""atr_stop"": 2.0, ""atr_target"": 1.5, ""confirmation_bars"": 2, ""leg_a_atr_target"": 0.8, ""pullback_rsi"": 30, ""session_filter"": ""NY""}",1.5234596758239427,12.63818730293975,14.321376468735854,427.6759515201952,15.074393637778838,11.786024940817276,0.6555758683729433,8205,11.786024940817276,10.458375554576952,9.136069664010463,A_if_A_hits_first_else_B
M5,trend_pullback,fixed_tp,"{""adx_threshold"": 20, ""atr_stop"": 3.0, ""atr_target"": 1.5, ""confirmation_bars"": 2, ""leg_a_atr_target"": 0.8, ""pullback_rsi"": 35, ""session_filter"": ""NY""}",1.4301456117885516,11.223236107682942,10.979040265819195,354.48757703993454,19.985730269394733,10.383038249005464,0.6690766976062531,10235,10.383038249005464,11.58784779955047,9.134624019307335,A_if_A_hits_first_else_B
M5,trend_pullback,fixed_tp,"{""adx_threshold"": 25, ""atr_stop"": 2.0, ""atr_target"": 1.5, ""confirmation_bars"": 2, ""leg_a_atr_target"": 1.0, ""pullback_rsi"": 30, ""session_filter"": ""NY""}",1.431841421569667,8.746245264795618,11.266850563987289,148.2419817309485,26.57673793358848,11.828827960025745,0.627902321857486,4996,11.828827960025745,10.458375554576952,9.132727069882574,A_if_A_hits_first_else_B
M5,trend_pullback,fixed_tp,"{""adx_threshold"": 25, ""atr_stop"": 2.0, ""atr_target"": 1.0, ""confirmation_bars"": 2, ""leg_a_atr_target"": 1.0, ""pullback_rsi"": 30, ""session_filter"": ""London_NY""}",1.630890402933732,16.945844981080675,16.38732080633397,600.7844822699001,16.046817821565686,14.058933215548414,0.7213688508652537,10286,14.058933215548414,8.607367004929992,9.120119858247188,A_if_A_hits_first_else_B
M5,trend_pullback,fixed_tp,"{""adx_threshold"": 25, ""atr_stop"": 2.0, ""atr_target"": 1.0, ""confirmation_bars"": 2, ""leg_a_atr_target"": 0.8, ""pullback_rsi"": 30, ""session_filter"": ""London""}",1.9261170343900538,19.80161921727757,17.1519831863075,492.1559613676367,17.32727039822166,14.525981298058873,0.746422893481717,8806,14.525981298058873,8.11238488684425,9.119890060278529,A_if_A_hits_first_else_B
M5,trend_pullback,fixed_tp,"{""adx_threshold"": 20, ""atr_stop"": 2.0, ""atr_target"": 1.5, ""confirmation_bars"": 1, ""leg_a_atr_target"": 1.0, ""pullback_rsi"": 30, ""session_filter"": ""NY""}",1.4427292725956078,10.943648037554562,13.340333182411685,250.87038492385435,23.468370995884854,11.778179378381127,0.6335022672712723,7498,11.778179378381127,10.458375554576952,9.117177636512144,A_if_A_hits_first_else_B
M5,trend_pullback,fixed_tp,"{""adx_threshold"": 25, ""atr_stop"": 2.0, ""atr_target"": 1.0, ""confirmation_bars"": 1, ""leg_a_atr_target"": 1.0, ""pullback_rsi"": 30, ""session_filter"": ""London_NY""}",1.6332723403142082,17.16898430478029,16.654274795375343,593.2095315099456,16.54263981093942,14.043004596715987,0.7208547987025377,10482,14.043004596715987,8.607367004929992,9.115021229131933,A_if_A_hits_first_else_B
M5,trend_pullback,fixed_tp,"{""adx_threshold"": 25, ""atr_stop"": 2.0, ""atr_target"": 1.0, ""confirmation_bars"": 1, ""leg_a_atr_target"": 0.8, ""pullback_rsi"": 30, ""session_filter"": ""London""}",1.9251291866419462,20.035357884152983,17.441493127483245,499.54688705065365,17.38583278803689,14.500843691084691,0.7462154942119323,8984,14.500843691084691,8.11238488684425,9.110894328287943,A_if_A_hits_first_else_B
M5,trend_pullback,fixed_tp,"{""adx_threshold"": 20, ""atr_stop"": 2.0, ""atr_target"": 1.0, ""confirmation_bars"": 1, ""leg_a_atr_target"": 0.8, ""pullback_rsi"": 30, ""session_filter"": ""London_NY""}",1.8070386719087181,26.28892264844773,23.917867261822266,1069.5635611673883,15.546765326503847,13.863039423562535,0.7368830591373944,17992,13.863039423562535,8.607367004929992,9.086786684847127,A_if_A_hits_first_else_B
M5,trend_pullback,fixed_tp,"{""adx_threshold"": 20, ""atr_stop"": 3.0, ""atr_target"": 1.0, ""confirmation_bars"": 2, ""leg_a_atr_target"": 1.0, ""pullback_rsi"": 35, ""session_filter"": null}",1.5540958471020672,22.553160848634896,18.341504330000152,920.737168530194,26.308400962829637,13.490266546598768,0.7837677285215713,26934,13.490266546598768,8.978720303510604,9.072836597309754,A_if_A_hits_first_else_B
M5,trend_pullback,fixed_tp,"{""adx_threshold"": 25, ""atr_stop"": 2.0, ""atr_target"": 1.5, ""confirmation_bars"": 1, ""leg_a_atr_target"": 1.0, ""pullback_rsi"": 30, ""session_filter"": ""NY""}",1.4231584970622426,8.671205088598468,11.198769346755691,143.2474636752025,27.351895538865385,11.587410279923773,0.626577287066246,5072,11.587410279923773,10.458375554576952,9.046494296945399,A_if_A_hits_first_else_B
M5,trend_pullback,fixed_tp,"{""adx_threshold"": 20, ""atr_stop"": 1.5, ""atr_target"": 1.0, ""confirmation_bars"": 1, ""leg_a_atr_target"": 0.8, ""pullback_rsi"": 35, ""session_filter"": ""NY""}",1.7294694880148584,21.608129023545313,26.376256967008732,454.15135951578526,24.29742999694374,13.578397291860112,0.6724364232977851,12190,13.578397291860112,8.72176118559436,9.023125483271473,A_if_A_hits_first_else_B
M5,trend_pullback,fixed_tp,"{""adx_threshold"": 20, ""atr_stop"": 2.0, ""atr_target"": 1.0, ""confirmation_bars"": 2, ""leg_a_atr_target"": 0.8, ""pullback_rsi"": 30, ""session_filter"": ""London_NY""}",1.7908865556743414,25.65667325574354,23.26325699329098,1039.0356654532218,15.546765326503847,13.677164983632604,0.7362271393090991,17716,13.677164983632604,8.607367004929992,9.018500207624776,A_if_A_hits_first_else_B
M5,trend_pullback,fixed_tp,"{""adx_threshold"": 25, ""atr_stop"": 1.5, ""atr_target"": 1.0, ""confirmation_bars"": 1, ""leg_a_atr_target"": 0.8, ""pullback_rsi"": 35, ""session_filter"": ""NY""}",1.7042089985933213,17.25852282826411,22.02365326153359,267.141871016163,27.54582001861185,13.493842112065595,0.6655256723716382,8180,13.493842112065595,8.72176118559436,8.988479072459084,A_if_A_hits_first_else_B
M5,trend_pullback,fixed_tp,"{""adx_threshold"": 20, ""atr_stop"": 2.0, ""atr_target"": 1.0, ""confirmation_bars"": 1, ""leg_a_atr_target"": 1.0, ""pullback_rsi"": 30, ""session_filter"": ""London_NY""}",1.6293744516352573,21.144800500049353,20.77739664186659,605.1258743206123,23.685984724728254,13.669572306424033,0.7207527975584944,15728,13.669572306424033,8.607367004929992,8.98354034979396,A_if_A_hits_first_else_B
M5,trend_pullback,fixed_tp,"{""adx_threshold"": 20, ""atr_stop"": 2.0, ""atr_target"": 1.5, ""confirmation_bars"": 2, ""leg_a_atr_target"": 1.0, ""pullback_rsi"": 30, ""session_filter"": ""NY""}",1.4257447901027167,10.524488463794135,12.768913099489989,213.05520863839965,26.432944181325873,11.40477204835875,0.6323747806129337,7407,11.40477204835875,10.458375554576952,8.983088174505735,A_if_A_hits_first_else_B
M5,trend_pullback,fixed_tp,"{""adx_threshold"": 20, ""atr_stop"": 3.0, ""atr_target"": 1.0, ""confirmation_bars"": 1, ""leg_a_atr_target"": 1.0, ""pullback_rsi"": 35, ""session_filter"": null}",1.5399914512156416,22.26771927456542,18.20344517536982,841.4615387955685,28.570752819743735,13.23756862505468,0.7823214154614199,27242,13.23756862505468,8.978720303510604,8.981571445592039,A_if_A_hits_first_else_B
M5,trend_pullback,fixed_tp,"{""adx_threshold"": 20, ""atr_stop"": 2.5, ""atr_target"": 1.0, ""confirmation_bars"": 1, ""leg_a_atr_target"": 0.8, ""pullback_rsi"": 35, ""session_filter"": ""London_NY""}",1.6794327042019728,24.14646785083343,20.36746557187024,779.5574579980032,24.06947293468932,12.715869569204552,0.7446010662329448,22134,12.715869569204552,9.311218256368678,8.976489105427891,A_if_A_hits_first_else_B
M5,trend_pullback,fixed_tp,"{""adx_threshold"": 20, ""atr_stop"": 2.5, ""atr_target"": 1.0, ""confirmation_bars"": 2, ""leg_a_atr_target"": 0.8, ""pullback_rsi"": 35, ""session_filter"": ""London_NY""}",1.6772392159594778,23.87037080092768,20.051597020173844,766.9803548791247,24.06132097459221,12.682384546630308,0.7450405461126128,21827,12.682384546630308,9.311218256368678,8.964330649878407,A_if_A_hits_first_else_B
M5,trend_pullback,fixed_tp,"{""adx_threshold"": 25, ""atr_stop"": 2.0, ""atr_target"": 1.0, ""confirmation_bars"": 1, ""leg_a_atr_target"": 1.0, ""pullback_rsi"": 30, ""session_filter"": ""London""}",1.712284161098904,16.008138033740035,14.660749091402298,318.3620605933099,23.500161056631793,14.201897680835096,0.7312072892938497,7902,14.201897680835096,8.11238488684425,8.963694219591977,A_if_A_hits_first_else_B
M5,trend_pullback,fixed_tp,"{""adx_threshold"": 25, ""atr_stop"": 2.0, ""atr_target"": 1.0, ""confirmation_bars"": 2, ""leg_a_atr_target"": 1.0, ""pullback_rsi"": 30, ""session_filter"": ""London""}",1.7059175707853906,15.69696444245145,14.318756049235697,344.135126576863,21.189596143851023,14.16488801685462,0.7316757316757316,7722,14.16488801685462,8.11238488684425,8.949467519136109,A_if_A_hits_first_else_B
M5,trend_pullback,fixed_tp,"{""adx_threshold"": 20, ""atr_stop"": 2.0, ""atr_target"": 1.0, ""confirmation_bars"": 2, ""leg_a_atr_target"": 1.0, ""pullback_rsi"": 30, ""session_filter"": ""London_NY""}",1.6202126991355075,20.71717513562717,20.252732071972797,589.6908658409574,23.685984724728254,13.516847265116771,0.7209032258064516,15500,13.516847265116771,8.607367004929992,8.928254234836468,A_if_A_hits_first_else_B
M5,trend_pullback,fixed_tp,"{""adx_threshold"": 25, ""atr_stop"": 2.0, ""atr_target"": 1.0, ""confirmation_bars"": 2, ""leg_a_atr_target"": 0.8, ""pullback_rsi"": 30, ""session_filter"": null}",1.825172911365881,26.413569947292846,25.08983153657511,796.8891556182689,22.687287133942466,14.085534530283551,0.7351581571703111,19253,14.085534530283551,8.043364484667666,8.91448568597287,A_if_A_hits_first_else_B
M5,trend_pullback,fixed_tp,"{""adx_threshold"": 20, ""atr_stop"": 1.5, ""atr_target"": 1.0, ""confirmation_bars"": 2, ""leg_a_atr_target"": 0.8, ""pullback_rsi"": 35, ""session_filter"": ""NY""}",1.7082197043877312,20.99565275888171,25.52269735618131,439.1105102019425,24.29742999694374,13.259225620406747,0.6714995857497928,12070,13.259225620406747,8.72176118559436,8.90716544153737,A_if_A_hits_first_else_B
M5,trend_pullback,fixed_tp,"{""adx_threshold"": 25, ""atr_stop"": 2.0, ""atr_target"": 1.0, ""confirmation_bars"": 1, ""leg_a_atr_target"": 0.8, ""pullback_rsi"": 30, ""session_filter"": null}",1.8221577986746749,26.65227699138122,25.428266540696864,729.1110350634734,25.192623468365134,14.053009109189034,0.7347240640620218,19606,14.053009109189034,8.043364484667666,8.902498766051547,A_if_A_hits_first_else_B
M5,trend_pullback,fixed_tp,"{""adx_threshold"": 25, ""atr_stop"": 2.0, ""atr_target"": 1.0, ""confirmation_bars"": 2, ""leg_a_atr_target"": 1.0, ""pullback_rsi"": 30, ""session_filter"": null}",1.6509190982084423,21.4029420848262,21.92251136105999,620.363056431726,25.40060164216898,14.106226011524774,0.7183098591549296,16756,14.106226011524774,8.043364484667666,8.886876941775808,A_if_A_hits_first_else_B
M5,trend_pullback,fixed_tp,"{""adx_threshold"": 25, ""atr_stop"": 2.0, ""atr_target"": 1.0, ""confirmation_bars"": 1, ""leg_a_atr_target"": 1.0, ""pullback_rsi"": 30, ""session_filter"": null}",1.648259306831196,21.58579195304262,22.19648436100237,549.4983044888339,29.12186037621527,14.043774485394469,0.7174116545752399,17092,14.043774485394469,8.043364484667666,8.864486949354752,A_if_A_hits_first_else_B
M5,trend_pullback,fixed_tp,"{""adx_threshold"": 25, ""atr_stop"": 3.0, ""atr_target"": 1.0, ""confirmation_bars"": 1, ""leg_a_atr_target"": 0.8, ""pullback_rsi"": 35, ""session_filter"": null}",1.6701791268572026,22.51678670367893,17.603039678316737,811.3844120689015,23.91750474214844,12.720987538803845,0.7582484814054101,22883,12.720987538803845,8.978720303510604,8.826805600532559,A_if_A_hits_first_else_B
M5,trend_pullback,fixed_tp,"{""adx_threshold"": 25, ""atr_stop"": 2.0, ""atr_target"": 1.0, ""confirmation_bars"": 2, ""leg_a_atr_target"": 0.8, ""pullback_rsi"": 35, ""session_filter"": ""London_NY""}",1.7243732763842796,22.14620096171818,21.57030482572917,464.1755263716536,29.079402324186677,13.125191443409594,0.7196291974588357,15426,13.125191443409594,8.607367004929992,8.81200681268871,A_if_A_hits_first_else_B
M5,trend_pullback,fixed_tp,"{""adx_threshold"": 25, ""atr_stop"": 2.0, ""atr_target"": 1.0, ""confirmation_bars"": 1, ""leg_a_atr_target"": 0.8, ""pullback_rsi"": 35, ""session_filter"": ""London_NY""}",1.7205815331615515,22.239790597049076,21.727249894962075,512.5574232178485,26.590748636156935,13.081602510604792,0.7196058356795495,15628,13.081602510604792,8.607367004929992,8.795992337562485,A_if_A_hits_first_else_B
M5,trend_pullback,fixed_tp,"{""adx_threshold"": 25, ""atr_stop"": 3.0, ""atr_target"": 1.0, ""confirmation_bars"": 2, ""leg_a_atr_target"": 0.8, ""pullback_rsi"": 35, ""session_filter"": null}",1.6599607026707146,22.057302395979107,17.242660644863395,855.2619326506489,22.134687875385506,12.58316741099023,0.7573004830061595,22567,12.58316741099023,8.978720303510604,8.776524870960495,A_if_A_hits_first_else_B
M5,trend_pullback,fixed_tp,"{""adx_threshold"": 25, ""atr_stop"": 2.5, ""atr_target"": 1.0, ""confirmation_bars"": 1, ""leg_a_atr_target"": 0.8, ""pullback_rsi"": 35, ""session_filter"": ""London""}",1.736212970612607,17.265468356543956,13.707458255281523,336.8094336912227,28.325944366607132,12.840437793924634,0.7545984746523104,11145,12.840437793924634,8.728652083456305,8.769289259551481,A_if_A_hits_first_else_B
M5,trend_pullback,fixed_tp,"{""adx_threshold"": 25, ""atr_stop"": 2.5, ""atr_target"": 1.0, ""confirmation_bars"": 2, ""leg_a_atr_target"": 0.8, ""pullback_rsi"": 35, ""session_filter"": ""London""}",1.7338267777493614,17.062302329310985,13.521868432335816,322.87235715240996,29.077157118295915,12.79512573788183,0.7536798110121752,11006,12.79512573788183,8.728652083456305,8.75295280136385,A_if_A_hits_first_else_B
M5,trend_pullback,fixed_tp,"{""adx_threshold"": 25, ""atr_stop"": 2.0, ""atr_target"": 1.5, ""confirmation_bars"": 2, ""leg_a_atr_target"": 0.8, ""pullback_rsi"": 35, ""session_filter"": ""NY""}",1.4655514763911879,10.81316541651704,13.687802931164182,252.03096722987638,20.89767016121005,10.718070866057593,0.6301722968389635,7371,10.718070866057593,10.458375554576952,8.750704097958023,A_if_A_hits_first_else_B
M5,trend_pullback,fixed_tp,"{""adx_threshold"": 25, ""atr_stop"": 1.0, ""atr_target"": 1.0, ""confirmation_bars"": 1, ""leg_a_atr_target"": 0.8, ""pullback_rsi"": 30, ""session_filter"": ""NY""}",1.8495434806398252,18.518318464912543,30.303932085270304,335.35341142583206,18.470791783117484,13.609732758615781,0.605683316244324,6827,13.609732758615781,8.035634496225828,8.74935068494511,A_if_A_hits_first_else_B
M5,trend_pullback,fixed_tp,"{""adx_threshold"": 25, ""atr_stop"": 3.0, ""atr_target"": 1.0, ""confirmation_bars"": 1, ""leg_a_atr_target"": 1.0, ""pullback_rsi"": 35, ""session_filter"": ""London""}",1.5306674780554976,12.00845731297114,8.846038617623934,258.8092078395638,28.614656424828468,12.61767928540061,0.7885052248977737,8804,12.61767928540061,8.910196746598913,8.731909781470826,A_if_A_hits_first_else_B
M5,trend_pullback,fixed_tp,"{""adx_threshold"": 25, ""atr_stop"": 1.0, ""atr_target"": 1.0, ""confirmation_bars"": 2, ""leg_a_atr_target"": 0.8, ""pullback_rsi"": 30, ""session_filter"": ""NY""}",1.8391033257255052,18.203527302088283,29.78461761413947,265.2671508153623,22.87321940004716,13.553642010927405,0.6049143708116158,6715,13.553642010927405,8.035634496225828,8.727630892271316,A_if_A_hits_first_else_B
M5,trend_pullback,fixed_tp,"{""adx_threshold"": 25, ""atr_stop"": 2.0, ""atr_target"": 1.5, ""confirmation_bars"": 1, ""leg_a_atr_target"": 0.8, ""pullback_rsi"": 35, ""session_filter"": ""NY""}",1.4636816206225598,10.86056169494085,13.751491399282543,265.9794052066538,19.97694896207477,10.649633223095261,0.630277926242651,7484,10.649633223095261,10.458375554576952,8.726376951767481,A_if_A_hits_first_else_B
M5,trend_pullback,fixed_tp,"{""adx_threshold"": 25, ""atr_stop"": 3.0, ""atr_target"": 1.0, ""confirmation_bars"": 1, ""leg_a_atr_target"": 0.8, ""pullback_rsi"": 35, ""session_filter"": ""London""}",1.692838859629756,15.49000784018746,11.030234130373934,364.5163314442335,24.326184542983288,12.442410964888186,0.770065481758653,10690,12.442410964888186,8.910196746598913,8.703000145606328,A_if_A_hits_first_else_B
M5,trend_pullback,fixed_tp,"{""adx_threshold"": 25, ""atr_stop"": 3.0, ""atr_target"": 1.0, ""confirmation_bars"": 2, ""leg_a_atr_target"": 1.0, ""pullback_rsi"": 35, ""session_filter"": ""London""}",1.5220261421733945,11.754316660520375,8.65307036898265,254.84217138741195,28.382983615900915,12.505499957001247,0.7883817427385892,8676,12.505499957001247,8.910196746598913,8.690918749354626,A_if_A_hits_first_else_B
M5,trend_pullback,fixed_tp,"{""adx_threshold"": 20, ""atr_stop"": 2.0, ""atr_target"": 1.0, ""confirmation_bars"": 1, ""leg_a_atr_target"": 0.8, ""pullback_rsi"": 30, ""session_filter"": ""London""}",1.848689252227115,23.60053542314409,20.825069056910674,897.1991790756633,13.689374178736882,13.332713064722444,0.7414965986394558,13818,13.332713064722444,8.11238488684425,8.686760622178191,A_if_A_hits_first_else_B
M5,trend_pullback,fixed_tp,"{""adx_threshold"": 20, ""atr_stop"": 2.0, ""atr_target"": 1.0, ""confirmation_bars"": 2, ""leg_a_atr_target"": 0.8, ""pullback_rsi"": 30, ""session_filter"": ""London""}",1.8438041881535618,23.256396949746883,20.441079829651297,879.8516090532269,13.689374178736882,13.302110769503765,0.7414960977764689,13582,13.302110769503765,8.11238488684425,8.675072806036944,A_if_A_hits_first_else_B
M5,trend_pullback,fixed_tp,"{""adx_threshold"": 20, ""atr_stop"": 3.0, ""atr_target"": 1.0, ""confirmation_bars"": 2, ""leg_a_atr_target"": 0.8, ""pullback_rsi"": 35, ""session_filter"": null}",1.6643354658328533,27.38357337243232,21.374421524763658,1412.5499005799345,19.402106249221294,12.251427471336108,0.7557443004023245,33555,12.251427471336108,8.978720303510604,8.661290844713978,A_if_A_hits_first_else_B
M5,trend_pullback,fixed_tp,"{""adx_threshold"": 20, ""atr_stop"": 2.0, ""atr_target"": 1.0, ""confirmation_bars"": 1, ""leg_a_atr_target"": 0.8, ""pullback_rsi"": 35, ""session_filter"": ""London_NY""}",1.7153527213484878,27.372760764674926,26.686123301540917,965.7302353337554,20.541368527847474,12.692970606881941,0.7194045130742652,23443,12.692970606881941,8.607367004929992,8.658925408896872,A_if_A_hits_first_else_B
M5,trend_pullback,fixed_tp,"{""adx_threshold"": 25, ""atr_stop"": 3.0, ""atr_target"": 1.0, ""confirmation_bars"": 2, ""leg_a_atr_target"": 0.8, ""pullback_rsi"": 35, ""session_filter"": ""London""}",1.6793012075785039,15.130293177540374,10.780002088251186,355.918198766542,24.28097353475211,12.274463163697114,0.7685825205946406,10561,12.274463163697114,8.910196746598913,8.641510884779201,A_if_A_hits_first_else_B
M5,trend_pullback,fixed_tp,"{""adx_threshold"": 25, ""atr_stop"": 3.0, ""atr_target"": 1.5, ""confirmation_bars"": 2, ""leg_a_atr_target"": 0.8, ""pullback_rsi"": 30, ""session_filter"": ""London_NY""}",1.5263465482927978,12.809686986867444,11.303485687041233,379.3483823561331,21.46289673516768,11.545540495125634,0.6927585554925316,10578,11.545540495125634,9.530762258833708,8.6350514994277,A_if_A_hits_first_else_B
M5,trend_pullback,fixed_tp,"{""adx_threshold"": 20, ""atr_stop"": 2.0, ""atr_target"": 1.0, ""confirmation_bars"": 2, ""leg_a_atr_target"": 1.0, ""pullback_rsi"": 30, ""session_filter"": ""London""}",1.668573695245332,18.97442047977894,17.76052661566651,596.9139076988788,17.660703489525524,13.283668765932335,0.727486559139785,11904,13.283668765932335,8.11238488684425,8.633572006205295,A_if_A_hits_first_else_B
M5,trend_pullback,fixed_tp,"{""adx_threshold"": 20, ""atr_stop"": 2.0, ""atr_target"": 1.0, ""confirmation_bars"": 1, ""leg_a_atr_target"": 1.0, ""pullback_rsi"": 30, ""session_filter"": ""London""}",1.6644395030001864,19.06921701829289,17.96266504420759,597.2497996266372,17.83920061822904,13.21893175525641,0.7263854425144748,12090,13.21893175525641,8.11238488684425,8.610087214019693,A_if_A_hits_first_else_B
M5,trend_pullback,fixed_tp,"{""adx_threshold"": 20, ""atr_stop"": 2.0, ""atr_target"": 1.0, ""confirmation_bars"": 2, ""leg_a_atr_target"": 0.8, ""pullback_rsi"": 35, ""session_filter"": ""London_NY""}",1.7051932930379186,26.84495547278078,26.057353235618226,943.1274045848912,20.53364979484532,12.556744080790793,0.7191579493386357,23134,12.556744080790793,8.607367004929992,8.609214239102858,A_if_A_hits_first_else_B
M5,trend_pullback,fixed_tp,"{""adx_threshold"": 20, ""atr_stop"": 2.0, ""atr_target"": 1.0, ""confirmation_bars"": 1, ""leg_a_atr_target"": 1.0, ""pullback_rsi"": 30, ""session_filter"": null}",1.630003339745394,26.07124555238838,26.644372641649678,990.925248901009,22.856186602122918,13.321762448613834,0.7178260528585994,25502,13.321762448613834,8.043364484667666,8.60813154306437,A_if_A_hits_first_else_B
M5,trend_pullback,fixed_tp,"{""adx_threshold"": 20, ""atr_stop"": 3.0, ""atr_target"": 1.0, ""confirmation_bars"": 1, ""leg_a_atr_target"": 0.8, ""pullback_rsi"": 35, ""session_filter"": null}",1.6529054055748957,27.239676047979877,21.323665087093392,1409.5190359540195,19.439413830470162,12.100078241455877,0.7549680572320193,33967,12.100078241455877,8.978720303510604,8.606032602204309,A_if_A_hits_first_else_B
M5,trend_pullback,fixed_tp,"{""adx_threshold"": 20, ""atr_stop"": 2.0, ""atr_target"": 1.0, ""confirmation_bars"": 2, ""leg_a_atr_target"": 1.0, ""pullback_rsi"": 30, ""session_filter"": null}",1.6281692089894417,25.798322547289313,26.285397092094613,918.1988802374361,24.26862901519774,13.29771721036705,0.7177753023551878,25136,13.29771721036705,8.043364484667666,8.599348883526806,A_if_A_hits_first_else_B
M5,trend_pullback,fixed_tp,"{""adx_threshold"": 25, ""atr_stop"": 3.0, ""atr_target"": 1.5, ""confirmation_bars"": 1, ""leg_a_atr_target"": 0.8, ""pullback_rsi"": 30, ""session_filter"": ""London_NY""}",1.521561849339825,12.844874201564169,11.361985708335109,443.26525595479455,18.449870756582815,11.418858814925393,0.6912408079679792,10743,11.418858814925393,9.530762258833708,8.58975597156702,A_if_A_hits_first_else_B
M5,trend_pullback,fixed_tp,"{""adx_threshold"": 20, ""atr_stop"": 2.0, ""atr_target"": 1.0, ""confirmation_bars"": 1, ""leg_a_atr_target"": 0.8, ""pullback_rsi"": 30, ""session_filter"": null}",1.782459517167213,31.714970891950063,29.959607237934083,1517.3885064220656,16.949023261455444,13.14525492827854,0.7323406140320987,29347,13.14525492827854,8.043364484667666,8.576845146431381,A_if_A_hits_first_else_B
M5,trend_pullback,fixed_tp,"{""adx_threshold"": 20, ""atr_stop"": 2.0, ""atr_target"": 1.0, ""confirmation_bars"": 2, ""leg_a_atr_target"": 0.8, ""pullback_rsi"": 30, ""session_filter"": null}",1.7787116711783066,31.337353895624464,29.52729410948238,1440.4333397891894,17.542641940011883,13.105424755399293,0.7323490768273286,28922,13.105424755399293,8.043364484667666,8.562155016725862,A_if_A_hits_first_else_B
M5,trend_pullback,fixed_tp,"{""adx_threshold"": 20, ""atr_stop"": 2.0, ""atr_target"": 1.5, ""confirmation_bars"": 1, ""leg_a_atr_target"": 0.8, ""pullback_rsi"": 35, ""session_filter"": ""NY""}",1.4499686861528398,12.866062446782875,15.335221913313246,355.0476312388423,21.157793859488276,10.184415119375032,0.6322306579898771,11064,10.184415119375032,10.458375554576952,8.560808028571456,A_if_A_hits_first_else_B
M5,trend_pullback,fixed_tp,"{""adx_threshold"": 20, ""atr_stop"": 3.0, ""atr_target"": 1.0, ""confirmation_bars"": 2, ""leg_a_atr_target"": 0.8, ""pullback_rsi"": 35, ""session_filter"": ""London""}",1.6868631105912448,19.48374087667046,14.306097572463608,489.4361395200496,26.04525477205433,11.9874825544954,0.7685411572942136,15951,11.9874825544954,8.910196746598913,8.54258005216115,A_if_A_hits_first_else_B
M5,trend_pullback,fixed_tp,"{""adx_threshold"": 25, ""atr_stop"": 3.0, ""atr_target"": 1.5, ""confirmation_bars"": 1, ""leg_a_atr_target"": 1.0, ""pullback_rsi"": 30, ""session_filter"": ""London_NY""}",1.4253093025482184,10.65323565020076,9.791533366369052,241.33181311781058,29.6103729996261,11.268805198319608,0.6839781328847772,9512,11.268805198319608,9.530762258833708,8.517986696396674,A_if_A_hits_first_else_B
M5,trend_pullback,fixed_tp,"{""adx_threshold"": 20, ""atr_stop"": 1.0, ""atr_target"": 1.0, ""confirmation_bars"": 1, ""leg_a_atr_target"": 0.8, ""pullback_rsi"": 30, ""session_filter"": ""NY""}",1.804787921661398,21.86316127200354,35.109082268992246,364.6816123746639,24.032959344599604,12.844716703356113,0.6024425989252564,10235,12.844716703356113,8.035634496225828,8.472643953808541,A_if_A_hits_first_else_B
M5,trend_pullback,fixed_tp,"{""adx_threshold"": 20, ""atr_stop"": 2.0, ""atr_target"": 1.5, ""confirmation_bars"": 2, ""leg_a_atr_target"": 0.8, ""pullback_rsi"": 35, ""session_filter"": ""NY""}",1.4375322849097998,12.490049605806945,14.789583456629128,343.2399177370016,21.157793859488276,9.93914154720873,0.6315693430656935,10960,9.93914154720873,10.458375554576952,8.472474998064644,A_if_A_hits_first_else_B
M5,trend_pullback,fixed_tp,"{""adx_threshold"": 20, ""atr_stop"": 1.0, ""atr_target"": 1.0, ""confirmation_bars"": 2, ""leg_a_atr_target"": 0.8, ""pullback_rsi"": 30, ""session_filter"": ""NY""}",1.8040926534241337,21.713591139017087,34.753511492517745,359.56355333609406,24.032959344599604,12.814695391684792,0.602867029164607,10115,12.814695391684792,8.035634496225828,8.461997441076125,A_if_A_hits_first_else_B
M5,trend_pullback,fixed_tp,"{""adx_threshold"": 20, ""atr_stop"": 2.5, ""atr_target"": 1.0, ""confirmation_bars"": 2, ""leg_a_atr_target"": 0.8, ""pullback_rsi"": 35, ""session_filter"": ""London""}",1.6968808843600847,20.827777627791242,16.7930531761575,468.93085742991724,28.443817335417393,11.963927212531118,0.7507026251270705,16723,11.963927212531118,8.728652083456305,8.454644138813245,A_if_A_hits_first_else_B
M5,trend_pullback,fixed_tp,"{""adx_threshold"": 20, ""atr_stop"": 2.0, ""atr_target"": 1.5, ""confirmation_bars"": 1, ""leg_a_atr_target"": 1.0, ""pullback_rsi"": 35, ""session_filter"": ""NY""}",1.3631996611468928,10.496300726330864,13.258516972267142,222.326526447164,28.939669111540116,9.827987948216391,0.6121181262729124,9820,9.827987948216391,10.458375554576952,8.418704713664743,A_if_A_hits_first_else_B
M5,trend_pullback,fixed_tp,"{""adx_threshold"": 20, ""atr_stop"": 2.5, ""atr_target"": 1.0, ""confirmation_bars"": 1, ""leg_a_atr_target"": 0.8, ""pullback_rsi"": 35, ""session_filter"": ""London""}",1.6897215725519397,20.872391662375335,16.904926935064285,452.8088814363424,29.66213758011651,11.861594941416032,0.7497203414777746,16985,11.861594941416032,8.728652083456305,8.417395981561336,A_if_A_hits_first_else_B
M5,trend_pullback,fixed_tp,"{""adx_threshold"": 25, ""atr_stop"": 2.5, ""atr_target"": 1.5, ""confirmation_bars"": 2, ""leg_a_atr_target"": 0.8, ""pullback_rsi"": 30, ""session_filter"": ""London_NY""}",1.5173891145329317,13.194647931038658,12.521198763913917,426.7990257366176,19.020050124533814,11.180431818858676,0.6756955284179598,10891,11.180431818858676,9.311218256368678,8.406677174873028,A_if_A_hits_first_else_B
M5,trend_pullback,fixed_tp,"{""adx_threshold"": 25, ""atr_stop"": 2.0, ""atr_target"": 1.0, ""confirmation_bars"": 2, ""leg_a_atr_target"": 0.8, ""pullback_rsi"": 35, ""session_filter"": ""London""}",1.7514165232457168,19.092209750375464,17.40208743281248,336.7695582574871,28.801308901386168,12.572680706823267,0.7277048047010024,11572,12.572680706823267,8.11238488684425,8.401294751117199,A_if_A_hits_first_else_B
M5,trend_pullback,fixed_tp,"{""adx_threshold"": 25, ""atr_stop"": 1.0, ""atr_target"": 1.0, ""confirmation_bars"": 1, ""leg_a_atr_target"": 1.0, ""pullback_rsi"": 30, ""session_filter"": ""NY""}",1.668018027389858,14.934376870903584,26.360851247868393,181.9292718552701,29.241803967621006,12.65447217783971,0.5562955915001586,6306,12.65447217783971,8.035634496225828,8.378704391023494,A_if_A_hits_first_else_B
M5,trend_pullback,fixed_tp,"{""adx_threshold"": 25, ""atr_stop"": 2.0, ""atr_target"": 1.0, ""confirmation_bars"": 1, ""leg_a_atr_target"": 0.8, ""pullback_rsi"": 35, ""session_filter"": ""London""}",1.7451561661981607,19.154227842058123,17.50682732224579,364.6980355916974,26.84400977045363,12.507398386877762,0.7279618431138745,11741,12.507398386877762,8.11238488684425,8.377193867726762,A_if_A_hits_first_else_B
M5,trend_pullback,fixed_tp,"{""adx_threshold"": 25, ""atr_stop"": 1.5, ""atr_target"": 1.0, ""confirmation_bars"": 1, ""leg_a_atr_target"": 0.8, ""pullback_rsi"": 30, ""session_filter"": ""London_NY""}",1.8171394580476945,22.99105849699143,24.39053101825021,880.2150398967876,13.065769463500773,13.535527802586364,0.6927422518634758,12745,13.535527802586364,7.248745945473868,8.362798297978008,A_if_A_hits_first_else_B
M5,trend_pullback,fixed_tp,"{""adx_threshold"": 25, ""atr_stop"": 1.5, ""atr_target"": 1.0, ""confirmation_bars"": 2, ""leg_a_atr_target"": 0.8, ""pullback_rsi"": 30, ""session_filter"": ""London_NY""}",1.8126918462352324,22.66130100036313,23.955665706742014,1026.947034689044,10.982189019563409,13.528340401481659,0.6931627349060376,12505,13.528340401481659,7.248745945473868,8.359393185228868,A_if_A_hits_first_else_B
M5,trend_pullback,fixed_tp,"{""adx_threshold"": 20, ""atr_stop"": 2.0, ""atr_target"": 1.5, ""confirmation_bars"": 2, ""leg_a_atr_target"": 1.0, ""pullback_rsi"": 35, ""session_filter"": ""NY""}",1.348152968954541,10.055653711398223,12.622659641394797,212.13439573794597,28.939669111540116,9.484652209031822,0.6114944896487795,9709,9.484652209031822,10.458375554576952,8.295527866511673,A_if_A_hits_first_else_B
M5,trend_pullback,fixed_tp,"{""adx_threshold"": 25, ""atr_stop"": 2.0, ""atr_target"": 1.0, ""confirmation_bars"": 2, ""leg_a_atr_target"": 0.8, ""pullback_rsi"": 35, ""session_filter"": null}",1.7026311558083926,26.67517521249821,26.810402609287422,707.4643536952336,29.37105384780361,12.38662339215369,0.7139053372014466,25163,12.38662339215369,8.043364484667666,8.29535843651592,A_if_A_hits_first_else_B
M5,trend_pullback,fixed_tp,"{""adx_threshold"": 25, ""atr_stop"": 2.5, ""atr_target"": 1.5, ""confirmation_bars"": 1, ""leg_a_atr_target"": 0.8, ""pullback_rsi"": 30, ""session_filter"": ""London_NY""}",1.5014413179050754,12.981294587846861,12.303040509662797,491.4671324342741,16.2906290786503,10.865342566047211,0.6745679905907899,11053,10.865342566047211,9.311218256368678,8.293206377063443,A_if_A_hits_first_else_B
M5,trend_pullback,fixed_tp,"{""adx_threshold"": 25, ""atr_stop"": 1.5, ""atr_target"": 1.5, ""confirmation_bars"": 2, ""leg_a_atr_target"": 0.8, ""pullback_rsi"": 30, ""session_filter"": ""NY""}",1.5412589956135327,11.168116625511571,15.636467427214418,339.78887841241976,13.161810419553682,11.582104973248574,0.6085980662983426,5792,11.582104973248574,8.72176118559436,8.286781073277169,A_if_A_hits_first_else_B
M5,trend_pullback,fixed_tp,"{""adx_threshold"": 25, ""atr_stop"": 1.5, ""atr_target"": 1.5, ""confirmation_bars"": 1, ""leg_a_atr_target"": 0.8, ""pullback_rsi"": 30, ""session_filter"": ""NY""}",1.544305554544901,11.311151284300747,15.79304259406899,398.6663622617404,11.387488783586544,11.551676154322701,0.6096692111959288,5895,11.551676154322701,8.72176118559436,8.276740298439387,A_if_A_hits_first_else_B
M5,trend_pullback,fixed_tp,"{""adx_threshold"": 20, ""atr_stop"": 3.0, ""atr_target"": 1.5, ""confirmation_bars"": 1, ""leg_a_atr_target"": 0.8, ""pullback_rsi"": 30, ""session_filter"": ""London_NY""}",1.4873780973887596,15.029379278786427,13.450225427457118,618.5070621135027,18.18455707228784,10.436048160289573,0.6863788197451441,16166,10.436048160289573,9.530762258833708,8.23893549205427,A_if_A_hits_first_else_B
M5,trend_pullback,fixed_tp,"{""adx_threshold"": 20, ""atr_stop"": 3.0, ""atr_target"": 1.5, ""confirmation_bars"": 2, ""leg_a_atr_target"": 0.8, ""pullback_rsi"": 30, ""session_filter"": ""London_NY""}",1.4846189828564207,14.840111623167935,13.260164021012205,556.2051092119932,19.846419013960446,10.411884224794255,0.6866628937936239,15903,10.411884224794255,9.530762258833708,8.229926291724443,A_if_A_hits_first_else_B
M5,trend_pullback,fixed_tp,"{""adx_threshold"": 25, ""atr_stop"": 3.0, ""atr_target"": 1.5, ""confirmation_bars"": 2, ""leg_a_atr_target"": 0.8, ""pullback_rsi"": 30, ""session_filter"": ""London""}",1.5584248466577417,11.335848637374607,9.578204959747916,236.47520757716774,24.89589788290438,11.16139273195106,0.6935035389282103,7912,11.16139273195106,8.910196746598913,8.22776096148393,A_if_A_hits_first_else_B
M5,trend_pullback,fixed_tp,"{""adx_threshold"": 25, ""atr_stop"": 3.0, ""atr_target"": 1.5, ""confirmation_bars"": 1, ""leg_a_atr_target"": 0.8, ""pullback_rsi"": 30, ""session_filter"": ""London""}",1.5516996551783115,11.3687105315055,9.638686763764797,253.49865437788543,23.334988503153202,11.018356237686767,0.6915435241524898,8053,11.018356237686767,8.910196746598913,8.176353150195542,A_if_A_hits_first_else_B
M5,trend_pullback,fixed_tp,"{""adx_threshold"": 20, ""atr_stop"": 1.5, ""atr_target"": 1.0, ""confirmation_bars"": 1, ""leg_a_atr_target"": 0.8, ""pullback_rsi"": 30, ""session_filter"": ""London_NY""}",1.795119332586347,27.977624062350216,30.26165744004451,1038.4082452625914,16.04570668168127,12.973263004923158,0.6900596937451337,19265,12.973263004923158,7.248745945473868,8.161601593703615,A_if_A_hits_first_else_B
M5,trend_pullback,fixed_tp,"{""adx_threshold"": 20, ""atr_stop"": 2.0, ""atr_target"": 1.0, ""confirmation_bars"": 1, ""leg_a_atr_target"": 0.8, ""pullback_rsi"": 35, ""session_filter"": ""London""}",1.7251541106446477,23.795985564243065,22.172178348211652,539.5957090083635,26.35899808851444,11.885022223543599,0.7255306111080163,17951,11.885022223543599,8.11238488684425,8.155361799449102,A_if_A_hits_first_else_B
M5,trend_pullback,fixed_tp,"{""adx_threshold"": 20, ""atr_stop"": 2.0, ""atr_target"": 1.0, ""confirmation_bars"": 2, ""leg_a_atr_target"": 0.8, ""pullback_rsi"": 35, ""session_filter"": ""London""}",1.7241154710792965,23.5436187160099,21.848575455492107,556.7995367732061,25.164735709350982,11.880374076637954,0.7255101464021254,17691,11.880374076637954,8.11238488684425,8.153527220119056,A_if_A_hits_first_else_B
M5,trend_pullback,fixed_tp,"{""adx_threshold"": 20, ""atr_stop"": 2.5, ""atr_target"": 1.5, ""confirmation_bars"": 2, ""leg_a_atr_target"": 0.8, ""pullback_rsi"": 30, ""session_filter"": ""London_NY""}",1.4995016422063259,15.897930096255058,15.165646021186626,526.5733256881475,21.754095050320522,10.455573364351372,0.6734818060119265,16434,10.455573364351372,9.311218256368678,8.14939922133015,A_if_A_hits_first_else_B
M5,trend_pullback,fixed_tp,"{""adx_threshold"": 20, ""atr_stop"": 1.5, ""atr_target"": 1.0, ""confirmation_bars"": 2, ""leg_a_atr_target"": 0.8, ""pullback_rsi"": 30, ""session_filter"": ""London_NY""}",1.7927911608899048,27.67935594374848,29.79005705439236,1019.9219275809373,16.04570668168127,12.930916630988285,0.6906342182890856,18984,12.930916630988285,7.248745945473868,8.14631472848712,A_if_A_hits_first_else_B
M5,trend_pullback,fixed_tp,"{""adx_threshold"": 25, ""atr_stop"": 2.5, ""atr_target"": 1.5, ""confirmation_bars"": 1, ""leg_a_atr_target"": 1.0, ""pullback_rsi"": 30, ""session_filter"": ""London_NY""}",1.4043035516212647,10.679550572608436,10.617661924199885,247.228240442018,27.99380523479779,10.495691858470702,0.6604994439389343,9891,10.495691858470702,9.311218256368678,8.144401076154903,A_if_A_hits_first_else_B
M5,trend_pullback,fixed_tp,"{""adx_threshold"": 20, ""atr_stop"": 2.5, ""atr_target"": 1.5, ""confirmation_bars"": 1, ""leg_a_atr_target"": 0.8, ""pullback_rsi"": 30, ""session_filter"": ""London_NY""}",1.4974580861633093,15.985285996390115,15.308231037317448,480.57104295585697,24.124815160441308,10.419106928378085,0.6729375112335989,16691,10.419106928378085,9.311218256368678,8.136227257530896,A_if_A_hits_first_else_B
M5,trend_pullback,fixed_tp,"{""adx_threshold"": 20, ""atr_stop"": 2.0, ""atr_target"": 1.0, ""confirmation_bars"": 1, ""leg_a_atr_target"": 0.8, ""pullback_rsi"": 35, ""session_filter"": null}",1.6812668413348024,32.52036724999402,32.57070514947664,1164.7398890724292,25.733548714530812,11.790447921117128,0.7114234763453268,38132,11.790447921117128,8.043364484667666,8.082424158758405,A_if_A_hits_first_else_B
M5,trend_pullback,fixed_tp,"{""adx_threshold"": 25, ""atr_stop"": 1.5, ""atr_target"": 1.0, ""confirmation_bars"": 2, ""leg_a_atr_target"": 0.8, ""pullback_rsi"": 30, ""session_filter"": ""London""}",1.872402458185411,20.427312387764445,21.138868497537437,678.9594956613445,12.243499759903683,13.280712145245475,0.6996485248695282,9389,13.280712145245475,6.786761950846868,8.076772620354088,A_if_A_hits_first_else_B
M5,trend_pullback,fixed_tp,"{""adx_threshold"": 25, ""atr_stop"": 1.5, ""atr_target"": 1.0, ""confirmation_bars"": 1, ""leg_a_atr_target"": 0.8, ""pullback_rsi"": 30, ""session_filter"": ""London""}",1.8745177229725565,20.728893524832294,21.573851230019727,653.7216765531367,12.992889911156908,13.267312989677938,0.6988441112152453,9603,13.267312989677938,6.786761950846868,8.072505968862881,A_if_A_hits_first_else_B
M5,trend_pullback,fixed_tp,"{""adx_threshold"": 20, ""atr_stop"": 2.0, ""atr_target"": 1.0, ""confirmation_bars"": 2, ""leg_a_atr_target"": 0.8, ""pullback_rsi"": 35, ""session_filter"": null}",1.6771661374194162,32.14870010341793,32.020715347903504,1088.7969741617846,27.03431468978322,11.725175283928237,0.7115997450605481,37656,11.725175283928237,8.043364484667666,8.058758594959215,A_if_A_hits_first_else_B
M5,trend_pullback,fixed_tp,"{""adx_threshold"": 25, ""atr_stop"": 3.0, ""atr_target"": 1.5, ""confirmation_bars"": 2, ""leg_a_atr_target"": 0.8, ""pullback_rsi"": 30, ""session_filter"": null}",1.4980326439582796,14.989109821475736,13.643932096176504,461.6007670567708,26.457718495715397,10.603933044855038,0.6823338735818476,17276,10.603933044855038,8.978720303510604,8.05140723107069,A_if_A_hits_first_else_B
M5,trend_pullback,fixed_tp,"{""adx_threshold"": 20, ""atr_stop"": 1.5, ""atr_target"": 1.5, ""confirmation_bars"": 1, ""leg_a_atr_target"": 0.8, ""pullback_rsi"": 30, ""session_filter"": ""NY""}",1.5154433207191345,13.29407362277299,17.84588902125722,577.68869468373,11.018127809470416,10.84704818014911,0.6092933424221768,8802,10.84704818014911,8.72176118559436,8.024348060713479,A_if_A_hits_first_else_B
M5,trend_pullback,fixed_tp,"{""adx_threshold"": 25, ""atr_stop"": 1.5, ""atr_target"": 1.0, ""confirmation_bars"": 1, ""leg_a_atr_target"": 1.0, ""pullback_rsi"": 30, ""session_filter"": ""London_NY""}",1.6167489561985477,18.086284431398877,20.709325722030442,455.2429417262973,21.190826506789143,12.649004628359634,0.6585664335664335,11440,12.649004628359634,7.248745945473868,8.012437086628822,A_if_A_hits_first_else_B
M5,trend_pullback,fixed_tp,"{""adx_threshold"": 25, ""atr_stop"": 2.5, ""atr_target"": 1.5, ""confirmation_bars"": 2, ""leg_a_atr_target"": 0.8, ""pullback_rsi"": 30, ""session_filter"": ""London""}",1.548243225927258,11.665073508110023,10.501336593559992,277.85888604855523,21.104130633236437,10.783321494619813,0.6768419762167464,8157,10.783321494619813,8.728652083456305,8.011704605857723,A_if_A_hits_first_else_B
M5,trend_pullback,fixed_tp,"{""adx_threshold"": 25, ""atr_stop"": 1.5, ""atr_target"": 1.5, ""confirmation_bars"": 2, ""leg_a_atr_target"": 1.0, ""pullback_rsi"": 30, ""session_filter"": ""NY""}",1.4334508136118107,9.180974867889402,13.774016776649628,167.97368713346125,22.94710456282462,10.855735343000546,0.5722868944799099,5326,10.855735343000546,8.72176118559436,8.010990066290015,A_if_A_hits_first_else_B
M5,trend_pullback,fixed_tp,"{""adx_threshold"": 25, ""atr_stop"": 1.5, ""atr_target"": 1.5, ""confirmation_bars"": 1, ""leg_a_atr_target"": 1.0, ""pullback_rsi"": 30, ""session_filter"": ""NY""}",1.4334845495494586,9.257110995409434,13.882433042067126,178.83736857475782,21.785509831737112,10.804390602793633,0.5723793677204659,5409,10.804390602793633,8.72176118559436,7.993026154405125,A_if_A_hits_first_else_B
M5,trend_pullback,fixed_tp,"{""adx_threshold"": 25, ""atr_stop"": 1.5, ""atr_target"": 1.0, ""confirmation_bars"": 2, ""leg_a_atr_target"": 1.0, ""pullback_rsi"": 30, ""session_filter"": ""London_NY""}",1.6105822522392605,17.76260628452567,20.268815348970747,516.661052935508,18.243522899815478,12.59673612438303,0.6589451176051319,11224,12.59673612438303,7.248745945473868,7.992909769445153,A_if_A_hits_first_else_B
M5,trend_pullback,fixed_tp,"{""adx_threshold"": 20, ""atr_stop"": 1.5, ""atr_target"": 1.0, ""confirmation_bars"": 1, ""leg_a_atr_target"": 1.0, ""pullback_rsi"": 30, ""session_filter"": ""London_NY""}",1.6261309664097754,22.72566410116434,26.650311968082427,555.7575862359438,25.931735362891196,12.513103715145014,0.6582542255151655,17276,12.513103715145014,7.248745945473868,7.96674816904595,A_if_A_hits_first_else_B
M5,trend_pullback,fixed_tp,"{""adx_threshold"": 20, ""atr_stop"": 1.5, ""atr_target"": 1.0, ""confirmation_bars"": 2, ""leg_a_atr_target"": 1.0, ""pullback_rsi"": 30, ""session_filter"": ""London_NY""}",1.6272234456139387,22.564606319337926,26.30066972084177,547.5592015581215,25.931735362891196,12.511008262148628,0.659421992481203,17024,12.511008262148628,7.248745945473868,7.9662332563380485,A_if_A_hits_first_else_B
M5,trend_pullback,fixed_tp,"{""adx_threshold"": 25, ""atr_stop"": 2.5, ""atr_target"": 1.5, ""confirmation_bars"": 2, ""leg_a_atr_target"": 1.0, ""pullback_rsi"": 30, ""session_filter"": ""London""}",1.452594804563668,9.830785212895101,9.237146410597214,192.39577590367432,26.94426194812578,10.638860686129753,0.6650704610753865,7309,10.638860686129753,8.728652083456305,7.942013638613484,A_if_A_hits_first_else_B
M5,trend_pullback,fixed_tp,"{""adx_threshold"": 20, ""atr_stop"": 1.5, ""atr_target"": 1.5, ""confirmation_bars"": 2, ""leg_a_atr_target"": 0.8, ""pullback_rsi"": 30, ""session_filter"": ""NY""}",1.5014911336331453,12.930208171362544,17.26986085445396,566.011973236412,10.873608225037776,10.59796656122146,0.6081965331190449,8711,10.59796656122146,8.72176118559436,7.934379056671602,A_if_A_hits_first_else_B
M5,trend_pullback,fixed_tp,"{""adx_threshold"": 20, ""atr_stop"": 1.5, ""atr_target"": 1.5, ""confirmation_bars"": 1, ""leg_a_atr_target"": 1.0, ""pullback_rsi"": 30, ""session_filter"": ""NY""}",1.4295534539199746,11.280375097218624,16.296398828367778,287.5979834878634,19.64296471954486,10.505722247206243,0.5748822216712125,8066,10.505722247206243,8.72176118559436,7.887706010823642,A_if_A_hits_first_else_B
M5,trend_pullback,fixed_tp,"{""adx_threshold"": 25, ""atr_stop"": 2.0, ""atr_target"": 1.5, ""confirmation_bars"": 2, ""leg_a_atr_target"": 0.8, ""pullback_rsi"": 30, ""session_filter"": ""London_NY""}",1.50560687003327,13.798266750727127,14.58616133823334,384.6148384989236,20.711377139262158,10.528552700908836,0.6502775574940524,11349,10.528552700908836,8.607367004929992,7.859429971543244,A_if_A_hits_first_else_B
M5,trend_pullback,fixed_tp,"{""adx_threshold"": 25, ""atr_stop"": 2.5, ""atr_target"": 1.5, ""confirmation_bars"": 1, ""leg_a_atr_target"": 0.8, ""pullback_rsi"": 30, ""session_filter"": ""London""}",1.5217619786322434,11.332566944799423,10.191876371780099,292.1488230871125,19.560807230319437,10.34016913927327,0.6749095295536791,8290,10.34016913927327,8.728652083456305,7.85130503202743,A_if_A_hits_first_else_B
M5,trend_pullback,fixed_tp,"{""adx_threshold"": 20, ""atr_stop"": 1.5, ""atr_target"": 1.0, ""confirmation_bars"": 2, ""leg_a_atr_target"": 0.8, ""pullback_rsi"": 30, ""session_filter"": ""London""}",1.8319562855086609,24.932038820369815,26.327677328833634,850.2787783128304,14.26721920571476,12.480569666827718,0.6957475994513032,14580,12.480569666827718,6.786761950846868,7.788633518372524,A_if_A_hits_first_else_B
M5,trend_pullback,fixed_tp,"{""adx_threshold"": 25, ""atr_stop"": 2.5, ""atr_target"": 1.5, ""confirmation_bars"": 1, ""leg_a_atr_target"": 1.0, ""pullback_rsi"": 30, ""session_filter"": ""London""}",1.432386289475218,9.575349341979477,8.982479663498541,237.0359116607911,21.35849547673834,10.186580376321004,0.6633132126089872,7455,10.186580376321004,8.728652083456305,7.779673827162732,A_if_A_hits_first_else_B
M5,trend_pullback,fixed_tp,"{""adx_threshold"": 20, ""atr_stop"": 1.5, ""atr_target"": 1.0, ""confirmation_bars"": 1, ""leg_a_atr_target"": 0.8, ""pullback_rsi"": 30, ""session_filter"": ""London""}",1.8256947856727157,25.042045655568153,26.578779874500228,860.6603580249694,14.26721920571476,12.42417874159652,0.6947723440134908,14825,12.42417874159652,6.786761950846868,7.767644394574416,A_if_A_hits_first_else_B
M5,trend_pullback,fixed_tp,"{""adx_threshold"": 20, ""atr_stop"": 1.5, ""atr_target"": 1.5, ""confirmation_bars"": 2, ""leg_a_atr_target"": 1.0, ""pullback_rsi"": 30, ""session_filter"": ""NY""}",1.4127516294848759,10.849044903267384,15.590567970756837,274.963830419413,19.64296471954486,10.156270816245701,0.5735238811583302,7977,10.156270816245701,8.72176118559436,7.762037645100432,A_if_A_hits_first_else_B
M5,trend_pullback,fixed_tp,"{""adx_threshold"": 25, ""atr_stop"": 2.0, ""atr_target"": 1.5, ""confirmation_bars"": 1, ""leg_a_atr_target"": 0.8, ""pullback_rsi"": 30, ""session_filter"": ""London_NY""}",1.4907956853784743,13.609538269904823,14.35130704832473,370.1067288162182,21.27777373597612,10.23087723096367,0.6494890005196605,11546,10.23087723096367,8.607367004929992,7.752281320131476,A_if_A_hits_first_else_B
M5,trend_pullback,fixed_tp,"{""adx_threshold"": 25, ""atr_stop"": 1.5, ""atr_target"": 1.0, ""confirmation_bars"": 1, ""leg_a_atr_target"": 1.0, ""pullback_rsi"": 30, ""session_filter"": ""London""}",1.6594336938320038,16.367489278983147,18.173916021078757,417.92956775274183,17.134333255154466,12.412083125245154,0.6655881673214699,8654,12.412083125245154,6.786761950846868,7.730158710483296,A_if_A_hits_first_else_B
M5,trend_pullback,fixed_tp,"{""adx_threshold"": 20, ""atr_stop"": 3.0, ""atr_target"": 1.5, ""confirmation_bars"": 2, ""leg_a_atr_target"": 0.8, ""pullback_rsi"": 30, ""session_filter"": null}",1.4673328576075466,17.60759986316278,16.064756595348168,678.8619178512175,24.42026544352817,9.653706413348386,0.6777825226134555,25759,9.653706413348386,8.978720303510604,7.7126879527732175,A_if_A_hits_first_else_B
M5,trend_pullback,fixed_tp,"{""adx_threshold"": 25, ""atr_stop"": 1.5, ""atr_target"": 1.0, ""confirmation_bars"": 2, ""leg_a_atr_target"": 1.0, ""pullback_rsi"": 30, ""session_filter"": ""London""}",1.651683862244258,16.010511101473675,17.689442658347442,398.2845786452011,17.46795558483978,12.347167528219895,0.6661145291055371,8452,12.347167528219895,6.786761950846868,7.705888285206906,A_if_A_hits_first_else_B
M5,trend_pullback,fixed_tp,"{""adx_threshold"": 20, ""atr_stop"": 3.0, ""atr_target"": 1.5, ""confirmation_bars"": 1, ""leg_a_atr_target"": 0.8, ""pullback_rsi"": 30, ""session_filter"": null}",1.4665404518668486,17.73710464566584,16.21836004876804,704.7142819439277,23.859807368395355,9.632784831917213,0.6771187411679334,26183,9.632784831917213,8.978720303510604,7.7052069181241665,A_if_A_hits_first_else_B
M5,trend_pullback,fixed_tp,"{""adx_threshold"": 25, ""atr_stop"": 1.5, ""atr_target"": 1.0, ""confirmation_bars"": 1, ""leg_a_atr_target"": 0.8, ""pullback_rsi"": 30, ""session_filter"": null}",1.7764367209137633,27.394501842145708,31.118522858009417,647.9415680626047,27.537190101752145,12.656043505864163,0.6830756135622074,21147,12.656043505864163,6.413945031590478,7.671177835450925,A_if_A_hits_first_else_B
M5,trend_pullback,fixed_tp,"{""adx_threshold"": 25, ""atr_stop"": 1.0, ""atr_target"": 1.0, ""confirmation_bars"": 2, ""leg_a_atr_target"": 0.8, ""pullback_rsi"": 30, ""session_filter"": ""London_NY""}",1.828166293987259,24.854845730889636,37.35279668113866,606.135652206032,18.80463029597498,12.264874658117737,0.6068149210903874,13940,12.264874658117737,6.69281593728307,7.670106560916041,A_if_A_hits_first_else_B
M5,trend_pullback,fixed_tp,"{""adx_threshold"": 20, ""atr_stop"": 3.0, ""atr_target"": 1.5, ""confirmation_bars"": 2, ""leg_a_atr_target"": 0.8, ""pullback_rsi"": 30, ""session_filter"": ""London""}",1.4829915563561782,12.798498884497803,11.181087931339203,337.91471029226153,22.962552712174425,9.568461460833438,0.6850542584676094,12164,9.568461460833438,8.910196746598913,7.6551483585324505,A_if_A_hits_first_else_B
M5,trend_pullback,fixed_tp,"{""adx_threshold"": 25, ""atr_stop"": 1.5, ""atr_target"": 1.0, ""confirmation_bars"": 2, ""leg_a_atr_target"": 0.8, ""pullback_rsi"": 30, ""session_filter"": null}",1.7682276877158605,26.8702803879847,30.429390138372366,667.4724372683779,26.05604963314516,12.580191171014047,0.6830303322563533,20737,12.580191171014047,6.413945031590478,7.642987711613803,A_if_A_hits_first_else_B
M5,trend_pullback,fixed_tp,"{""adx_threshold"": 25, ""atr_stop"": 1.0, ""atr_target"": 1.0, ""confirmation_bars"": 1, ""leg_a_atr_target"": 0.8, ""pullback_rsi"": 30, ""session_filter"": ""London_NY""}",1.8243917935278542,25.015384551264326,37.75146845330838,714.6055222425566,16.148196806175402,12.187133646362614,0.605576286699993,14203,12.187133646362614,6.69281593728307,7.642142306709867,A_if_A_hits_first_else_B
M5,trend_pullback,fixed_tp,"{""adx_threshold"": 20, ""atr_stop"": 1.5, ""atr_target"": 1.0, ""confirmation_bars"": 2, ""leg_a_atr_target"": 1.0, ""pullback_rsi"": 30, ""session_filter"": ""London""}",1.6585998107859201,20.39486332187208,23.10152091301728,525.6643789840101,20.117314859633133,12.093956796105775,0.6655992680695334,13116,12.093956796105775,6.786761950846868,7.618647718675296,A_if_A_hits_first_else_B
M5,trend_pullback,fixed_tp,"{""adx_threshold"": 20, ""atr_stop"": 3.0, ""atr_target"": 1.5, ""confirmation_bars"": 1, ""leg_a_atr_target"": 0.8, ""pullback_rsi"": 30, ""session_filter"": ""London""}",1.4764011611658814,12.769453748930959,11.16387209388867,302.8113698750434,25.733773717447818,9.437802912516862,0.6842955187727089,12385,9.437802912516862,8.910196746598913,7.60809978758359,A_if_A_hits_first_else_B
M5,trend_pullback,fixed_tp,"{""adx_threshold"": 25, ""atr_stop"": 2.0, ""atr_target"": 1.5, ""confirmation_bars"": 2, ""leg_a_atr_target"": 0.8, ""pullback_rsi"": 30, ""session_filter"": ""London""}",1.5472410626294513,12.544378489125029,12.770713202248617,280.1661447445161,21.039871101051,10.39255918953282,0.6524447578749413,8508,10.39255918953282,8.11238488684425,7.59741712794229,A_if_A_hits_first_else_B
M5,trend_pullback,fixed_tp,"{""adx_threshold"": 20, ""atr_stop"": 3.0, ""atr_target"": 1.5, ""confirmation_bars"": 2, ""leg_a_atr_target"": 0.8, ""pullback_rsi"": 35, ""session_filter"": ""London_NY""}",1.401337099826011,14.452804937175092,13.319352397930643,438.6338360046431,27.36577476245781,8.609636177948628,0.6645148950413619,20913,8.609636177948628,9.530762258833708,7.582483098722391,A_if_A_hits_first_else_B
M5,trend_pullback,fixed_tp,"{""adx_threshold"": 20, ""atr_stop"": 1.5, ""atr_target"": 1.0, ""confirmation_bars"": 1, ""leg_a_atr_target"": 1.0, ""pullback_rsi"": 30, ""session_filter"": ""London""}",1.6475866383611326,20.328773563916357,23.178312798413767,528.2910580794246,20.117314859633133,11.957467993826016,0.6638163816381638,13332,11.957467993826016,6.786761950846868,7.568674003392422,A_if_A_hits_first_else_B
M5,trend_pullback,fixed_tp,"{""adx_threshold"": 20, ""atr_stop"": 2.5, ""atr_target"": 1.5, ""confirmation_bars"": 2, ""leg_a_atr_target"": 0.8, ""pullback_rsi"": 30, ""session_filter"": ""London""}",1.4921206247974064,13.511080707606498,12.407206348109291,267.35415852859984,29.82224066728544,9.504609464006391,0.6724151633155845,12583,9.504609464006391,8.728652083456305,7.552930874917056,A_if_A_hits_first_else_B
M5,trend_pullback,fixed_tp,"{""adx_threshold"": 20, ""atr_stop"": 1.0, ""atr_target"": 1.0, ""confirmation_bars"": 1, ""leg_a_atr_target"": 0.8, ""pullback_rsi"": 35, ""session_filter"": ""NY""}",1.5970379919255915,20.00944251278435,32.04085151562754,328.651294088722,29.163368535170658,10.32376002700358,0.5781990521327014,13926,10.32376002700358,8.035634496225828,7.548759131137994,A_if_A_hits_first_else_B
M5,trend_pullback,fixed_tp,"{""adx_threshold"": 20, ""atr_stop"": 1.0, ""atr_target"": 1.0, ""confirmation_bars"": 2, ""leg_a_atr_target"": 0.8, ""pullback_rsi"": 35, ""session_filter"": ""NY""}",1.5977703102067986,19.90833374569621,31.767461838302157,324.74692195805034,29.163368535170658,10.319679826084085,0.5789626616301031,13766,10.319679826084085,8.035634496225828,7.547477524472412,A_if_A_hits_first_else_B
M5,trend_pullback,fixed_tp,"{""adx_threshold"": 20, ""atr_stop"": 2.0, ""atr_target"": 1.5, ""confirmation_bars"": 1, ""leg_a_atr_target"": 0.8, ""pullback_rsi"": 30, ""session_filter"": ""London_NY""}",1.4750886072937535,16.431755847496863,17.599853659668895,444.6545041734492,25.108428294405726,9.653483744947756,0.6466451464145723,17348,9.653483744947756,8.607367004929992,7.547052184408963,A_if_A_hits_first_else_B
M5,trend_pullback,fixed_tp,"{""adx_threshold"": 25, ""atr_stop"": 2.0, ""atr_target"": 1.5, ""confirmation_bars"": 2, ""leg_a_atr_target"": 1.0, ""pullback_rsi"": 30, ""session_filter"": ""London_NY""}",1.3885267404702664,10.877641260705172,11.976100372661733,232.5119922079702,28.42900715107939,9.693154398072267,0.6269430051813472,10229,9.693154398072267,8.607367004929992,7.543624539637843,A_if_A_hits_first_else_B
M5,trend_pullback,fixed_tp,"{""adx_threshold"": 20, ""atr_stop"": 2.0, ""atr_target"": 1.5, ""confirmation_bars"": 2, ""leg_a_atr_target"": 0.8, ""pullback_rsi"": 30, ""session_filter"": ""London_NY""}",1.4656448674796454,16.04455258284976,17.126333576540212,421.7317255084928,25.73117745709968,9.513987259642182,0.6458004559004032,17109,9.513987259642182,8.607367004929992,7.496339666589189,A_if_A_hits_first_else_B
M5,trend_pullback,fixed_tp,"{""adx_threshold"": 25, ""atr_stop"": 2.0, ""atr_target"": 1.5, ""confirmation_bars"": 1, ""leg_a_atr_target"": 0.8, ""pullback_rsi"": 30, ""session_filter"": ""London""}",1.5274883439648577,12.337104369122269,12.513160117023288,277.04017351925086,20.981755675730557,10.047457766437402,0.65141737727587,8678,10.047457766437402,8.11238488684425,7.472681086125975,A_if_A_hits_first_else_B
M5,trend_pullback,fixed_tp,"{""adx_threshold"": 20, ""atr_stop"": 1.5, ""atr_target"": 1.5, ""confirmation_bars"": 1, ""leg_a_atr_target"": 0.8, ""pullback_rsi"": 35, ""session_filter"": ""NY""}",1.434815496912578,13.279314824370418,18.54207146637285,261.3037345430764,28.042503267499313,9.294280605953842,0.5921697953661424,11826,9.294280605953842,8.72176118559436,7.464753844983822,A_if_A_hits_first_else_B
M5,trend_pullback,fixed_tp,"{""adx_threshold"": 20, ""atr_stop"": 1.5, ""atr_target"": 1.0, ""confirmation_bars"": 2, ""leg_a_atr_target"": 0.8, ""pullback_rsi"": 30, ""session_filter"": null}",1.7581388360939683,33.172916798058864,37.672304059872964,1084.4410789633969,23.204425261688208,12.05741828821786,0.6809455358568919,31305,12.05741828821786,6.413945031590478,7.457999432310761,A_if_A_hits_first_else_B
M5,trend_pullback,fixed_tp,"{""adx_threshold"": 25, ""atr_stop"": 1.5, ""atr_target"": 1.0, ""confirmation_bars"": 2, ""leg_a_atr_target"": 1.0, ""pullback_rsi"": 30, ""session_filter"": null}",1.6034909989015862,21.66948260437298,26.528602825833005,533.636034494915,28.056435046981726,12.132840146300996,0.6508914100486224,18510,12.132840146300996,6.413945031590478,7.45346751520138,A_if_A_hits_first_else_B
M5,trend_pullback,fixed_tp,"{""adx_threshold"": 20, ""atr_stop"": 1.5, ""atr_target"": 1.0, ""confirmation_bars"": 1, ""leg_a_atr_target"": 0.8, ""pullback_rsi"": 30, ""session_filter"": null}",1.7513722779795056,33.216946101095424,37.852622680782055,1096.4647865575184,23.14509620324166,11.98799346618092,0.6797568810228632,31754,11.98799346618092,6.413945031590478,7.432347432974938,A_if_A_hits_first_else_B
M5,trend_pullback,fixed_tp,"{""adx_threshold"": 25, ""atr_stop"": 2.0, ""atr_target"": 1.5, ""confirmation_bars"": 1, ""leg_a_atr_target"": 1.0, ""pullback_rsi"": 30, ""session_filter"": ""London_NY""}",1.376099220863155,10.694417573386646,11.741072849339812,234.0894709032048,27.819503205744635,9.367452224140886,0.6263904871499808,10428,9.367452224140886,8.607367004929992,7.427143274840438,A_if_A_hits_first_else_B
M5,trend_pullback,fixed_tp,"{""adx_threshold"": 20, ""atr_stop"": 1.5, ""atr_target"": 1.5, ""confirmation_bars"": 2, ""leg_a_atr_target"": 0.8, ""pullback_rsi"": 35, ""session_filter"": ""NY""}",1.4267110067399607,13.005550825496954,18.03305661226619,254.70225628638207,28.042503267499313,9.142970883448974,0.592336576207544,11718,9.142970883448974,8.72176118559436,7.4101745440725955,A_if_A_hits_first_else_B
M5,trend_pullback,fixed_tp,"{""adx_threshold"": 20, ""atr_stop"": 1.5, ""atr_target"": 1.0, ""confirmation_bars"": 2, ""leg_a_atr_target"": 1.0, ""pullback_rsi"": 30, ""session_filter"": null}",1.617351069057112,27.506434336478268,33.802703577668304,841.9906502396598,26.40974935375271,11.935569686734844,0.651971659629285,27946,11.935569686734844,6.413945031590478,7.3871948683843325,A_if_A_hits_first_else_B
M5,trend_pullback,fixed_tp,"{""adx_threshold"": 25, ""atr_stop"": 1.0, ""atr_target"": 1.0, ""confirmation_bars"": 2, ""leg_a_atr_target"": 0.8, ""pullback_rsi"": 30, ""session_filter"": ""London""}",1.8744541421254959,22.194263984249673,33.11681338150953,589.581948482225,14.144021491345377,11.959642055036612,0.6129649106033082,10459,11.959642055036612,6.2567850769863025,7.376318832331749,A_if_A_hits_first_else_B
M5,trend_pullback,fixed_tp,"{""adx_threshold"": 20, ""atr_stop"": 1.0, ""atr_target"": 1.0, ""confirmation_bars"": 2, ""leg_a_atr_target"": 0.8, ""pullback_rsi"": 30, ""session_filter"": ""London_NY""}",1.7788395976134557,29.650275740597046,45.13153338333216,681.2163170115729,23.708594462493284,11.384408882467595,0.6015507518796992,21280,11.384408882467595,6.69281593728307,7.352078200163731,A_if_A_hits_first_else_B
M5,trend_pullback,fixed_tp,"{""adx_threshold"": 20, ""atr_stop"": 1.5, ""atr_target"": 1.0, ""confirmation_bars"": 1, ""leg_a_atr_target"": 1.0, ""pullback_rsi"": 30, ""session_filter"": null}",1.609466493260953,27.44996150011507,33.86322916620323,848.6551435888027,26.335594964086578,11.824476999370534,0.6506066591422122,28352,11.824476999370534,6.413945031590478,7.346735512647593,A_if_A_hits_first_else_B
M5,trend_pullback,fixed_tp,"{""adx_threshold"": 25, ""atr_stop"": 2.0, ""atr_target"": 1.5, ""confirmation_bars"": 2, ""leg_a_atr_target"": 1.0, ""pullback_rsi"": 30, ""session_filter"": ""London""}",1.4281445249416507,10.052487211491265,10.52557989796151,166.97714660497553,29.8222807370555,9.732194155164908,0.6312703583061889,7675,9.732194155164908,8.11238488684425,7.342470058375961,A_if_A_hits_first_else_B
M5,trend_pullback,fixed_tp,"{""adx_threshold"": 25, ""atr_stop"": 1.0, ""atr_target"": 1.0, ""confirmation_bars"": 1, ""leg_a_atr_target"": 0.8, ""pullback_rsi"": 30, ""session_filter"": ""London""}",1.862837182573202,22.240449452246004,33.40688214610554,734.3310668597585,11.470634154995595,11.819330706168222,0.6107577174929841,10690,11.819330706168222,6.2567850769863025,7.324886468317354,A_if_A_hits_first_else_B
M5,trend_pullback,fixed_tp,"{""adx_threshold"": 20, ""atr_stop"": 1.0, ""atr_target"": 1.0, ""confirmation_bars"": 1, ""leg_a_atr_target"": 0.8, ""pullback_rsi"": 30, ""session_filter"": ""London_NY""}",1.7678474267056348,29.571600027626918,45.066743899876535,614.6033017310543,26.400459215398904,11.265836929041107,0.6000740603591928,21604,11.265836929041107,6.69281593728307,7.308379582282895,A_if_A_hits_first_else_B
M5,trend_pullback,fixed_tp,"{""adx_threshold"": 25, ""atr_stop"": 1.0, ""atr_target"": 1.5, ""confirmation_bars"": 2, ""leg_a_atr_target"": 0.8, ""pullback_rsi"": 30, ""session_filter"": ""NY""}",1.509563935221318,11.273996962547697,20.70311457103999,154.26943973925825,26.873293838328422,9.657698364002282,0.528808821245535,6439,9.657698364002282,8.035634496225828,7.2981427377466845,A_if_A_hits_first_else_B
M5,trend_pullback,fixed_tp,"{""adx_threshold"": 25, ""atr_stop"": 1.5, ""atr_target"": 1.0, ""confirmation_bars"": 2, ""leg_a_atr_target"": 0.8, ""pullback_rsi"": 35, ""session_filter"": ""London""}",1.6785301030914666,18.99180844182261,20.432895772254764,373.28945994567204,24.84735712782878,11.154401334872668,0.6753788182474144,12473,11.154401334872668,6.786761950846868,7.293789365704818,A_if_A_hits_first_else_B
M5,trend_pullback,fixed_tp,"{""adx_threshold"": 25, ""atr_stop"": 1.0, ""atr_target"": 1.0, ""confirmation_bars"": 2, ""leg_a_atr_target"": 1.0, ""pullback_rsi"": 30, ""session_filter"": ""London_NY""}",1.6413780230025978,19.862664620640835,31.73504008913937,332.270809866209,29.012083004056617,11.235277757183615,0.5581973581973582,12870,11.235277757183615,6.69281593728307,7.272389991392166,A_if_A_hits_first_else_B
M5,trend_pullback,fixed_tp,"{""adx_threshold"": 25, ""atr_stop"": 1.0, ""atr_target"": 1.5, ""confirmation_bars"": 1, ""leg_a_atr_target"": 0.8, ""pullback_rsi"": 30, ""session_filter"": ""NY""}",1.5078315225186019,11.33754372067731,20.762302158545467,155.03250788737247,26.934028626254964,9.56547802101081,0.5294746487477092,6548,9.56547802101081,8.035634496225828,7.265519135159127,A_if_A_hits_first_else_B
M5,trend_pullback,fixed_tp,"{""adx_threshold"": 25, ""atr_stop"": 1.0, ""atr_target"": 1.0, ""confirmation_bars"": 1, ""leg_a_atr_target"": 1.0, ""pullback_rsi"": 30, ""session_filter"": ""London_NY""}",1.6373577131762527,19.952250762760563,32.02216568023871,407.3612484658123,23.91440239836895,11.147925866623488,0.5566066524259994,13108,11.147925866623488,6.69281593728307,7.241012767730853,A_if_A_hits_first_else_B
M5,trend_pullback,fixed_tp,"{""adx_threshold"": 25, ""atr_stop"": 1.5, ""atr_target"": 1.0, ""confirmation_bars"": 1, ""leg_a_atr_target"": 0.8, ""pullback_rsi"": 35, ""session_filter"": ""London""}",1.6653220593773432,18.89904883314212,20.437561769040467,427.2723613458003,21.74323010505653,10.98488247312699,0.6735771716853224,12686,10.98488247312699,6.786761950846868,7.231816155351007,A_if_A_hits_first_else_B
M5,trend_pullback,fixed_tp,"{""adx_threshold"": 25, ""atr_stop"": 2.0, ""atr_target"": 1.5, ""confirmation_bars"": 1, ""leg_a_atr_target"": 1.0, ""pullback_rsi"": 30, ""session_filter"": ""London""}",1.4140247288018981,9.90485971317209,10.32410024175432,182.61054064925517,26.929468832526197,9.388325435099006,0.6306478299605447,7857,9.388325435099006,8.11238488684425,7.219292047124944,A_if_A_hits_first_else_B
M5,trend_pullback,fixed_tp,"{""adx_threshold"": 25, ""atr_stop"": 1.0, ""atr_target"": 1.0, ""confirmation_bars"": 2, ""leg_a_atr_target"": 1.0, ""pullback_rsi"": 30, ""session_filter"": ""London""}",1.6890058132266519,18.06590464831393,28.342427765754834,429.4623474192891,16.717630515237307,11.111627390160123,0.5672719768881552,9692,11.111627390160123,6.2567850769863025,7.04242403384521,A_if_A_hits_first_else_B
M5,trend_pullback,fixed_tp,"{""adx_threshold"": 20, ""atr_stop"": 1.0, ""atr_target"": 1.5, ""confirmation_bars"": 2, ""leg_a_atr_target"": 0.8, ""pullback_rsi"": 30, ""session_filter"": ""NY""}",1.4769143926558652,13.263904024440423,23.452379395444886,248.33371352246627,23.20252604711581,8.89833644041286,0.5266138165345413,9713,8.89833644041286,8.035634496225828,7.025836155977297,A_if_A_hits_first_else_B
M5,trend_pullback,fixed_tp,"{""adx_threshold"": 20, ""atr_stop"": 1.0, ""atr_target"": 1.5, ""confirmation_bars"": 1, ""leg_a_atr_target"": 0.8, ""pullback_rsi"": 30, ""session_filter"": ""NY""}",1.4699502842856964,13.171904612406324,23.357892403170315,248.2643668536207,23.20252604711581,8.799817351805437,0.5259191363682656,9819,8.799817351805437,8.035634496225828,6.989961653290665,A_if_A_hits_first_else_B
M5,trend_pullback,fixed_tp,"{""adx_threshold"": 25, ""atr_stop"": 1.0, ""atr_target"": 1.0, ""confirmation_bars"": 1, ""leg_a_atr_target"": 1.0, ""pullback_rsi"": 30, ""session_filter"": ""London""}",1.6790896403637217,18.07437392312174,28.54899389448264,449.7281263202753,16.101704243350618,10.960730494336936,0.5646821392532795,9910,10.960730494336936,6.2567850769863025,6.987626885734508,A_if_A_hits_first_else_B
M5,trend_pullback,fixed_tp,"{""adx_threshold"": 25, ""atr_stop"": 1.5, ""atr_target"": 1.5, ""confirmation_bars"": 2, ""leg_a_atr_target"": 0.8, ""pullback_rsi"": 30, ""session_filter"": ""London_NY""}",1.4966139937181369,14.374906891833017,18.011375571440247,493.07666823144194,15.820402470607094,9.741098077281993,0.6062271062271062,12012,9.741098077281993,7.248745945473868,6.970642801255567,A_if_A_hits_first_else_B
M5,trend_pullback,fixed_tp,"{""adx_threshold"": 20, ""atr_stop"": 1.0, ""atr_target"": 1.0, ""confirmation_bars"": 2, ""leg_a_atr_target"": 0.8, ""pullback_rsi"": 30, ""session_filter"": ""London""}",1.7941323012829027,26.206854099587396,39.407307271485934,668.1486506982462,17.63293601363226,10.821882184957337,0.6061236987140233,16330,10.821882184957337,6.2567850769863025,6.962038509635485,A_if_A_hits_first_else_B
M5,trend_pullback,fixed_tp,"{""adx_threshold"": 20, ""atr_stop"": 1.0, ""atr_target"": 1.0, ""confirmation_bars"": 1, ""leg_a_atr_target"": 0.8, ""pullback_rsi"": 30, ""session_filter"": ""London""}",1.7796556782865107,26.096001554247643,39.24873487545356,586.9676019108343,20.12866176711539,10.67094682723809,0.604407514450867,16608,10.67094682723809,6.2567850769863025,6.906315809834469,A_if_A_hits_first_else_B
M5,trend_pullback,fixed_tp,"{""adx_threshold"": 25, ""atr_stop"": 1.5, ""atr_target"": 1.5, ""confirmation_bars"": 1, ""leg_a_atr_target"": 0.8, ""pullback_rsi"": 30, ""session_filter"": ""London_NY""}",1.4839127747976686,14.238068313848093,17.789135675042395,604.5635124393525,12.801204429813684,9.48346676767711,0.6049342373989053,12241,9.48346676767711,7.248745945473868,6.877931599109762,A_if_A_hits_first_else_B
M5,trend_pullback,fixed_tp,"{""adx_threshold"": 25, ""atr_stop"": 1.5, ""atr_target"": 1.5, ""confirmation_bars"": 2, ""leg_a_atr_target"": 0.8, ""pullback_rsi"": 30, ""session_filter"": ""London""}",1.5343073668920357,13.048745654938731,16.15446403137635,299.10975141198605,19.36192121862779,9.65008794028364,0.6081981781826261,9002,9.65008794028364,6.786761950846868,6.738435130358773,A_if_A_hits_first_else_B
M5,trend_pullback,fixed_tp,"{""adx_threshold"": 20, ""atr_stop"": 1.0, ""atr_target"": 1.0, ""confirmation_bars"": 2, ""leg_a_atr_target"": 1.0, ""pullback_rsi"": 30, ""session_filter"": ""London""}",1.6408359516112112,21.63317837979372,34.48319640736649,566.9511237512984,18.145896129939754,10.1953979277983,0.5614429175475687,15136,10.1953979277983,6.2567850769863025,6.7121097496954825,A_if_A_hits_first_else_B
M5,trend_pullback,fixed_tp,"{""adx_threshold"": 20, ""atr_stop"": 1.0, ""atr_target"": 1.0, ""confirmation_bars"": 1, ""leg_a_atr_target"": 1.0, ""pullback_rsi"": 30, ""session_filter"": ""London""}",1.6247394188033042,21.405446305952673,34.158127383492534,493.14955831249625,20.78532957354607,9.993119815326173,0.5590796828285455,15386,9.993119815326173,6.2567850769863025,6.638093103768657,A_if_A_hits_first_else_B
M5,trend_pullback,fixed_tp,"{""adx_threshold"": 25, ""atr_stop"": 1.5, ""atr_target"": 1.5, ""confirmation_bars"": 1, ""leg_a_atr_target"": 0.8, ""pullback_rsi"": 30, ""session_filter"": ""London""}",1.514257836984881,12.841946192669848,15.850427695481656,304.1199351144153,18.780273753035615,9.305075977849713,0.6058433800369284,9207,9.305075977849713,6.786761950846868,6.613671037525466,A_if_A_hits_first_else_B
M5,trend_pullback,fixed_tp,"{""adx_threshold"": 20, ""atr_stop"": 1.5, ""atr_target"": 1.5, ""confirmation_bars"": 2, ""leg_a_atr_target"": 0.8, ""pullback_rsi"": 30, ""session_filter"": ""London_NY""}",1.4519634399556323,16.60791026960306,20.821651697256026,558.7226931973461,19.011179962430617,8.740929616086806,0.6024797015580425,18228,8.740929616086806,7.248745945473868,6.611653729084749,A_if_A_hits_first_else_B
M5,trend_pullback,fixed_tp,"{""adx_threshold"": 20, ""atr_stop"": 1.5, ""atr_target"": 1.5, ""confirmation_bars"": 1, ""leg_a_atr_target"": 0.8, ""pullback_rsi"": 30, ""session_filter"": ""London_NY""}",1.449968383298797,16.669875243488267,20.982047359993814,585.6897896853029,18.3338608620232,8.711158825633857,0.6020551649540292,18490,8.711158825633857,7.248745945473868,6.60083494109485,A_if_A_hits_first_else_B
M5,trend_pullback,fixed_tp,"{""adx_threshold"": 25, ""atr_stop"": 1.5, ""atr_target"": 1.5, ""confirmation_bars"": 2, ""leg_a_atr_target"": 1.0, ""pullback_rsi"": 30, ""session_filter"": ""London_NY""}",1.37777781165471,11.263018669112036,14.833317521355873,253.46750562626315,25.201179269374705,8.72713368464615,0.5702705164404773,10979,8.72713368464615,7.248745945473868,6.591988027420335,A_if_A_hits_first_else_B
M5,trend_pullback,fixed_tp,"{""adx_threshold"": 25, ""atr_stop"": 1.5, ""atr_target"": 1.5, ""confirmation_bars"": 1, ""leg_a_atr_target"": 1.0, ""pullback_rsi"": 30, ""session_filter"": ""London_NY""}",1.3642790338097477,11.04482126597859,14.512635660227241,221.92345258278087,28.272797347599404,8.412223098255982,0.5687343582409725,11188,8.412223098255982,7.248745945473868,6.479069566614784,A_if_A_hits_first_else_B
M5,trend_pullback,fixed_tp,"{""adx_threshold"": 25, ""atr_stop"": 1.5, ""atr_target"": 1.5, ""confirmation_bars"": 2, ""leg_a_atr_target"": 1.0, ""pullback_rsi"": 30, ""session_filter"": ""London""}",1.4081993215046709,10.29508572413091,13.255649472338973,165.22491383153664,28.93057344783249,8.703662609277217,0.57319737800437,8238,8.703662609277217,6.786761950846868,6.381964655429051,A_if_A_hits_first_else_B
M5,trend_pullback,fixed_tp,"{""adx_threshold"": 25, ""atr_stop"": 1.5, ""atr_target"": 1.5, ""confirmation_bars"": 2, ""leg_a_atr_target"": 0.8, ""pullback_rsi"": 30, ""session_filter"": null}",1.4766251446966652,17.124352425401902,22.447032317095395,403.6008839492323,29.982498235656372,9.076629756163525,0.5987598759875987,19998,9.076629756163525,6.413945031590478,6.358420707812281,A_if_A_hits_first_else_B
M5,trend_pullback,fixed_tp,"{""adx_threshold"": 20, ""atr_stop"": 1.5, ""atr_target"": 1.5, ""confirmation_bars"": 2, ""leg_a_atr_target"": 0.8, ""pullback_rsi"": 30, ""session_filter"": ""London""}",1.4735200608086778,15.013348927082824,18.638346126653417,425.44117133297976,18.488473557312087,8.445695611719803,0.6036506800286328,13970,8.445695611719803,6.786761950846868,6.304740354144757,A_if_A_hits_first_else_B
M5,trend_pullback,fixed_tp,"{""adx_threshold"": 20, ""atr_stop"": 1.5, ""atr_target"": 1.5, ""confirmation_bars"": 1, ""leg_a_atr_target"": 0.8, ""pullback_rsi"": 30, ""session_filter"": ""London""}",1.4655395461994338,14.943539743028612,18.61048668461561,455.8492364842919,17.294570561135895,8.326110806467863,0.6026895726255016,14203,8.326110806467863,6.786761950846868,6.26128956938473,A_if_A_hits_first_else_B
M5,trend_pullback,fixed_tp,"{""adx_threshold"": 25, ""atr_stop"": 1.0, ""atr_target"": 1.5, ""confirmation_bars"": 2, ""leg_a_atr_target"": 0.8, ""pullback_rsi"": 30, ""session_filter"": ""London_NY""}",1.4832062871018368,15.020678267279012,25.057730574944355,267.0929922329656,27.85715104496002,8.376998229772642,0.5272085866546573,13323,8.376998229772642,6.69281593728307,6.240357809618173,A_if_A_hits_first_else_B
M5,trend_pullback,fixed_tp,"{""adx_threshold"": 25, ""atr_stop"": 1.5, ""atr_target"": 1.5, ""confirmation_bars"": 1, ""leg_a_atr_target"": 1.0, ""pullback_rsi"": 30, ""session_filter"": ""London""}",1.3894636277018464,10.041431042763794,12.88983935143366,173.00664002896164,27.001583675204227,8.309237401472643,0.5708526028696786,8433,8.309237401472643,6.786761950846868,6.2401686939368854,A_if_A_hits_first_else_B
M5,trend_pullback,fixed_tp,"{""adx_threshold"": 25, ""atr_stop"": 1.0, ""atr_target"": 1.5, ""confirmation_bars"": 1, ""leg_a_atr_target"": 0.8, ""pullback_rsi"": 30, ""session_filter"": ""London_NY""}",1.4675709730573183,14.768152926860674,24.552402772511982,274.8684309701604,26.73482691745947,8.119955720509267,0.5256721915285452,13575,8.119955720509267,6.69281593728307,6.1472658685670885,A_if_A_hits_first_else_B
M5,trend_pullback,fixed_tp,"{""adx_threshold"": 20, ""atr_stop"": 1.0, ""atr_target"": 1.5, ""confirmation_bars"": 2, ""leg_a_atr_target"": 0.8, ""pullback_rsi"": 30, ""session_filter"": ""London_NY""}",1.4417199167791477,17.47681987828007,29.08795280506666,405.69157356054745,25.139740698534947,7.531369785033811,0.5231132772116379,20313,7.531369785033811,6.69281593728307,5.936090579895045,A_if_A_hits_first_else_B
M5,trend_pullback,fixed_tp,"{""adx_threshold"": 25, ""atr_stop"": 1.0, ""atr_target"": 1.5, ""confirmation_bars"": 2, ""leg_a_atr_target"": 0.8, ""pullback_rsi"": 30, ""session_filter"": ""London""}",1.4992611412243402,13.258916077958624,21.82139099559292,317.71301574201874,16.831413656757594,8.055170504252647,0.5277164089174533,9958,8.055170504252647,6.2567850769863025,5.93471518937713,A_if_A_hits_first_else_B
M5,trend_pullback,fixed_tp,"{""adx_threshold"": 20, ""atr_stop"": 1.0, ""atr_target"": 1.5, ""confirmation_bars"": 1, ""leg_a_atr_target"": 0.8, ""pullback_rsi"": 30, ""session_filter"": ""London_NY""}",1.4276458965646173,17.139833715782107,28.519498764005238,358.27519162752594,28.090736609466067,7.326888498627567,0.5215977480100952,20604,7.326888498627567,6.69281593728307,5.861707325609953,A_if_A_hits_first_else_B
M5,trend_pullback,fixed_tp,"{""adx_threshold"": 25, ""atr_stop"": 1.0, ""atr_target"": 1.5, ""confirmation_bars"": 1, ""leg_a_atr_target"": 0.8, ""pullback_rsi"": 30, ""session_filter"": ""London""}",1.4757199272009263,12.903629811674334,21.158331561009216,342.79217848136335,15.286220120991281,7.721016742662441,0.525147347740668,10180,7.721016742662441,6.2567850769863025,5.813053130015875,A_if_A_hits_first_else_B
M5,trend_pullback,fixed_tp,"{""adx_threshold"": 25, ""atr_stop"": 1.0, ""atr_target"": 1.5, ""confirmation_bars"": 2, ""leg_a_atr_target"": 1.0, ""pullback_rsi"": 30, ""session_filter"": ""London""}",1.402877268368026,10.845145691268575,19.10240539141875,197.9357316414416,23.15866698964042,7.3918421217506465,0.48269189421629755,9302,7.3918421217506465,6.2567850769863025,5.6832734809301675,A_if_A_hits_first_else_B
M5,trend_pullback,fixed_tp,"{""adx_threshold"": 25, ""atr_stop"": 1.0, ""atr_target"": 1.5, ""confirmation_bars"": 1, ""leg_a_atr_target"": 1.0, ""pullback_rsi"": 30, ""session_filter"": ""London""}",1.3804428309246513,10.459138336550986,18.358399121376227,199.70743716230248,22.287319637134033,7.015989101432976,0.47992854140395125,9516,7.015989101432976,6.2567850769863025,5.547238036330309,A_if_A_hits_first_else_B
M5,trend_pullback,fixed_tp,"{""adx_threshold"": 20, ""atr_stop"": 1.0, ""atr_target"": 1.5, ""confirmation_bars"": 2, ""leg_a_atr_target"": 0.8, ""pullback_rsi"": 30, ""session_filter"": ""London""}",1.4280922121352826,14.859969594831021,24.279878140687046,459.32713737765755,15.435004742475547,6.845117672282297,0.522721421215242,15536,6.845117672282297,6.2567850769863025,5.496962912369696,A_if_A_hits_first_else_B
M5,trend_pullback,fixed_tp,"{""adx_threshold"": 20, ""atr_stop"": 1.0, ""atr_target"": 1.5, ""confirmation_bars"": 1, ""leg_a_atr_target"": 0.8, ""pullback_rsi"": 30, ""session_filter"": ""London""}",1.4111141995238996,14.505537961298419,23.64528930723513,386.91077322584346,17.97876820154576,6.608986989968601,0.5209019508487459,15788,6.608986989968601,6.2567850769863025,5.410921571037626,A_if_A_hits_first_else_B
M5,trend_pullback,fixed_tp,"{""adx_threshold"": 20, ""atr_stop"": 1.0, ""atr_target"": 1.5, ""confirmation_bars"": 2, ""leg_a_atr_target"": 1.0, ""pullback_rsi"": 30, ""session_filter"": ""London""}",1.3449065979816048,12.091183229724681,21.078602409709443,307.22312054472627,19.64979422907548,6.234290293753826,0.4790361445783132,14525,6.234290293753826,6.2567850769863025,5.266536207053996,A_if_A_hits_first_else_B
M5,trend_pullback,fixed_tp,"{""adx_threshold"": 20, ""atr_stop"": 1.0, ""atr_target"": 1.5, ""confirmation_bars"": 1, ""leg_a_atr_target"": 1.0, ""pullback_rsi"": 30, ""session_filter"": ""London""}",1.325647604190129,11.611585710044533,20.2165780252813,300.25294382073747,19.402047181258453,5.927072287514424,0.4762938343620701,14743,5.927072287514424,6.2567850769863025,5.15515810611191,A_if_A_hits_first_else_B
M5,trend_pullback,fixed_tp_plus_mr,"{""adx_threshold"": 20, ""atr_stop"": 3.0, ""atr_target"": 1.0, ""confirmation_bars"": 2, ""leg_a_atr_target"": 0.8, ""pullback_rsi"": 30, ""session_filter"": ""NY""}",1.8983634110589507,18.12069080971926,13.998977410521793,639.525640215982,14.323345416912927,17.56387571478823,0.7866547360347693,7823,17.56387571478823,11.602967495855355,11.748364555522581,A_if_A_hits_first_else_B
M5,trend_pullback,fixed_tp_plus_mr,"{""adx_threshold"": 25, ""atr_stop"": 2.5, ""atr_target"": 1.0, ""confirmation_bars"": 1, ""leg_a_atr_target"": 1.0, ""pullback_rsi"": 30, ""session_filter"": ""NY""}",1.715893268260099,13.26392412944031,13.438631521024474,228.37675926157056,25.40648002507544,18.08681288145427,0.7601828761429759,4812,18.08681288145427,11.273816682563712,11.746780669314685,A_if_A_hits_first_else_B
M5,trend_pullback,fixed_tp_plus_mr,"{""adx_threshold"": 20, ""atr_stop"": 2.5, ""atr_target"": 1.0, ""confirmation_bars"": 1, ""leg_a_atr_target"": 0.8, ""pullback_rsi"": 30, ""session_filter"": ""NY""}",1.945927011382696,20.232188337470706,17.702755642704957,656.7260714497164,14.838787154999908,17.81104860493774,0.7705617156086267,8207,17.81104860493774,11.273816682563712,11.696269921158418,A_if_A_hits_first_else_B
M5,trend_pullback,fixed_tp_plus_mr,"{""adx_threshold"": 25, ""atr_stop"": 3.0, ""atr_target"": 1.0, ""confirmation_bars"": 2, ""leg_a_atr_target"": 1.0, ""pullback_rsi"": 30, ""session_filter"": ""NY""}",1.6473449104272877,11.504030108070971,10.361622746406805,235.51548363482215,22.4931921565785,17.510450735723502,0.7831643895989423,4538,17.510450735723502,11.602967495855355,11.679462112723591,A_if_A_hits_first_else_B
M5,trend_pullback,fixed_tp_plus_mr,"{""adx_threshold"": 25, ""atr_stop"": 3.0, ""atr_target"": 1.0, ""confirmation_bars"": 2, ""leg_a_atr_target"": 0.8, ""pullback_rsi"": 30, ""session_filter"": ""NY""}",1.8388693429602618,14.377879406762673,11.694232332084797,438.0611586071754,13.90282926427823,17.38757945021163,0.7830224590787971,5254,17.38757945021163,11.602967495855355,11.674762049301032,A_if_A_hits_first_else_B
M5,trend_pullback,fixed_tp_plus_mr,"{""adx_threshold"": 25, ""atr_stop"": 3.0, ""atr_target"": 1.0, ""confirmation_bars"": 1, ""leg_a_atr_target"": 1.0, ""pullback_rsi"": 30, ""session_filter"": ""NY""}",1.6503685692036365,11.64852464132148,10.504204125448261,190.9802184867571,28.178017853749722,17.49494150270755,0.7837017771998266,4614,17.49494150270755,11.602967495855355,11.67463861292328,A_if_A_hits_first_else_B
M5,trend_pullback,fixed_tp_plus_mr,"{""adx_threshold"": 25, ""atr_stop"": 3.0, ""atr_target"": 1.0, ""confirmation_bars"": 1, ""leg_a_atr_target"": 0.8, ""pullback_rsi"": 30, ""session_filter"": ""NY""}",1.8433024735176575,14.570856106498503,11.851862569918397,356.2584783676496,17.381779766166865,17.36188713312953,0.7837383177570093,5350,17.36188713312953,11.602967495855355,11.666656364433777,A_if_A_hits_first_else_B
M5,trend_pullback,fixed_tp_plus_mr,"{""adx_threshold"": 25, ""atr_stop"": 2.5, ""atr_target"": 1.0, ""confirmation_bars"": 1, ""leg_a_atr_target"": 0.8, ""pullback_rsi"": 30, ""session_filter"": ""NY""}",1.9013604620676259,16.198979981264564,14.805886237023143,467.2087720277738,13.987726406682135,17.749018136682288,0.7673365924316494,5523,17.749018136682288,11.273816682563712,11.665645947405997,A_if_A_hits_first_else_B
M5,trend_pullback,fixed_tp_plus_mr,"{""adx_threshold"": 25, ""atr_stop"": 2.5, ""atr_target"": 1.0, ""confirmation_bars"": 2, ""leg_a_atr_target"": 1.0, ""pullback_rsi"": 30, ""session_filter"": ""NY""}",1.6960636143833192,12.877694117194439,13.088845540665538,274.1956438485412,20.50803778339037,17.81001253405905,0.7576013513513513,4736,17.81001253405905,11.273816682563712,11.645934616951003,A_if_A_hits_first_else_B
M5,trend_pullback,fixed_tp_plus_mr,"{""adx_threshold"": 20, ""atr_stop"": 2.5, ""atr_target"": 1.0, ""confirmation_bars"": 2, ""leg_a_atr_target"": 0.8, ""pullback_rsi"": 30, ""session_filter"": ""NY""}",1.9244898671291268,19.733943036520987,17.237039752838673,637.4893265774518,14.838787154999908,17.51988226447777,0.769477713297938,8099,17.51988226447777,11.273816682563712,11.590074273146715,A_if_A_hits_first_else_B
M5,trend_pullback,fixed_tp_plus_mr,"{""adx_threshold"": 25, ""atr_stop"": 2.5, ""atr_target"": 1.0, ""confirmation_bars"": 2, ""leg_a_atr_target"": 0.8, ""pullback_rsi"": 30, ""session_filter"": ""NY""}",1.8761222695916868,15.731081805672819,14.445596697234294,500.65567573186985,12.657467975850652,17.53144554362968,0.7650313537440059,5422,17.53144554362968,11.273816682563712,11.584447901342395,A_if_A_hits_first_else_B
M5,trend_pullback,fixed_tp_plus_mr,"{""adx_threshold"": 20, ""atr_stop"": 3.0, ""atr_target"": 1.0, ""confirmation_bars"": 1, ""leg_a_atr_target"": 1.0, ""pullback_rsi"": 35, ""session_filter"": ""NY""}",1.6359103288495622,15.420411865054652,13.56653953147154,411.57210512381016,23.66101581658999,17.08059066125181,0.7806361085126287,8552,17.08059066125181,11.602967495855355,11.526724170342955,A_if_A_hits_first_else_B
M5,trend_pullback,fixed_tp_plus_mr,"{""adx_threshold"": 20, ""atr_stop"": 3.0, ""atr_target"": 1.0, ""confirmation_bars"": 2, ""leg_a_atr_target"": 1.0, ""pullback_rsi"": 35, ""session_filter"": ""NY""}",1.615852565025131,14.921443726609652,13.108704027387303,396.58446220084693,23.66101581658999,16.653320928918724,0.7799337434926644,8452,16.653320928918724,11.602967495855355,11.373168211261488,A_if_A_hits_first_else_B
M5,trend_pullback,fixed_tp_plus_mr,"{""adx_threshold"": 25, ""atr_stop"": 3.0, ""atr_target"": 1.0, ""confirmation_bars"": 1, ""leg_a_atr_target"": 1.0, ""pullback_rsi"": 35, ""session_filter"": ""NY""}",1.5765547100196122,11.975608507741454,11.40465927312692,268.6355817841096,23.43957436291961,16.245365572122775,0.7726178190574475,5814,16.245365572122775,11.602967495855355,11.222524265381804,A_if_A_hits_first_else_B
M5,trend_pullback,fixed_tp_plus_mr,"{""adx_threshold"": 25, ""atr_stop"": 3.0, ""atr_target"": 1.0, ""confirmation_bars"": 2, ""leg_a_atr_target"": 1.0, ""pullback_rsi"": 35, ""session_filter"": ""NY""}",1.5699186586267473,11.779345126572677,11.207588745751078,253.29191547097415,24.3718342737486,16.143275592936455,0.7716178521617852,5736,16.143275592936455,11.602967495855355,11.185465562388018,A_if_A_hits_first_else_B
M5,trend_pullback,fixed_tp_plus_mr,"{""adx_threshold"": 20, ""atr_stop"": 3.0, ""atr_target"": 1.0, ""confirmation_bars"": 1, ""leg_a_atr_target"": 0.8, ""pullback_rsi"": 35, ""session_filter"": ""NY""}",1.7830600784902177,18.870598650467695,15.385087428640757,696.7988109223938,15.820388511697093,15.963933051671395,0.7651090944197722,10358,15.963933051671395,11.602967495855355,11.165323956917941,A_if_A_hits_first_else_B
M5,trend_pullback,fixed_tp_plus_mr,"{""adx_threshold"": 25, ""atr_stop"": 3.0, ""atr_target"": 1.0, ""confirmation_bars"": 1, ""leg_a_atr_target"": 0.8, ""pullback_rsi"": 35, ""session_filter"": ""NY""}",1.7467591508620728,15.375702643039869,13.565183148511268,491.94199705649953,15.005395442482195,15.863433095839188,0.7601719197707736,6980,15.863433095839188,11.602967495855355,11.12288878685104,A_if_A_hits_first_else_B
M5,trend_pullback,fixed_tp_plus_mr,"{""adx_threshold"": 25, ""atr_stop"": 3.0, ""atr_target"": 1.0, ""confirmation_bars"": 2, ""leg_a_atr_target"": 0.8, ""pullback_rsi"": 35, ""session_filter"": ""NY""}",1.7339008411562842,15.055928984492086,13.305378423937977,461.3992950645843,15.619727208012016,15.731077829331719,0.7584400465657741,6872,15.731077829331719,11.602967495855355,11.073992781632269,A_if_A_hits_first_else_B
M5,trend_pullback,fixed_tp_plus_mr,"{""adx_threshold"": 20, ""atr_stop"": 3.0, ""atr_target"": 1.0, ""confirmation_bars"": 2, ""leg_a_atr_target"": 0.8, ""pullback_rsi"": 35, ""session_filter"": ""NY""}",1.7649269729442254,18.406382571910314,14.976458419184649,676.7104900810508,15.820388511697093,15.64416394986334,0.7636629322942036,10265,15.64416394986334,11.602967495855355,11.049778150175925,A_if_A_hits_first_else_B
M5,trend_pullback,fixed_tp_plus_mr,"{""adx_threshold"": 25, ""atr_stop"": 2.0, ""atr_target"": 1.0, ""confirmation_bars"": 2, ""leg_a_atr_target"": 0.8, ""pullback_rsi"": 30, ""session_filter"": ""NY""}",1.8634175384159763,16.39734895891721,16.624556611389465,579.9093612553983,10.840624767770638,16.596039558308636,0.7356564589933122,5682,16.596039558308636,10.455315857879743,10.886189489137102,A_if_A_hits_first_else_B
M5,trend_pullback,fixed_tp_plus_mr,"{""adx_threshold"": 25, ""atr_stop"": 2.0, ""atr_target"": 1.0, ""confirmation_bars"": 1, ""leg_a_atr_target"": 0.8, ""pullback_rsi"": 30, ""session_filter"": ""NY""}",1.8670406811882394,16.58606710727815,16.822779878501578,488.6841463630967,13.055378720534575,16.559845835329728,0.7359404741304724,5779,16.559845835329728,10.455315857879743,10.874246314648937,A_if_A_hits_first_else_B
M5,trend_pullback,fixed_tp_plus_mr,"{""adx_threshold"": 25, ""atr_stop"": 2.0, ""atr_target"": 1.0, ""confirmation_bars"": 2, ""leg_a_atr_target"": 1.0, ""pullback_rsi"": 30, ""session_filter"": ""NY""}",1.67968060508723,13.36697908147043,15.020498273475166,287.15018188084105,19.23760163244365,16.414661671079635,0.716323296354992,5048,16.414661671079635,10.455315857879743,10.785959841941201,A_if_A_hits_first_else_B
M5,trend_pullback,fixed_tp_plus_mr,"{""adx_threshold"": 25, ""atr_stop"": 2.0, ""atr_target"": 1.0, ""confirmation_bars"": 1, ""leg_a_atr_target"": 1.0, ""pullback_rsi"": 30, ""session_filter"": ""NY""}",1.6810996955014126,13.495700099956494,15.196482742002873,253.30148661071837,22.090294505874787,16.380282312665813,0.7158469945355191,5124,16.380282312665813,10.455315857879743,10.774210884579201,A_if_A_hits_first_else_B
M5,trend_pullback,fixed_tp_plus_mr,"{""adx_threshold"": 20, ""atr_stop"": 2.0, ""atr_target"": 1.0, ""confirmation_bars"": 1, ""leg_a_atr_target"": 1.0, ""pullback_rsi"": 30, ""session_filter"": ""NY""}",1.6989146707707752,16.6423033311699,17.646232497866784,430.63610081307684,19.200288283421138,16.323382365476682,0.7236114767043959,7598,16.323382365476682,10.455315857879743,10.757858898116877,A_if_A_hits_first_else_B
M5,trend_pullback,fixed_tp_plus_mr,"{""adx_threshold"": 20, ""atr_stop"": 2.5, ""atr_target"": 1.0, ""confirmation_bars"": 1, ""leg_a_atr_target"": 1.0, ""pullback_rsi"": 35, ""session_filter"": ""NY""}",1.573731171285892,14.939098967696372,14.414528258765735,332.36314365777093,27.662645538765446,15.313197590197705,0.7497224072840328,9006,15.313197590197705,11.273816682563712,10.747582897980045,A_if_A_hits_first_else_B
M5,trend_pullback,fixed_tp_plus_mr,"{""adx_threshold"": 20, ""atr_stop"": 2.0, ""atr_target"": 1.0, ""confirmation_bars"": 1, ""leg_a_atr_target"": 0.8, ""pullback_rsi"": 30, ""session_filter"": ""NY""}",1.8601676719385751,19.88078741523905,19.003428273968463,880.2549882946046,10.485085550666005,16.120544117377896,0.7412668840242198,8588,16.120544117377896,10.455315857879743,10.719116111515863,A_if_A_hits_first_else_B
M5,trend_pullback,fixed_tp_plus_mr,"{""adx_threshold"": 20, ""atr_stop"": 2.5, ""atr_target"": 1.0, ""confirmation_bars"": 1, ""leg_a_atr_target"": 0.8, ""pullback_rsi"": 35, ""session_filter"": ""NY""}",1.7383268210610199,18.926520855000724,16.807975415755184,610.0501472373136,17.680144551176497,15.100487380934528,0.7474332648870636,10714,15.100487380934528,11.273816682563712,10.70605345469296,A_if_A_hits_first_else_B
M5,trend_pullback,fixed_tp_plus_mr,"{""adx_threshold"": 25, ""atr_stop"": 2.5, ""atr_target"": 1.0, ""confirmation_bars"": 1, ""leg_a_atr_target"": 0.8, ""pullback_rsi"": 35, ""session_filter"": ""NY""}",1.7029362222814888,15.184130594157004,14.25744445267852,321.4642631444263,22.405627691140666,14.990860127697108,0.7416400721520744,7207,14.990860127697108,11.273816682563712,10.660605796303956,A_if_A_hits_first_else_B
M5,trend_pullback,fixed_tp_plus_mr,"{""adx_threshold"": 20, ""atr_stop"": 2.5, ""atr_target"": 1.0, ""confirmation_bars"": 2, ""leg_a_atr_target"": 1.0, ""pullback_rsi"": 35, ""session_filter"": ""NY""}",1.5556731867233313,14.441615835293067,13.904887010642275,319.7424319169637,27.662645538765446,14.927297858610157,0.7488748874887489,8888,14.927297858610157,11.273816682563712,10.608906395011891,A_if_A_hits_first_else_B
M5,trend_pullback,fixed_tp_plus_mr,"{""adx_threshold"": 20, ""atr_stop"": 2.5, ""atr_target"": 1.0, ""confirmation_bars"": 2, ""leg_a_atr_target"": 0.8, ""pullback_rsi"": 35, ""session_filter"": ""NY""}",1.7217425158250443,18.457365122950982,16.347482305893568,592.0502975879991,17.680144551176497,14.818141057365295,0.7464137410343525,10596,14.818141057365295,11.273816682563712,10.603915380396533,A_if_A_hits_first_else_B
M5,trend_pullback,fixed_tp_plus_mr,"{""adx_threshold"": 20, ""atr_stop"": 2.0, ""atr_target"": 1.0, ""confirmation_bars"": 2, ""leg_a_atr_target"": 1.0, ""pullback_rsi"": 30, ""session_filter"": ""NY""}",1.66652948501983,15.918248677660184,16.861614875991478,366.63824848098204,21.477063276985696,15.752826478506073,0.721525740197386,7498,15.752826478506073,10.455315857879743,10.551687300526975,A_if_A_hits_first_else_B
M5,trend_pullback,fixed_tp_plus_mr,"{""adx_threshold"": 25, ""atr_stop"": 2.5, ""atr_target"": 1.0, ""confirmation_bars"": 2, ""leg_a_atr_target"": 0.8, ""pullback_rsi"": 35, ""session_filter"": ""NY""}",1.680380226987679,14.710558343351389,13.861318684115446,278.7922496083042,24.98133639047795,14.689123250540888,0.7388920134983127,7112,14.689123250540888,11.273816682563712,10.550486690240518,A_if_A_hits_first_else_B
M5,trend_pullback,fixed_tp_plus_mr,"{""adx_threshold"": 20, ""atr_stop"": 2.0, ""atr_target"": 1.0, ""confirmation_bars"": 2, ""leg_a_atr_target"": 0.8, ""pullback_rsi"": 30, ""session_filter"": ""NY""}",1.8262052636174821,19.15431900720643,18.28626866468976,828.0034923051377,10.6989955798328,15.649756867728376,0.7390177835355082,8491,15.649756867728376,10.455315857879743,10.547548092474313,A_if_A_hits_first_else_B
M5,trend_pullback,fixed_tp_plus_mr,"{""adx_threshold"": 25, ""atr_stop"": 2.5, ""atr_target"": 1.0, ""confirmation_bars"": 1, ""leg_a_atr_target"": 1.0, ""pullback_rsi"": 35, ""session_filter"": ""NY""}",1.5297201539695644,11.64816443753516,11.892068479875478,216.25473677823018,27.76726673011093,14.746569149732371,0.7416502946954814,6108,14.746569149732371,11.273816682563712,10.540460740353915,A_if_A_hits_first_else_B
M5,trend_pullback,fixed_tp_plus_mr,"{""adx_threshold"": 25, ""atr_stop"": 3.0, ""atr_target"": 1.5, ""confirmation_bars"": 1, ""leg_a_atr_target"": 0.8, ""pullback_rsi"": 30, ""session_filter"": ""NY""}",1.5900587322800492,10.526315724491843,10.462867263545006,210.4799615325711,23.36856431369828,14.063899688768492,0.6936713686618375,5246,14.063899688768492,11.602967495855355,10.461712010659893,A_if_A_hits_first_else_B
M5,trend_pullback,fixed_tp_plus_mr,"{""adx_threshold"": 25, ""atr_stop"": 2.5, ""atr_target"": 1.0, ""confirmation_bars"": 2, ""leg_a_atr_target"": 1.0, ""pullback_rsi"": 35, ""session_filter"": ""NY""}",1.5109770004396508,11.242250503724584,11.505454943166265,198.78149819633487,29.09270267815092,14.371498570932753,0.7388999337309476,6036,14.371498570932753,11.273816682563712,10.405437407068064,A_if_A_hits_first_else_B
M5,trend_pullback,fixed_tp_plus_mr,"{""adx_threshold"": 20, ""atr_stop"": 2.0, ""atr_target"": 1.0, ""confirmation_bars"": 1, ""leg_a_atr_target"": 1.0, ""pullback_rsi"": 35, ""session_filter"": ""NY""}",1.6111753017985342,16.934246935423506,19.01463680787768,462.1694090788558,21.129970237887285,15.073511821411048,0.7100226384029635,9718,15.073511821411048,10.455315857879743,10.302856333899458,A_if_A_hits_first_else_B
M5,trend_pullback,fixed_tp_plus_mr,"{""adx_threshold"": 20, ""atr_stop"": 2.0, ""atr_target"": 1.0, ""confirmation_bars"": 1, ""leg_a_atr_target"": 0.8, ""pullback_rsi"": 35, ""session_filter"": ""NY""}",1.75477457659358,20.642878116229934,21.072548740932277,796.3465531288988,13.957019076208995,14.734366813910668,0.7201944321696863,11315,14.734366813910668,10.455315857879743,10.212875436233336,A_if_A_hits_first_else_B
M5,trend_pullback,fixed_tp_plus_mr,"{""adx_threshold"": 25, ""atr_stop"": 2.5, ""atr_target"": 1.5, ""confirmation_bars"": 2, ""leg_a_atr_target"": 0.8, ""pullback_rsi"": 30, ""session_filter"": ""NY""}",1.5805705566127557,10.762532440011134,11.845398092815502,211.71312677067124,22.88878377100093,13.738015441702167,0.6785106785106785,5291,13.738015441702167,11.273816682563712,10.19763702307198,A_if_A_hits_first_else_B
M5,trend_pullback,fixed_tp_plus_mr,"{""adx_threshold"": 25, ""atr_stop"": 2.5, ""atr_target"": 1.5, ""confirmation_bars"": 1, ""leg_a_atr_target"": 0.8, ""pullback_rsi"": 30, ""session_filter"": ""NY""}",1.5848044686832146,10.919828613438602,11.988583917201499,260.1699556951795,18.946148390607767,13.715132407842871,0.6796512706362456,5391,13.715132407842871,11.273816682563712,10.190474743635319,A_if_A_hits_first_else_B
M5,trend_pullback,fixed_tp_plus_mr,"{""adx_threshold"": 20, ""atr_stop"": 3.0, ""atr_target"": 1.5, ""confirmation_bars"": 1, ""leg_a_atr_target"": 0.8, ""pullback_rsi"": 30, ""session_filter"": ""NY""}",1.569804477926257,12.25106443807162,11.489463664758892,294.6546204945019,23.389103867334015,13.26859361520178,0.694776023616994,7791,13.26859361520178,11.602967495855355,10.179304034040785,A_if_A_hits_first_else_B
M5,trend_pullback,fixed_tp_plus_mr,"{""adx_threshold"": 20, ""atr_stop"": 2.0, ""atr_target"": 1.0, ""confirmation_bars"": 2, ""leg_a_atr_target"": 1.0, ""pullback_rsi"": 35, ""session_filter"": ""NY""}",1.5878509036150643,16.30516525928839,18.264913981944066,443.0362730014508,21.129970237887285,14.62100676201348,0.7088713036234903,9604,14.62100676201348,10.455315857879743,10.139814683473617,A_if_A_hits_first_else_B
M5,trend_pullback,fixed_tp_plus_mr,"{""adx_threshold"": 25, ""atr_stop"": 2.0, ""atr_target"": 1.0, ""confirmation_bars"": 2, ""leg_a_atr_target"": 0.8, ""pullback_rsi"": 35, ""session_filter"": ""NY""}",1.71449656194999,16.364235718500947,17.98479944060387,314.28284738036194,23.057726226010093,14.456672135444792,0.711264795850512,7519,14.456672135444792,10.455315857879743,10.107626695841558,A_if_A_hits_first_else_B
M5,trend_pullback,fixed_tp_plus_mr,"{""adx_threshold"": 25, ""atr_stop"": 2.0, ""atr_target"": 1.0, ""confirmation_bars"": 1, ""leg_a_atr_target"": 0.8, ""pullback_rsi"": 35, ""session_filter"": ""NY""}",1.7161344439895547,16.510759223929163,18.164737619829108,305.555207561182,24.04777375601227,14.45492951095606,0.7114754098360656,7625,14.45492951095606,10.455315857879743,10.107344353678418,A_if_A_hits_first_else_B
M5,trend_pullback,fixed_tp_plus_mr,"{""adx_threshold"": 20, ""atr_stop"": 3.0, ""atr_target"": 1.5, ""confirmation_bars"": 2, ""leg_a_atr_target"": 0.8, ""pullback_rsi"": 30, ""session_filter"": ""NY""}",1.5584683936138974,11.972493232293786,11.210065936120381,259.61625374875035,25.806654575146737,13.05330623961746,0.6938563449798675,7699,13.05330623961746,11.602967495855355,10.1016862357238,A_if_A_hits_first_else_B
M5,trend_pullback,fixed_tp_plus_mr,"{""adx_threshold"": 20, ""atr_stop"": 2.0, ""atr_target"": 1.0, ""confirmation_bars"": 2, ""leg_a_atr_target"": 0.8, ""pullback_rsi"": 35, ""session_filter"": ""NY""}",1.7324457592300706,20.04206082268277,20.389424490891756,769.9130513647935,13.957019076208995,14.38769679316344,0.719182361867357,11203,14.38769679316344,10.455315857879743,10.087075165499105,A_if_A_hits_first_else_B
M5,trend_pullback,fixed_tp_plus_mr,"{""adx_threshold"": 20, ""atr_stop"": 2.5, ""atr_target"": 1.5, ""confirmation_bars"": 1, ""leg_a_atr_target"": 0.8, ""pullback_rsi"": 30, ""session_filter"": ""NY""}",1.5825077913819685,13.200097432161233,13.79598873635014,398.4813064403301,17.87106675661337,13.292594627907546,0.681806869089099,8036,13.292594627907546,11.273816682563712,10.042127185197703,A_if_A_hits_first_else_B
M5,trend_pullback,fixed_tp_plus_mr,"{""adx_threshold"": 20, ""atr_stop"": 2.5, ""atr_target"": 1.5, ""confirmation_bars"": 2, ""leg_a_atr_target"": 0.8, ""pullback_rsi"": 30, ""session_filter"": ""NY""}",1.5756261109393552,12.980766645151204,13.5098627010338,343.1728250134952,20.289524917775935,13.160559950002948,0.6817036290322581,7936,13.160559950002948,11.273816682563712,9.994538711842575,A_if_A_hits_first_else_B
M5,trend_pullback,fixed_tp_plus_mr,"{""adx_threshold"": 25, ""atr_stop"": 3.0, ""atr_target"": 1.0, ""confirmation_bars"": 1, ""leg_a_atr_target"": 1.0, ""pullback_rsi"": 30, ""session_filter"": ""London_NY""}",1.6281876177940269,15.058506269747612,11.95988472917425,402.4924839428698,23.726489118288345,15.356561225016062,0.79073756432247,9328,15.356561225016062,9.516239815796613,9.982741869422902,A_if_A_hits_first_else_B
M5,trend_pullback,fixed_tp_plus_mr,"{""adx_threshold"": 25, ""atr_stop"": 3.0, ""atr_target"": 1.0, ""confirmation_bars"": 2, ""leg_a_atr_target"": 1.0, ""pullback_rsi"": 30, ""session_filter"": ""London_NY""}",1.6254161666564542,14.85768361987767,11.765992237216802,442.0785133366708,21.227508267601102,15.35377175520771,0.7910122164048866,9168,15.35377175520771,9.516239815796613,9.981211264762464,A_if_A_hits_first_else_B
M5,trend_pullback,fixed_tp_plus_mr,"{""adx_threshold"": 25, ""atr_stop"": 2.5, ""atr_target"": 1.0, ""confirmation_bars"": 1, ""leg_a_atr_target"": 1.0, ""pullback_rsi"": 30, ""session_filter"": ""London_NY""}",1.6716490224735878,16.73866853963291,14.647062505189373,445.51833444224593,22.866797167536713,15.545641996098045,0.7650050864699899,9830,15.545641996098045,9.305610853010347,9.962829386983689,A_if_A_hits_first_else_B
M5,trend_pullback,fixed_tp_plus_mr,"{""adx_threshold"": 25, ""atr_stop"": 3.0, ""atr_target"": 1.0, ""confirmation_bars"": 2, ""leg_a_atr_target"": 0.8, ""pullback_rsi"": 30, ""session_filter"": ""London_NY""}",1.810115604588661,18.68381221715741,13.763382676413293,738.039019119449,14.794235710329914,15.152266461662203,0.7851790174854288,10809,15.152266461662203,9.516239815796613,9.947624299607979,A_if_A_hits_first_else_B
M5,trend_pullback,fixed_tp_plus_mr,"{""adx_threshold"": 25, ""atr_stop"": 3.0, ""atr_target"": 1.0, ""confirmation_bars"": 1, ""leg_a_atr_target"": 0.8, ""pullback_rsi"": 30, ""session_filter"": ""London_NY""}",1.811614667546823,18.90020438834506,13.964847683186866,744.5536686517054,14.897832242923034,15.146430111187055,0.7850705507510242,10985,15.146430111187055,9.516239815796613,9.945881389533309,A_if_A_hits_first_else_B
M5,trend_pullback,fixed_tp_plus_mr,"{""adx_threshold"": 25, ""atr_stop"": 2.5, ""atr_target"": 1.0, ""confirmation_bars"": 1, ""leg_a_atr_target"": 0.8, ""pullback_rsi"": 30, ""session_filter"": ""London_NY""}",1.853536623931115,20.625789509522,16.682239686929382,842.6757827938369,13.835007370586638,15.392692983849427,0.7684182730393452,11361,15.392692983849427,9.305610853010347,9.945674752988177,A_if_A_hits_first_else_B
M5,trend_pullback,fixed_tp_plus_mr,"{""adx_threshold"": 25, ""atr_stop"": 2.5, ""atr_target"": 1.0, ""confirmation_bars"": 2, ""leg_a_atr_target"": 1.0, ""pullback_rsi"": 30, ""session_filter"": ""London_NY""}",1.664509510545072,16.435260561136253,14.353735697447721,522.0079876588919,19.090319419186407,15.480477253171484,0.7647058823529411,9656,15.480477253171484,9.305610853010347,9.93859382457369,A_if_A_hits_first_else_B
M5,trend_pullback,fixed_tp_plus_mr,"{""adx_threshold"": 25, ""atr_stop"": 2.5, ""atr_target"": 1.0, ""confirmation_bars"": 2, ""leg_a_atr_target"": 0.8, ""pullback_rsi"": 30, ""session_filter"": ""London_NY""}",1.8459225120524307,20.28065265067156,16.37331574970417,781.4702629259796,14.613770880978997,15.333280575588933,0.7677228786251342,11172,15.333280575588933,9.305610853010347,9.923357587721268,A_if_A_hits_first_else_B
M5,trend_pullback,fixed_tp_plus_mr,"{""adx_threshold"": 25, ""atr_stop"": 3.0, ""atr_target"": 1.0, ""confirmation_bars"": 1, ""leg_a_atr_target"": 1.0, ""pullback_rsi"": 30, ""session_filter"": ""London""}",1.7233877537808164,14.244052114102676,10.652319574130118,275.4008213933547,26.759796350520194,15.733710280213796,0.8013094221463137,7026,15.733710280213796,8.886377819354099,9.850346167540335,A_if_A_hits_first_else_B
M5,trend_pullback,fixed_tp_plus_mr,"{""adx_threshold"": 25, ""atr_stop"": 3.0, ""atr_target"": 1.0, ""confirmation_bars"": 2, ""leg_a_atr_target"": 1.0, ""pullback_rsi"": 30, ""session_filter"": ""London""}",1.7163998103997447,13.966880688474614,10.409368614600726,258.8721354371398,27.77443151123774,15.671374010171492,0.8015111886079628,6882,15.671374010171492,8.886377819354099,9.827130884349314,A_if_A_hits_first_else_B
M5,trend_pullback,fixed_tp_plus_mr,"{""adx_threshold"": 20, ""atr_stop"": 3.0, ""atr_target"": 1.0, ""confirmation_bars"": 1, ""leg_a_atr_target"": 0.8, ""pullback_rsi"": 30, ""session_filter"": ""London_NY""}",1.8161035241867014,23.36682583205243,17.37552541625927,804.0412468074185,20.1630920180082,14.768575530473758,0.781489129114539,16466,14.768575530473758,9.516239815796613,9.814530057611632,A_if_A_hits_first_else_B
M5,trend_pullback,fixed_tp_plus_mr,"{""adx_threshold"": 20, ""atr_stop"": 2.5, ""atr_target"": 1.0, ""confirmation_bars"": 1, ""leg_a_atr_target"": 0.8, ""pullback_rsi"": 30, ""session_filter"": ""London_NY""}",1.8584411739212945,25.66982206586124,20.957828046181685,889.8696094280481,19.20490560049073,14.971844859664094,0.7660320056068216,17122,14.971844859664094,9.305610853010347,9.799358819521347,A_if_A_hits_first_else_B
M5,trend_pullback,fixed_tp_plus_mr,"{""adx_threshold"": 20, ""atr_stop"": 3.0, ""atr_target"": 1.0, ""confirmation_bars"": 2, ""leg_a_atr_target"": 0.8, ""pullback_rsi"": 30, ""session_filter"": ""London_NY""}",1.8110859319820571,23.036497050194374,17.067932646739767,788.2634365866638,20.1630920180082,14.710151360210071,0.781822669217005,16207,14.710151360210071,9.516239815796613,9.793078079578411,A_if_A_hits_first_else_B
M5,trend_pullback,fixed_tp_plus_mr,"{""adx_threshold"": 25, ""atr_stop"": 1.5, ""atr_target"": 1.0, ""confirmation_bars"": 1, ""leg_a_atr_target"": 0.8, ""pullback_rsi"": 30, ""session_filter"": ""NY""}",1.8822204743148911,17.796191910992686,20.946211751962814,746.5575013089342,8.612614976594879,15.700339370004638,0.6916815888002604,6143,15.700339370004638,8.70610176484228,9.789308668543628,A_if_A_hits_first_else_B
M5,trend_pullback,fixed_tp_plus_mr,"{""adx_threshold"": 20, ""atr_stop"": 2.5, ""atr_target"": 1.0, ""confirmation_bars"": 2, ""leg_a_atr_target"": 0.8, ""pullback_rsi"": 30, ""session_filter"": ""London_NY""}",1.8532685014976533,25.298198564898154,20.570984650163258,871.7873346519713,19.20490560049073,14.915893685657664,0.7664073172180317,16837,14.915893685657664,9.305610853010347,9.77874137413437,A_if_A_hits_first_else_B
M5,trend_pullback,fixed_tp_plus_mr,"{""adx_threshold"": 25, ""atr_stop"": 1.5, ""atr_target"": 1.0, ""confirmation_bars"": 2, ""leg_a_atr_target"": 0.8, ""pullback_rsi"": 30, ""session_filter"": ""NY""}",1.8696587668477274,17.458237129229364,20.571120014054966,779.6650686076975,8.064737148377711,15.638684734106157,0.6907643840159178,6031,15.638684734106157,8.70610176484228,9.765217204485726,A_if_A_hits_first_else_B
M5,trend_pullback,fixed_tp_plus_mr,"{""adx_threshold"": 25, ""atr_stop"": 2.5, ""atr_target"": 1.0, ""confirmation_bars"": 1, ""leg_a_atr_target"": 1.0, ""pullback_rsi"": 30, ""session_filter"": ""London""}",1.7570840840670594,15.523480963934718,12.74303956853423,420.3817925797747,18.437651116565263,15.651964514018943,0.7754442649434572,7428,15.651964514018943,8.715546198274893,9.751600185943744,A_if_A_hits_first_else_B
M5,trend_pullback,fixed_tp_plus_mr,"{""adx_threshold"": 25, ""atr_stop"": 2.5, ""atr_target"": 1.0, ""confirmation_bars"": 2, ""leg_a_atr_target"": 1.0, ""pullback_rsi"": 30, ""session_filter"": ""London""}",1.7469302052235027,15.17292479158385,12.41586312190513,394.6820422945633,19.102591400209654,15.555948666341047,0.7752407152682256,7270,15.555948666341047,8.715546198274893,9.715963863487769,A_if_A_hits_first_else_B
M5,trend_pullback,fixed_tp_plus_mr,"{""adx_threshold"": 25, ""atr_stop"": 3.0, ""atr_target"": 1.0, ""confirmation_bars"": 1, ""leg_a_atr_target"": 1.0, ""pullback_rsi"": 30, ""session_filter"": null}",1.6362267414213394,18.679880530364237,15.169489426844349,521.843256282606,29.249913457991234,15.288331415166752,0.7895299145299145,14976,15.288331415166752,8.96138405641435,9.710784168979089,A_if_A_hits_first_else_B
M5,trend_pullback,fixed_tp_plus_mr,"{""adx_threshold"": 20, ""atr_stop"": 1.5, ""atr_target"": 1.0, ""confirmation_bars"": 1, ""leg_a_atr_target"": 0.8, ""pullback_rsi"": 30, ""session_filter"": ""NY""}",1.8857435333578632,21.76966387356391,24.88550520507669,861.2268414816884,10.953381194332726,15.459432791773398,0.6945263847918716,9153,15.459432791773398,8.70610176484228,9.705695977971288,A_if_A_hits_first_else_B
M5,trend_pullback,fixed_tp_plus_mr,"{""adx_threshold"": 20, ""atr_stop"": 1.5, ""atr_target"": 1.0, ""confirmation_bars"": 1, ""leg_a_atr_target"": 1.0, ""pullback_rsi"": 30, ""session_filter"": ""NY""}",1.728398424249481,18.360901288989027,23.19090078863554,429.28197175885947,19.787077879033944,15.451556767992608,0.663594470046083,8246,15.451556767992608,8.70610176484228,9.671470347826336,A_if_A_hits_first_else_B
M5,trend_pullback,fixed_tp_plus_mr,"{""adx_threshold"": 25, ""atr_stop"": 2.5, ""atr_target"": 1.0, ""confirmation_bars"": 1, ""leg_a_atr_target"": 1.0, ""pullback_rsi"": 30, ""session_filter"": null}",1.679908195083151,20.87097429292739,18.919019558296313,581.6803626994215,28.0757839246261,15.40091680153435,0.7622280900289199,15906,15.40091680153435,8.74848445841378,9.663120525839853,A_if_A_hits_first_else_B
M5,trend_pullback,fixed_tp_plus_mr,"{""adx_threshold"": 25, ""atr_stop"": 3.0, ""atr_target"": 1.0, ""confirmation_bars"": 1, ""leg_a_atr_target"": 0.8, ""pullback_rsi"": 30, ""session_filter"": ""London""}",1.9030947133214646,17.325615170717686,12.256730137686786,351.07935600025627,23.654657877493708,15.081105425006415,0.7915254237288135,8260,15.081105425006415,8.886377819354099,9.657875860125882,A_if_A_hits_first_else_B
M5,trend_pullback,fixed_tp_plus_mr,"{""adx_threshold"": 25, ""atr_stop"": 3.0, ""atr_target"": 1.0, ""confirmation_bars"": 2, ""leg_a_atr_target"": 0.8, ""pullback_rsi"": 30, ""session_filter"": ""London""}",1.8992768611812505,17.06533058018239,12.026068896940014,335.6756407081513,24.24012435132147,15.053316364963779,0.7916872224963,8108,15.053316364963779,8.886377819354099,9.647386118682917,A_if_A_hits_first_else_B
M5,trend_pullback,fixed_tp_plus_mr,"{""adx_threshold"": 25, ""atr_stop"": 2.5, ""atr_target"": 1.0, ""confirmation_bars"": 1, ""leg_a_atr_target"": 0.8, ""pullback_rsi"": 30, ""session_filter"": ""London""}",1.9434634893497773,18.70647799357332,14.34822117050493,537.4017707654382,16.160512238024875,15.241642494192854,0.7758277758277758,8547,15.241642494192854,8.715546198274893,9.645263360061158,A_if_A_hits_first_else_B
M5,trend_pullback,fixed_tp_plus_mr,"{""adx_threshold"": 25, ""atr_stop"": 2.5, ""atr_target"": 1.0, ""confirmation_bars"": 2, ""leg_a_atr_target"": 0.8, ""pullback_rsi"": 30, ""session_filter"": ""London""}",1.9351750569341548,18.353676667108253,14.033229074738252,495.5927384154634,17.10968507171204,15.168936812371971,0.7750745378652355,8385,15.168936812371971,8.715546198274893,9.618158684940722,A_if_A_hits_first_else_B
M5,trend_pullback,fixed_tp_plus_mr,"{""adx_threshold"": 25, ""atr_stop"": 3.0, ""atr_target"": 1.5, ""confirmation_bars"": 2, ""leg_a_atr_target"": 0.8, ""pullback_rsi"": 35, ""session_filter"": ""NY""}",1.4839521074744269,10.245613186072207,10.606280643671163,184.82358716982213,28.937358869929064,11.686030159273312,0.6677348871085215,6865,11.686030159273312,11.602967495855355,9.608236350375453,A_if_A_hits_first_else_B
M5,trend_pullback,fixed_tp_plus_mr,"{""adx_threshold"": 25, ""atr_stop"": 2.5, ""atr_target"": 1.0, ""confirmation_bars"": 2, ""leg_a_atr_target"": 1.0, ""pullback_rsi"": 30, ""session_filter"": null}",1.668574858472163,20.361744415436913,18.415614181170316,561.7791677113044,28.214373587253295,15.238668739273372,0.7618254069991027,15602,15.238668739273372,8.74848445841378,9.604067036726311,A_if_A_hits_first_else_B
M5,trend_pullback,fixed_tp_plus_mr,"{""adx_threshold"": 25, ""atr_stop"": 1.5, ""atr_target"": 1.0, ""confirmation_bars"": 1, ""leg_a_atr_target"": 1.0, ""pullback_rsi"": 30, ""session_filter"": ""NY""}",1.6934943621862586,14.478496672820604,18.83986560375001,305.80853704010184,18.33643667813799,15.199057305032037,0.6570292735814962,5534,15.199057305032037,8.70610176484228,9.576114723377492,A_if_A_hits_first_else_B
M5,trend_pullback,fixed_tp_plus_mr,"{""adx_threshold"": 20, ""atr_stop"": 1.5, ""atr_target"": 1.0, ""confirmation_bars"": 2, ""leg_a_atr_target"": 0.8, ""pullback_rsi"": 30, ""session_filter"": ""NY""}",1.853349232712664,21.036049733049673,23.973695353121858,828.2851623891081,10.953381194332726,15.038992907378233,0.6928942424577301,9049,15.038992907378233,8.70610176484228,9.552063158303941,A_if_A_hits_first_else_B
M5,trend_pullback,fixed_tp_plus_mr,"{""adx_threshold"": 25, ""atr_stop"": 1.5, ""atr_target"": 1.0, ""confirmation_bars"": 2, ""leg_a_atr_target"": 1.0, ""pullback_rsi"": 30, ""session_filter"": ""NY""}",1.683910974377391,14.205796675924661,18.477623705603087,360.4619168547555,15.212269835733172,15.108680964456656,0.6565025716385011,5444,15.108680964456656,8.70610176484228,9.542566326614335,A_if_A_hits_first_else_B
M5,trend_pullback,fixed_tp_plus_mr,"{""adx_threshold"": 25, ""atr_stop"": 3.0, ""atr_target"": 1.5, ""confirmation_bars"": 1, ""leg_a_atr_target"": 0.8, ""pullback_rsi"": 35, ""session_filter"": ""NY""}",1.4772915905987523,10.206919975925032,10.549489195938193,208.8624082008091,25.614820341870605,11.502020343057527,0.6677655152644403,6977,11.502020343057527,11.602967495855355,9.542500811324794,A_if_A_hits_first_else_B
M5,trend_pullback,fixed_tp_plus_mr,"{""adx_threshold"": 25, ""atr_stop"": 3.0, ""atr_target"": 1.0, ""confirmation_bars"": 1, ""leg_a_atr_target"": 0.8, ""pullback_rsi"": 30, ""session_filter"": null}",1.8025305086619294,23.108331995842498,17.60286859052853,783.5042748118386,22.278043324284667,14.640951332847145,0.7796790247721299,17883,14.640951332847145,8.96138405641435,9.517461893615343,A_if_A_hits_first_else_B
M5,trend_pullback,fixed_tp_plus_mr,"{""adx_threshold"": 20, ""atr_stop"": 3.0, ""atr_target"": 1.0, ""confirmation_bars"": 2, ""leg_a_atr_target"": 1.0, ""pullback_rsi"": 30, ""session_filter"": null}",1.6336513828522947,22.652771419098862,18.268366996634512,930.1271505955996,23.07659278218892,14.727036975084017,0.7871192022687769,21862,14.727036975084017,8.96138405641435,9.513816043236321,A_if_A_hits_first_else_B
M5,trend_pullback,fixed_tp_plus_mr,"{""adx_threshold"": 20, ""atr_stop"": 3.0, ""atr_target"": 1.0, ""confirmation_bars"": 2, ""leg_a_atr_target"": 1.0, ""pullback_rsi"": 30, ""session_filter"": ""London""}",1.6842408797667128,16.984629352104395,13.014660682699606,415.53162125640597,25.005259527915296,14.781595264944757,0.7959028831562974,10544,14.781595264944757,8.886377819354099,9.509276537393351,A_if_A_hits_first_else_B
M5,trend_pullback,fixed_tp_plus_mr,"{""adx_threshold"": 25, ""atr_stop"": 2.5, ""atr_target"": 1.0, ""confirmation_bars"": 1, ""leg_a_atr_target"": 0.8, ""pullback_rsi"": 30, ""session_filter"": null}",1.8425553975534446,25.298801148270538,21.25692819741033,732.3780831193249,25.076995319018646,14.826307864594325,0.7639524245196706,18581,14.826307864594325,8.74848445841378,9.494536838404905,A_if_A_hits_first_else_B
M5,trend_pullback,fixed_tp_plus_mr,"{""adx_threshold"": 20, ""atr_stop"": 1.5, ""atr_target"": 1.0, ""confirmation_bars"": 2, ""leg_a_atr_target"": 1.0, ""pullback_rsi"": 30, ""session_filter"": ""NY""}",1.6966611412511332,17.619699828383375,22.19171835210337,409.7731088553696,19.787077879033944,14.93408475746879,0.6618369351669942,8144,14.93408475746879,8.70610176484228,9.484007687543329,A_if_A_hits_first_else_B
M5,trend_pullback,fixed_tp_plus_mr,"{""adx_threshold"": 20, ""atr_stop"": 2.5, ""atr_target"": 1.0, ""confirmation_bars"": 2, ""leg_a_atr_target"": 1.0, ""pullback_rsi"": 30, ""session_filter"": ""London""}",1.7299652484587207,18.894200846049024,15.910494948575927,603.4401677554196,18.391561594793565,14.879612550115763,0.7713621737575974,11188,14.879612550115763,8.715546198274893,9.475853231455963,A_if_A_hits_first_else_B
M5,trend_pullback,fixed_tp_plus_mr,"{""adx_threshold"": 25, ""atr_stop"": 3.0, ""atr_target"": 1.0, ""confirmation_bars"": 2, ""leg_a_atr_target"": 0.8, ""pullback_rsi"": 30, ""session_filter"": null}",1.7927481851001903,22.634345183579665,17.202818717880287,748.6659748858941,22.718571219144184,14.526522749355337,0.7794795877697432,17563,14.526522749355337,8.96138405641435,9.475455424680865,A_if_A_hits_first_else_B
M5,trend_pullback,fixed_tp_plus_mr,"{""adx_threshold"": 20, ""atr_stop"": 3.0, ""atr_target"": 1.0, ""confirmation_bars"": 1, ""leg_a_atr_target"": 1.0, ""pullback_rsi"": 30, ""session_filter"": null}",1.6230391944744806,22.530319704292484,18.233541630181993,889.7132523596028,24.176391811571712,14.557428389952355,0.786410395235517,22164,14.557428389952355,8.96138405641435,9.452330600764679,A_if_A_hits_first_else_B
M5,trend_pullback,fixed_tp_plus_mr,"{""adx_threshold"": 25, ""atr_stop"": 2.5, ""atr_target"": 1.0, ""confirmation_bars"": 2, ""leg_a_atr_target"": 0.8, ""pullback_rsi"": 30, ""session_filter"": null}",1.8317423832227668,24.780697113444383,20.780574674018574,699.5557081556224,25.58446773232174,14.697602465456844,0.7631117924011825,18266,14.697602465456844,8.74848445841378,9.447327345840648,A_if_A_hits_first_else_B
M5,trend_pullback,fixed_tp_plus_mr,"{""adx_threshold"": 25, ""atr_stop"": 2.0, ""atr_target"": 1.5, ""confirmation_bars"": 2, ""leg_a_atr_target"": 0.8, ""pullback_rsi"": 30, ""session_filter"": ""NY""}",1.552123592290889,10.810195187748937,13.0294663560597,314.0029340137387,14.696856545169219,12.611193503266975,0.6531244306795408,5489,12.611193503266975,10.455315857879743,9.429234580647504,A_if_A_hits_first_else_B
M5,trend_pullback,fixed_tp_plus_mr,"{""adx_threshold"": 20, ""atr_stop"": 2.5, ""atr_target"": 1.0, ""confirmation_bars"": 2, ""leg_a_atr_target"": 1.0, ""pullback_rsi"": 30, ""session_filter"": null}",1.6704042605408786,25.22187903461625,22.745800894806962,902.195017233547,25.32038015102149,14.721550614395207,0.7604399381336999,23276,14.721550614395207,8.74848445841378,9.423441573432699,A_if_A_hits_first_else_B
M5,trend_pullback,fixed_tp_plus_mr,"{""adx_threshold"": 20, ""atr_stop"": 2.5, ""atr_target"": 1.0, ""confirmation_bars"": 1, ""leg_a_atr_target"": 1.0, ""pullback_rsi"": 30, ""session_filter"": null}",1.6673908559949875,25.342420001366424,22.910235158414597,817.2559974140974,28.27825113709504,14.685188302660105,0.7603151741082775,23606,14.685188302660105,8.74848445841378,9.410112083416234,A_if_A_hits_first_else_B
M5,trend_pullback,fixed_tp_plus_mr,"{""adx_threshold"": 20, ""atr_stop"": 2.5, ""atr_target"": 1.0, ""confirmation_bars"": 1, ""leg_a_atr_target"": 1.0, ""pullback_rsi"": 30, ""session_filter"": ""London""}",1.715630898894731,18.805282971742074,15.95044353122775,474.2179697780812,23.472143209412664,14.692333816140488,0.7697993664202746,11364,14.692333816140488,8.715546198274893,9.407438804651818,A_if_A_hits_first_else_B
M5,trend_pullback,fixed_tp_plus_mr,"{""adx_threshold"": 25, ""atr_stop"": 2.0, ""atr_target"": 1.5, ""confirmation_bars"": 1, ""leg_a_atr_target"": 0.8, ""pullback_rsi"": 30, ""session_filter"": ""NY""}",1.5446317357683017,10.784864387391755,13.006164850566678,361.73787337062123,12.767950544921487,12.40239333356919,0.6525241675617616,5586,12.40239333356919,10.455315857879743,9.354656149948761,A_if_A_hits_first_else_B
M5,trend_pullback,fixed_tp_plus_mr,"{""adx_threshold"": 25, ""atr_stop"": 2.0, ""atr_target"": 1.0, ""confirmation_bars"": 2, ""leg_a_atr_target"": 0.8, ""pullback_rsi"": 30, ""session_filter"": ""London_NY""}",1.8371615338855234,21.618027882005173,19.494204953764395,800.7150531756429,14.2686975757654,14.605199767504,0.7385375830918698,11734,14.605199767504,8.603643431062208,9.350891769381498,A_if_A_hits_first_else_B
M5,trend_pullback,fixed_tp_plus_mr,"{""adx_threshold"": 25, ""atr_stop"": 2.0, ""atr_target"": 1.0, ""confirmation_bars"": 1, ""leg_a_atr_target"": 0.8, ""pullback_rsi"": 30, ""session_filter"": ""London_NY""}",1.83643758433905,21.82575575488939,19.752207661239275,820.7606339878097,14.123852799376019,14.566853955725463,0.7383764765016336,11937,14.566853955725463,8.603643431062208,9.337325945349715,A_if_A_hits_first_else_B
M5,trend_pullback,fixed_tp_plus_mr,"{""adx_threshold"": 20, ""atr_stop"": 2.5, ""atr_target"": 1.0, ""confirmation_bars"": 2, ""leg_a_atr_target"": 0.8, ""pullback_rsi"": 30, ""session_filter"": ""London""}",1.8908292222336622,22.422946818960476,17.54178951820324,800.1718851219636,15.353434576423508,14.265428109746306,0.7714816535067348,12918,14.265428109746306,8.715546198274893,9.293061472081641,A_if_A_hits_first_else_B
M5,trend_pullback,fixed_tp_plus_mr,"{""adx_threshold"": 20, ""atr_stop"": 3.0, ""atr_target"": 1.0, ""confirmation_bars"": 2, ""leg_a_atr_target"": 0.8, ""pullback_rsi"": 30, ""session_filter"": ""London""}",1.8433452900382128,20.45276471144771,14.711020315792181,657.6092420681656,17.6961615804575,14.043233392325549,0.7864038616251006,12430,14.043233392325549,8.886377819354099,9.282670764030927,A_if_A_hits_first_else_B
M5,trend_pullback,fixed_tp_plus_mr,"{""adx_threshold"": 20, ""atr_stop"": 2.5, ""atr_target"": 1.0, ""confirmation_bars"": 1, ""leg_a_atr_target"": 0.8, ""pullback_rsi"": 30, ""session_filter"": ""London""}",1.8873617095240776,22.62012728265771,17.782809599374133,767.361580868541,16.251891638505892,14.212593746954989,0.7706275641999696,13162,14.212593746954989,8.715546198274893,9.273875942562762,A_if_A_hits_first_else_B
M5,trend_pullback,fixed_tp_plus_mr,"{""adx_threshold"": 20, ""atr_stop"": 3.0, ""atr_target"": 1.0, ""confirmation_bars"": 1, ""leg_a_atr_target"": 0.8, ""pullback_rsi"": 30, ""session_filter"": ""London""}",1.836640408397869,20.555976226179926,14.861228605759118,531.8611776998528,22.127635959814786,13.95403191996762,0.7853924590941428,12651,13.95403191996762,8.886377819354099,9.250109272377586,A_if_A_hits_first_else_B
M5,trend_pullback,fixed_tp_plus_mr,"{""adx_threshold"": 25, ""atr_stop"": 3.0, ""atr_target"": 1.0, ""confirmation_bars"": 1, ""leg_a_atr_target"": 0.8, ""pullback_rsi"": 35, ""session_filter"": ""London_NY""}",1.6779897710116858,18.378224723063344,13.890367110068526,696.2016331068548,18.01483784588566,13.231776123710157,0.7633281755521171,14218,13.231776123710157,9.516239815796613,9.249027514609367,A_if_A_hits_first_else_B
M5,trend_pullback,fixed_tp_plus_mr,"{""adx_threshold"": 20, ""atr_stop"": 3.0, ""atr_target"": 1.5, ""confirmation_bars"": 1, ""leg_a_atr_target"": 0.8, ""pullback_rsi"": 35, ""session_filter"": ""NY""}",1.4512838764587939,11.684270972610673,11.471974009124253,340.2088077307808,21.596125815753258,10.665623074684994,0.6665053711410045,10333,10.665623074684994,11.602967495855355,9.244560224566417,A_if_A_hits_first_else_B
M5,trend_pullback,fixed_tp_plus_mr,"{""adx_threshold"": 20, ""atr_stop"": 3.0, ""atr_target"": 1.5, ""confirmation_bars"": 1, ""leg_a_atr_target"": 1.0, ""pullback_rsi"": 35, ""session_filter"": ""NY""}",1.370138122052167,9.587245483053799,9.74024594653619,253.9585912979103,25.079235015494422,10.698354751451596,0.6628219484882418,8930,10.698354751451596,11.602967495855355,9.239787160553401,A_if_A_hits_first_else_B
M5,trend_pullback,fixed_tp_plus_mr,"{""adx_threshold"": 20, ""atr_stop"": 3.0, ""atr_target"": 1.0, ""confirmation_bars"": 2, ""leg_a_atr_target"": 0.8, ""pullback_rsi"": 30, ""session_filter"": null}",1.7780134800793217,27.461109103078407,20.805646383274,1285.6741785898607,18.816888139432848,13.854833843701899,0.7758094074526573,26192,13.854833843701899,8.96138405641435,9.237417366697986,A_if_A_hits_first_else_B
M5,trend_pullback,fixed_tp_plus_mr,"{""adx_threshold"": 20, ""atr_stop"": 2.5, ""atr_target"": 1.0, ""confirmation_bars"": 2, ""leg_a_atr_target"": 0.8, ""pullback_rsi"": 30, ""session_filter"": null}",1.8209395983924161,30.352786714580876,25.406834495533776,1242.0297475843006,20.599408919492525,14.048472798519143,0.7602313492935061,27318,14.048472798519143,8.74848445841378,9.217971405446384,A_if_A_hits_first_else_B
M5,trend_pullback,fixed_tp_plus_mr,"{""adx_threshold"": 20, ""atr_stop"": 2.0, ""atr_target"": 1.5, ""confirmation_bars"": 1, ""leg_a_atr_target"": 0.8, ""pullback_rsi"": 30, ""session_filter"": ""NY""}",1.538222859484085,12.963277012971563,14.707919668933725,521.6936850568567,12.71939867149813,12.005119945678125,0.6562537691472681,8291,12.005119945678125,10.455315857879743,9.214328688930046,A_if_A_hits_first_else_B
M5,trend_pullback,fixed_tp_plus_mr,"{""adx_threshold"": 20, ""atr_stop"": 2.5, ""atr_target"": 1.0, ""confirmation_bars"": 1, ""leg_a_atr_target"": 0.8, ""pullback_rsi"": 30, ""session_filter"": null}",1.8202156294151568,30.59738174193048,25.656318216473082,1117.0376137967646,23.244755931492477,14.034773539153075,0.7598645093870491,27751,14.034773539153075,8.74848445841378,9.213031870872808,A_if_A_hits_first_else_B
M5,trend_pullback,fixed_tp_plus_mr,"{""adx_threshold"": 20, ""atr_stop"": 3.0, ""atr_target"": 1.0, ""confirmation_bars"": 1, ""leg_a_atr_target"": 0.8, ""pullback_rsi"": 30, ""session_filter"": null}",1.7704126447534554,27.487496120246668,20.87767105674026,1235.737050230872,19.740589632396826,13.75921899798236,0.7750244416033691,26594,13.75921899798236,8.96138405641435,9.202432003630975,A_if_A_hits_first_else_B
M5,trend_pullback,fixed_tp_plus_mr,"{""adx_threshold"": 25, ""atr_stop"": 3.0, ""atr_target"": 1.0, ""confirmation_bars"": 2, ""leg_a_atr_target"": 0.8, ""pullback_rsi"": 35, ""session_filter"": ""London_NY""}",1.6680597331976996,18.026916873491956,13.622098278332038,633.9613698717125,19.353462188421314,13.100812287227972,0.7621013667425968,14048,13.100812287227972,9.516239815796613,9.201204164277804,A_if_A_hits_first_else_B
M5,trend_pullback,fixed_tp_plus_mr,"{""adx_threshold"": 25, ""atr_stop"": 2.0, ""atr_target"": 1.5, ""confirmation_bars"": 2, ""leg_a_atr_target"": 1.0, ""pullback_rsi"": 30, ""session_filter"": ""NY""}",1.4387398360158279,8.840209703248345,11.344179547621057,150.49204198739503,26.42774131677379,11.941047105312087,0.627902321857486,4996,11.941047105312087,10.455315857879743,9.17200659010828,A_if_A_hits_first_else_B
M5,trend_pullback,fixed_tp_plus_mr,"{""adx_threshold"": 20, ""atr_stop"": 3.0, ""atr_target"": 1.5, ""confirmation_bars"": 2, ""leg_a_atr_target"": 0.8, ""pullback_rsi"": 35, ""session_filter"": ""NY""}",1.4390510949392519,11.336597611718792,11.07707689448877,329.0335706052364,21.596125815753258,10.414045513039374,0.665657059110894,10235,10.414045513039374,11.602967495855355,9.15406152168654,A_if_A_hits_first_else_B
M5,trend_pullback,fixed_tp_plus_mr,"{""adx_threshold"": 25, ""atr_stop"": 2.0, ""atr_target"": 1.0, ""confirmation_bars"": 2, ""leg_a_atr_target"": 1.0, ""pullback_rsi"": 30, ""session_filter"": ""London_NY""}",1.6357713433596575,17.030161583607732,16.43732510405756,603.3799266316083,16.046817821565686,14.119669103412994,0.7213688508652537,10286,14.119669103412994,8.603643431062208,9.140677998844472,A_if_A_hits_first_else_B
M5,trend_pullback,fixed_tp_plus_mr,"{""adx_threshold"": 20, ""atr_stop"": 3.0, ""atr_target"": 1.5, ""confirmation_bars"": 2, ""leg_a_atr_target"": 1.0, ""pullback_rsi"": 35, ""session_filter"": ""NY""}",1.3585400413079771,9.260443630179731,9.362063302260664,218.2289724906449,28.094836118159066,10.40699425997325,0.662215684055675,8837,10.40699425997325,11.602967495855355,9.135491372387142,A_if_A_hits_first_else_B
M5,trend_pullback,fixed_tp_plus_mr,"{""adx_threshold"": 25, ""atr_stop"": 2.0, ""atr_target"": 1.0, ""confirmation_bars"": 1, ""leg_a_atr_target"": 1.0, ""pullback_rsi"": 30, ""session_filter"": ""London_NY""}",1.6380933130639546,17.25299902958075,16.70425299744592,595.7271842736113,16.54263981093942,14.102604801121167,0.7208547987025377,10482,14.102604801121167,8.603643431062208,9.135169886983192,A_if_A_hits_first_else_B
M5,trend_pullback,fixed_tp_plus_mr,"{""adx_threshold"": 20, ""atr_stop"": 3.0, ""atr_target"": 1.0, ""confirmation_bars"": 2, ""leg_a_atr_target"": 0.8, ""pullback_rsi"": 35, ""session_filter"": ""London_NY""}",1.6811594046333245,22.64029221436754,17.23717988294224,749.5957713003754,23.92140982221059,12.86818556569159,0.7618888144675151,20902,12.86818556569159,9.516239815796613,9.122404746027197,A_if_A_hits_first_else_B
M5,trend_pullback,fixed_tp_plus_mr,"{""adx_threshold"": 25, ""atr_stop"": 2.0, ""atr_target"": 1.0, ""confirmation_bars"": 2, ""leg_a_atr_target"": 0.8, ""pullback_rsi"": 30, ""session_filter"": ""London""}",1.9261170343900538,19.80161921727757,17.1519831863075,492.1559613676367,17.32727039822166,14.525981298058873,0.746422893481717,8806,14.525981298058873,8.112583601503417,9.119979481875154,A_if_A_hits_first_else_B
M5,trend_pullback,fixed_tp_plus_mr,"{""adx_threshold"": 20, ""atr_stop"": 3.0, ""atr_target"": 1.0, ""confirmation_bars"": 1, ""leg_a_atr_target"": 0.8, ""pullback_rsi"": 35, ""session_filter"": ""London_NY""}",1.6787661037947315,22.784289341055537,17.418170846776196,759.1933019709408,23.924497089613297,12.86111070392117,0.761470921450151,21184,12.86111070392117,9.516239815796613,9.119449884239831,A_if_A_hits_first_else_B
M5,trend_pullback,fixed_tp_plus_mr,"{""adx_threshold"": 20, ""atr_stop"": 2.0, ""atr_target"": 1.5, ""confirmation_bars"": 2, ""leg_a_atr_target"": 0.8, ""pullback_rsi"": 30, ""session_filter"": ""NY""}",1.5238253936537578,12.606461380143113,14.23769057270798,429.1374931606125,14.953526362115522,11.731478641589392,0.6550883607556368,8205,11.731478641589392,10.455315857879743,9.115674739332922,A_if_A_hits_first_else_B
M5,trend_pullback,fixed_tp_plus_mr,"{""adx_threshold"": 25, ""atr_stop"": 2.0, ""atr_target"": 1.0, ""confirmation_bars"": 1, ""leg_a_atr_target"": 0.8, ""pullback_rsi"": 30, ""session_filter"": ""London""}",1.9251291866419462,20.035357884152983,17.441493127483245,499.54688705065365,17.38583278803689,14.500843691084691,0.7462154942119323,8984,14.500843691084691,8.112583601503417,9.110983749884568,A_if_A_hits_first_else_B
M5,trend_pullback,fixed_tp_plus_mr,"{""adx_threshold"": 20, ""atr_stop"": 2.0, ""atr_target"": 1.5, ""confirmation_bars"": 1, ""leg_a_atr_target"": 1.0, ""pullback_rsi"": 30, ""session_filter"": ""NY""}",1.4435345479472252,10.919738167594641,13.253640720156524,250.83952573850786,23.367070058456726,11.725896448443121,0.632702053881035,7498,11.725896448443121,10.455315857879743,9.097662802590422,A_if_A_hits_first_else_B
M5,trend_pullback,fixed_tp_plus_mr,"{""adx_threshold"": 20, ""atr_stop"": 2.0, ""atr_target"": 1.0, ""confirmation_bars"": 1, ""leg_a_atr_target"": 0.8, ""pullback_rsi"": 30, ""session_filter"": ""London_NY""}",1.8097449053547665,26.333824885164542,23.940072994261975,1070.7728475923584,15.546765326503847,13.878713466688549,0.7367163183637172,17992,13.878713466688549,8.603643431062208,9.091138238389938,A_if_A_hits_first_else_B
M5,trend_pullback,fixed_tp_plus_mr,"{""adx_threshold"": 25, ""atr_stop"": 3.0, ""atr_target"": 1.0, ""confirmation_bars"": 1, ""leg_a_atr_target"": 1.0, ""pullback_rsi"": 35, ""session_filter"": null}",1.5401608205354325,18.005427970155274,14.645664862851174,644.0065682642252,25.949486749811246,13.570517466947715,0.7809657860545691,18472,13.570517466947715,8.96138405641435,9.090336102925244,A_if_A_hits_first_else_B
M5,trend_pullback,fixed_tp_plus_mr,"{""adx_threshold"": 25, ""atr_stop"": 2.0, ""atr_target"": 1.5, ""confirmation_bars"": 1, ""leg_a_atr_target"": 1.0, ""pullback_rsi"": 30, ""session_filter"": ""NY""}",1.4299000246747424,8.76472616889434,11.276619556916893,154.8465266323779,25.54442908944903,11.697947908048889,0.626577287066246,5072,11.697947908048889,10.455315857879743,9.085153908797945,A_if_A_hits_first_else_B
M5,trend_pullback,fixed_tp_plus_mr,"{""adx_threshold"": 20, ""atr_stop"": 3.0, ""atr_target"": 1.0, ""confirmation_bars"": 2, ""leg_a_atr_target"": 1.0, ""pullback_rsi"": 35, ""session_filter"": null}",1.5537324178799576,22.49484194810408,18.321538265550807,950.5998249372591,25.312928346629988,13.393831780627048,0.7800207807629509,26948,13.393831780627048,8.96138405641435,9.031210432181917,A_if_A_hits_first_else_B
M5,trend_pullback,fixed_tp_plus_mr,"{""adx_threshold"": 25, ""atr_stop"": 3.0, ""atr_target"": 1.0, ""confirmation_bars"": 2, ""leg_a_atr_target"": 1.0, ""pullback_rsi"": 35, ""session_filter"": null}",1.529939870100121,17.563223760083755,14.26167068648168,640.9984806312851,25.338132890165976,13.388962973700197,0.7807210375906792,18196,13.388962973700197,8.96138405641435,9.02474784020155,A_if_A_hits_first_else_B
M5,trend_pullback,fixed_tp_plus_mr,"{""adx_threshold"": 20, ""atr_stop"": 2.0, ""atr_target"": 1.0, ""confirmation_bars"": 2, ""leg_a_atr_target"": 0.8, ""pullback_rsi"": 30, ""session_filter"": ""London_NY""}",1.7935804245653062,25.70147071651439,23.28552766418968,1040.2449518781928,15.546765326503847,13.693083214831704,0.7360578008579814,17716,13.693083214831704,8.603643431062208,9.02293475408215,A_if_A_hits_first_else_B
M5,trend_pullback,fixed_tp_plus_mr,"{""adx_threshold"": 20, ""atr_stop"": 1.5, ""atr_target"": 1.0, ""confirmation_bars"": 1, ""leg_a_atr_target"": 0.8, ""pullback_rsi"": 35, ""session_filter"": ""NY""}",1.7280431476478417,21.56328974405313,26.311165868943863,453.06722717015845,24.29742999694374,13.54598347343276,0.6719442165709598,12190,13.54598347343276,8.70610176484228,9.00444863941006,A_if_A_hits_first_else_B
M5,trend_pullback,fixed_tp_plus_mr,"{""adx_threshold"": 20, ""atr_stop"": 2.0, ""atr_target"": 1.0, ""confirmation_bars"": 1, ""leg_a_atr_target"": 1.0, ""pullback_rsi"": 30, ""session_filter"": ""London_NY""}",1.6324347459669786,21.199817863571532,20.8007827320919,606.2064195075665,23.685984724728254,13.693981427220612,0.7203713123092573,15728,13.693981427220612,8.603643431062208,8.991019992698602,A_if_A_hits_first_else_B
M5,trend_pullback,fixed_tp_plus_mr,"{""adx_threshold"": 25, ""atr_stop"": 1.5, ""atr_target"": 1.0, ""confirmation_bars"": 1, ""leg_a_atr_target"": 0.8, ""pullback_rsi"": 35, ""session_filter"": ""NY""}",1.7033184704877642,17.235384568897327,21.991222919625542,266.7614258938188,27.54582001861185,13.47462510803066,0.6651589242053789,8180,13.47462510803066,8.70610176484228,8.974528276087309,A_if_A_hits_first_else_B
M5,trend_pullback,fixed_tp_plus_mr,"{""adx_threshold"": 20, ""atr_stop"": 2.5, ""atr_target"": 1.0, ""confirmation_bars"": 1, ""leg_a_atr_target"": 0.8, ""pullback_rsi"": 35, ""session_filter"": ""London_NY""}",1.6790055285517462,24.110479818805633,20.339173481911768,777.8268083123598,24.06947293468932,12.68763981468569,0.7437878377157314,22134,12.68763981468569,9.305610853010347,8.963999924704996,A_if_A_hits_first_else_B
M5,trend_pullback,fixed_tp_plus_mr,"{""adx_threshold"": 25, ""atr_stop"": 2.0, ""atr_target"": 1.0, ""confirmation_bars"": 1, ""leg_a_atr_target"": 1.0, ""pullback_rsi"": 30, ""session_filter"": ""London""}",1.712284161098904,16.008138033740035,14.660749091402298,318.3620605933099,23.500161056631793,14.201897680835096,0.7312072892938497,7902,14.201897680835096,8.112583601503417,8.963783641188602,A_if_A_hits_first_else_B
M5,trend_pullback,fixed_tp_plus_mr,"{""adx_threshold"": 20, ""atr_stop"": 2.0, ""atr_target"": 1.5, ""confirmation_bars"": 2, ""leg_a_atr_target"": 1.0, ""pullback_rsi"": 30, ""session_filter"": ""NY""}",1.4264470470410093,10.499648351071738,12.683199481643362,212.99963432598554,26.317143507339853,11.351846787298244,0.6315647360604834,7407,11.351846787298244,10.455315857879743,8.963327921008473,A_if_A_hits_first_else_B
M5,trend_pullback,fixed_tp_plus_mr,"{""adx_threshold"": 20, ""atr_stop"": 2.5, ""atr_target"": 1.0, ""confirmation_bars"": 2, ""leg_a_atr_target"": 0.8, ""pullback_rsi"": 35, ""session_filter"": ""London_NY""}",1.676802735723143,23.83408899494908,20.023308634028986,765.2491188504783,24.06132097459221,12.653757736417251,0.7442158794154029,21827,12.653757736417251,9.305610853010347,8.951700638745322,A_if_A_hits_first_else_B
M5,trend_pullback,fixed_tp_plus_mr,"{""adx_threshold"": 25, ""atr_stop"": 2.0, ""atr_target"": 1.0, ""confirmation_bars"": 2, ""leg_a_atr_target"": 1.0, ""pullback_rsi"": 30, ""session_filter"": ""London""}",1.7059175707853906,15.69696444245145,14.318756049235697,344.135126576863,21.189596143851023,14.16488801685462,0.7316757316757316,7722,14.16488801685462,8.112583601503417,8.949556940732734,A_if_A_hits_first_else_B
M5,trend_pullback,fixed_tp_plus_mr,"{""adx_threshold"": 20, ""atr_stop"": 3.0, ""atr_target"": 1.0, ""confirmation_bars"": 1, ""leg_a_atr_target"": 1.0, ""pullback_rsi"": 35, ""session_filter"": null}",1.53957001423241,22.2090610512013,18.180322056652244,900.7441410162544,26.51313506193256,13.14194973971403,0.7786337955829481,27258,13.14194973971403,8.96138405641435,8.940219237132851,A_if_A_hits_first_else_B
M5,trend_pullback,fixed_tp_plus_mr,"{""adx_threshold"": 20, ""atr_stop"": 2.0, ""atr_target"": 1.0, ""confirmation_bars"": 2, ""leg_a_atr_target"": 1.0, ""pullback_rsi"": 30, ""session_filter"": ""London_NY""}",1.6232790325385382,20.772221128580334,20.27634201008342,590.7714110279119,23.685984724728254,13.541615436206355,0.720516129032258,15500,13.541615436206355,8.603643431062208,8.935860753157925,A_if_A_hits_first_else_B
M5,trend_pullback,fixed_tp_plus_mr,"{""adx_threshold"": 25, ""atr_stop"": 2.0, ""atr_target"": 1.0, ""confirmation_bars"": 2, ""leg_a_atr_target"": 0.8, ""pullback_rsi"": 30, ""session_filter"": null}",1.8285310506110484,26.47821409578101,25.13278679089306,798.5290515456338,22.687287133942466,14.114520758227707,0.7351062172129019,19253,14.114520758227707,8.04681547440955,8.926855438986205,A_if_A_hits_first_else_B
M5,trend_pullback,fixed_tp_plus_mr,"{""adx_threshold"": 25, ""atr_stop"": 2.0, ""atr_target"": 1.0, ""confirmation_bars"": 1, ""leg_a_atr_target"": 0.8, ""pullback_rsi"": 30, ""session_filter"": null}",1.8254449669988697,26.716496046611184,25.47101319663702,730.5878479019871,25.192623468365134,14.081473449014029,0.7346730592675712,19606,14.081473449014029,8.04681547440955,8.91467166403898,A_if_A_hits_first_else_B
M5,trend_pullback,fixed_tp_plus_mr,"{""adx_threshold"": 25, ""atr_stop"": 2.0, ""atr_target"": 1.0, ""confirmation_bars"": 2, ""leg_a_atr_target"": 1.0, ""pullback_rsi"": 30, ""session_filter"": null}",1.6555231210366963,21.50115453011883,21.988452282296787,622.8575039089066,25.40060164216898,14.162946410204512,0.7183098591549296,16756,14.162946410204512,8.04681547440955,8.909202831263217,A_if_A_hits_first_else_B
M5,trend_pullback,fixed_tp_plus_mr,"{""adx_threshold"": 20, ""atr_stop"": 1.5, ""atr_target"": 1.0, ""confirmation_bars"": 2, ""leg_a_atr_target"": 0.8, ""pullback_rsi"": 35, ""session_filter"": ""NY""}",1.7067782415876327,20.950477545866715,25.45764479185119,438.02637785631543,24.29742999694374,13.226489543635461,0.6710024855012428,12070,13.226489543635461,8.70610176484228,8.888372782768963,A_if_A_hits_first_else_B
M5,trend_pullback,fixed_tp_plus_mr,"{""adx_threshold"": 25, ""atr_stop"": 2.0, ""atr_target"": 1.0, ""confirmation_bars"": 1, ""leg_a_atr_target"": 1.0, ""pullback_rsi"": 30, ""session_filter"": null}",1.6527661742614062,21.683335969801462,22.26228880996225,551.6740056929002,29.12186037621527,14.099379856344484,0.7174116545752399,17092,14.099379856344484,8.04681547440955,8.886403148057148,A_if_A_hits_first_else_B
M5,trend_pullback,fixed_tp_plus_mr,"{""adx_threshold"": 25, ""atr_stop"": 3.0, ""atr_target"": 1.0, ""confirmation_bars"": 1, ""leg_a_atr_target"": 0.8, ""pullback_rsi"": 35, ""session_filter"": null}",1.6730444596040157,22.566344245103384,17.65230466285984,821.3919390928652,23.648351426145137,12.73185398794242,0.7573082805331003,22885,12.73185398794242,8.96138405641435,8.823380613087108,A_if_A_hits_first_else_B
M5,trend_pullback,fixed_tp_plus_mr,"{""adx_threshold"": 25, ""atr_stop"": 2.0, ""atr_target"": 1.0, ""confirmation_bars"": 2, ""leg_a_atr_target"": 0.8, ""pullback_rsi"": 35, ""session_filter"": ""London_NY""}",1.7263402462522868,22.180021541290177,21.589442946328727,476.2407433741792,28.377421817368838,13.141272327252405,0.7195643718397511,15426,13.141272327252405,8.603643431062208,8.816352907766792,A_if_A_hits_first_else_B
M5,trend_pullback,fixed_tp_plus_mr,"{""adx_threshold"": 25, ""atr_stop"": 2.0, ""atr_target"": 1.0, ""confirmation_bars"": 1, ""leg_a_atr_target"": 0.8, ""pullback_rsi"": 35, ""session_filter"": ""London_NY""}",1.7225137488064441,22.27341554080459,21.746236519707157,513.179353091664,26.590748636156935,13.097475540689203,0.7195418479651907,15628,13.097475540689203,8.603643431062208,8.800258732980502,A_if_A_hits_first_else_B
M5,trend_pullback,fixed_tp_plus_mr,"{""adx_threshold"": 25, ""atr_stop"": 3.0, ""atr_target"": 1.0, ""confirmation_bars"": 2, ""leg_a_atr_target"": 0.8, ""pullback_rsi"": 35, ""session_filter"": null}",1.6628082811197917,22.105489188219927,17.291204424423967,868.7150388742617,21.81177167355909,12.593522582289253,0.7563028933492845,22569,12.593522582289253,8.96138405641435,8.772917385411656,A_if_A_hits_first_else_B
M5,trend_pullback,fixed_tp_plus_mr,"{""adx_threshold"": 25, ""atr_stop"": 2.0, ""atr_target"": 1.5, ""confirmation_bars"": 2, ""leg_a_atr_target"": 0.8, ""pullback_rsi"": 35, ""session_filter"": ""NY""}",1.4700524652520435,10.87579235833359,13.726424156756213,245.63156954842614,21.53272962668655,10.763366249216354,0.6303079636412969,7371,10.763366249216354,10.455315857879743,8.766080816322019,A_if_A_hits_first_else_B
M5,trend_pullback,fixed_tp_plus_mr,"{""adx_threshold"": 25, ""atr_stop"": 2.5, ""atr_target"": 1.0, ""confirmation_bars"": 1, ""leg_a_atr_target"": 0.8, ""pullback_rsi"": 35, ""session_filter"": ""London""}",1.736212970612607,17.265468356543956,13.707458255281523,336.8094336912227,28.325944366607132,12.840437793924634,0.7545984746523104,11145,12.840437793924634,8.715546198274893,8.763391611219845,A_if_A_hits_first_else_B
M5,trend_pullback,fixed_tp_plus_mr,"{""adx_threshold"": 25, ""atr_stop"": 2.5, ""atr_target"": 1.0, ""confirmation_bars"": 2, ""leg_a_atr_target"": 0.8, ""pullback_rsi"": 35, ""session_filter"": ""London""}",1.7338267777493614,17.062302329310985,13.521868432335816,322.87235715240996,29.077157118295915,12.79512573788183,0.7536798110121752,11006,12.79512573788183,8.715546198274893,8.747055153032214,A_if_A_hits_first_else_B
M5,trend_pullback,fixed_tp_plus_mr,"{""adx_threshold"": 25, ""atr_stop"": 2.0, ""atr_target"": 1.5, ""confirmation_bars"": 1, ""leg_a_atr_target"": 0.8, ""pullback_rsi"": 35, ""session_filter"": ""NY""}",1.4681149080918845,10.922904850707653,13.790076030124776,279.23587954747995,19.108272055537483,10.694244696807614,0.6304115446285409,7484,10.694244696807614,10.455315857879743,8.741500761546927,A_if_A_hits_first_else_B
M5,trend_pullback,fixed_tp_plus_mr,"{""adx_threshold"": 25, ""atr_stop"": 1.0, ""atr_target"": 1.0, ""confirmation_bars"": 1, ""leg_a_atr_target"": 0.8, ""pullback_rsi"": 30, ""session_filter"": ""NY""}",1.8490663913315355,18.50705424488821,30.282975299165777,335.1267021948724,18.470791783117484,13.600532160255522,0.6055368390215321,6827,13.600532160255522,8.021364766151521,8.739613679123924,A_if_A_hits_first_else_B
M5,trend_pullback,fixed_tp_plus_mr,"{""adx_threshold"": 25, ""atr_stop"": 1.0, ""atr_target"": 1.0, ""confirmation_bars"": 2, ""leg_a_atr_target"": 0.8, ""pullback_rsi"": 30, ""session_filter"": ""NY""}",1.8386210510585088,18.192208809690303,29.763541691156156,265.08407649918814,22.87321940004716,13.544287955081469,0.6047654504839911,6715,13.544287955081469,8.021364766151521,8.7178391392584,A_if_A_hits_first_else_B
M5,trend_pullback,fixed_tp_plus_mr,"{""adx_threshold"": 25, ""atr_stop"": 3.0, ""atr_target"": 1.0, ""confirmation_bars"": 1, ""leg_a_atr_target"": 1.0, ""pullback_rsi"": 35, ""session_filter"": ""London""}",1.5266334755828699,11.93312717883987,8.800699823143631,257.1882965877962,28.614656424828468,12.538655287392091,0.7878237164925034,8804,12.538655287392091,8.886377819354099,8.692726064413149,A_if_A_hits_first_else_B
M5,trend_pullback,fixed_tp_plus_mr,"{""adx_threshold"": 20, ""atr_stop"": 2.0, ""atr_target"": 1.0, ""confirmation_bars"": 1, ""leg_a_atr_target"": 0.8, ""pullback_rsi"": 30, ""session_filter"": ""London""}",1.849002897405546,23.608290550510272,20.83449717853285,897.378504220041,13.689374178736882,13.335377902978028,0.7414965986394558,13818,13.335377902978028,8.112583601503417,8.687845466199956,A_if_A_hits_first_else_B
M5,trend_pullback,fixed_tp_plus_mr,"{""adx_threshold"": 25, ""atr_stop"": 3.0, ""atr_target"": 1.0, ""confirmation_bars"": 1, ""leg_a_atr_target"": 0.8, ""pullback_rsi"": 35, ""session_filter"": ""London""}",1.6899978697207347,15.441197310168741,11.00366193741503,363.3782652162963,24.326184542983288,12.403564179458435,0.7696913002806361,10690,12.403564179458435,8.886377819354099,8.678117055463945,A_if_A_hits_first_else_B
M5,trend_pullback,fixed_tp_plus_mr,"{""adx_threshold"": 20, ""atr_stop"": 2.0, ""atr_target"": 1.0, ""confirmation_bars"": 2, ""leg_a_atr_target"": 0.8, ""pullback_rsi"": 30, ""session_filter"": ""London""}",1.844121336846544,23.264159317555286,20.450416245379014,880.0309341976047,13.689374178736882,13.304821911825636,0.7414960977764689,13582,13.304821911825636,8.112583601503417,8.676174557184819,A_if_A_hits_first_else_B
M5,trend_pullback,fixed_tp_plus_mr,"{""adx_threshold"": 20, ""atr_stop"": 2.0, ""atr_target"": 1.0, ""confirmation_bars"": 1, ""leg_a_atr_target"": 0.8, ""pullback_rsi"": 35, ""session_filter"": ""London_NY""}",1.716041890477313,27.374943149189168,26.675975114035783,983.9922250270644,20.152392025472356,12.688092651598918,0.7191485731348377,23443,12.688092651598918,8.603643431062208,8.655680350133078,A_if_A_hits_first_else_B
M5,trend_pullback,fixed_tp_plus_mr,"{""adx_threshold"": 25, ""atr_stop"": 3.0, ""atr_target"": 1.0, ""confirmation_bars"": 2, ""leg_a_atr_target"": 1.0, ""pullback_rsi"": 35, ""session_filter"": ""London""}",1.5179749252921597,11.678834814844143,8.607533187372848,253.20802963571526,28.382983615900915,12.425310090880107,0.7876901798063624,8676,12.425310090880107,8.886377819354099,8.651323535575813,A_if_A_hits_first_else_B
M5,trend_pullback,fixed_tp_plus_mr,"{""adx_threshold"": 20, ""atr_stop"": 3.0, ""atr_target"": 1.0, ""confirmation_bars"": 2, ""leg_a_atr_target"": 0.8, ""pullback_rsi"": 35, ""session_filter"": null}",1.6652230723736259,27.376419957697923,21.4238627999712,1308.3721027817294,20.87304617634689,12.206366798513328,0.7536054827175208,33560,12.206366798513328,8.96138405641435,8.637895819340846,A_if_A_hits_first_else_B
M5,trend_pullback,fixed_tp_plus_mr,"{""adx_threshold"": 20, ""atr_stop"": 2.0, ""atr_target"": 1.0, ""confirmation_bars"": 2, ""leg_a_atr_target"": 1.0, ""pullback_rsi"": 30, ""session_filter"": ""London""}",1.6690934099565462,18.987544428268322,17.776479127529864,597.1919089690434,17.660703489525524,13.289855381358352,0.727486559139785,11904,13.289855381358352,8.112583601503417,8.63593068614327,A_if_A_hits_first_else_B
M5,trend_pullback,fixed_tp_plus_mr,"{""adx_threshold"": 25, ""atr_stop"": 3.0, ""atr_target"": 1.5, ""confirmation_bars"": 2, ""leg_a_atr_target"": 0.8, ""pullback_rsi"": 30, ""session_filter"": ""London_NY""}",1.5289853294075304,12.827264517942314,11.324149296720996,376.10798804828124,21.629529032268554,11.535789345942181,0.6908678389109473,10578,11.535789345942181,9.516239815796613,8.625631254069745,A_if_A_hits_first_else_B
M5,trend_pullback,fixed_tp_plus_mr,"{""adx_threshold"": 25, ""atr_stop"": 3.0, ""atr_target"": 1.0, ""confirmation_bars"": 2, ""leg_a_atr_target"": 0.8, ""pullback_rsi"": 35, ""session_filter"": ""London""}",1.6764565097155713,15.081397308294095,10.753206679197126,354.7780134669982,24.28097353475211,12.235141874402157,0.7682037685825206,10561,12.235141874402157,8.886377819354099,8.616460976693213,A_if_A_hits_first_else_B
M5,trend_pullback,fixed_tp_plus_mr,"{""adx_threshold"": 20, ""atr_stop"": 2.0, ""atr_target"": 1.0, ""confirmation_bars"": 1, ""leg_a_atr_target"": 1.0, ""pullback_rsi"": 30, ""session_filter"": null}",1.632588188690731,26.124363748129134,26.664753479255612,965.5997977914261,23.48777094650781,13.338958718153654,0.7173776662484316,25504,13.338958718153654,8.04681547440955,8.616220152576222,A_if_A_hits_first_else_B
M5,trend_pullback,fixed_tp_plus_mr,"{""adx_threshold"": 20, ""atr_stop"": 2.0, ""atr_target"": 1.0, ""confirmation_bars"": 1, ""leg_a_atr_target"": 1.0, ""pullback_rsi"": 30, ""session_filter"": ""London""}",1.6649492795216991,19.082263106798326,17.978702331479493,597.5250192458992,17.83920061822904,13.225023191983562,0.7263854425144748,12090,13.225023191983562,8.112583601503417,8.612410593775124,A_if_A_hits_first_else_B
M5,trend_pullback,fixed_tp_plus_mr,"{""adx_threshold"": 20, ""atr_stop"": 2.0, ""atr_target"": 1.0, ""confirmation_bars"": 2, ""leg_a_atr_target"": 1.0, ""pullback_rsi"": 30, ""session_filter"": null}",1.6307853902860987,25.851726452935495,26.306175380091673,919.3034705439617,24.27326673350629,13.315199110640298,0.7173203914392553,25138,13.315199110640298,8.04681547440955,8.60754373026562,A_if_A_hits_first_else_B
M5,trend_pullback,fixed_tp_plus_mr,"{""adx_threshold"": 20, ""atr_stop"": 2.0, ""atr_target"": 1.0, ""confirmation_bars"": 2, ""leg_a_atr_target"": 0.8, ""pullback_rsi"": 35, ""session_filter"": ""London_NY""}",1.7058753956486465,26.846962942029894,26.04723733657587,960.7655749964823,20.148748818383815,12.551800970835751,0.7188985908187084,23134,12.551800970835751,8.603643431062208,8.605944962900237,A_if_A_hits_first_else_B
M5,trend_pullback,fixed_tp_plus_mr,"{""adx_threshold"": 20, ""atr_stop"": 3.0, ""atr_target"": 1.0, ""confirmation_bars"": 1, ""leg_a_atr_target"": 0.8, ""pullback_rsi"": 35, ""session_filter"": null}",1.653750588721463,27.23283779644086,21.371006918386417,1314.4868862178982,20.77211826828811,12.055754744634815,0.7528920024725517,33973,12.055754744634815,8.96138405641435,8.582887103752936,A_if_A_hits_first_else_B
M5,trend_pullback,fixed_tp_plus_mr,"{""adx_threshold"": 20, ""atr_stop"": 2.0, ""atr_target"": 1.0, ""confirmation_bars"": 1, ""leg_a_atr_target"": 0.8, ""pullback_rsi"": 30, ""session_filter"": null}",1.7845598834227918,31.75391762028308,29.979403593826564,1438.5399544503966,17.891691565422526,13.155303695214212,0.7320680137663135,29347,13.155303695214212,8.04681547440955,8.582335233493831,A_if_A_hits_first_else_B
M5,trend_pullback,fixed_tp_plus_mr,"{""adx_threshold"": 25, ""atr_stop"": 3.0, ""atr_target"": 1.5, ""confirmation_bars"": 1, ""leg_a_atr_target"": 0.8, ""pullback_rsi"": 30, ""session_filter"": ""London_NY""}",1.5241997507760827,12.864536982559287,11.383691977493944,498.88995248784255,16.381695440617676,11.411146690924417,0.6894722144652332,10743,11.411146690924417,9.516239815796613,8.581049209087237,A_if_A_hits_first_else_B
M5,trend_pullback,fixed_tp_plus_mr,"{""adx_threshold"": 20, ""atr_stop"": 2.0, ""atr_target"": 1.0, ""confirmation_bars"": 2, ""leg_a_atr_target"": 0.8, ""pullback_rsi"": 30, ""session_filter"": null}",1.780811757147531,31.37595929206766,29.547121931364167,1367.11893021902,18.497528918307747,13.114989081263495,0.7320471596998929,28923,13.114989081263495,8.04681547440955,8.567475493356028,A_if_A_hits_first_else_B
M5,trend_pullback,fixed_tp_plus_mr,"{""adx_threshold"": 20, ""atr_stop"": 2.0, ""atr_target"": 1.5, ""confirmation_bars"": 1, ""leg_a_atr_target"": 0.8, ""pullback_rsi"": 35, ""session_filter"": ""NY""}",1.4502508082144874,12.831974864228753,15.235307605674322,365.39977704537233,20.44948537481314,10.130473693938873,0.6320498915401301,11064,10.130473693938873,10.455315857879743,8.540608090567387,A_if_A_hits_first_else_B
M5,trend_pullback,fixed_tp_plus_mr,"{""adx_threshold"": 20, ""atr_stop"": 3.0, ""atr_target"": 1.0, ""confirmation_bars"": 2, ""leg_a_atr_target"": 0.8, ""pullback_rsi"": 35, ""session_filter"": ""London""}",1.684054469815493,19.41794257175142,14.264968200907573,487.7999103135168,26.04525477205433,11.947407317943188,0.7681023133345872,15951,11.947407317943188,8.886377819354099,8.517273473952558,A_if_A_hits_first_else_B
M5,trend_pullback,fixed_tp_plus_mr,"{""adx_threshold"": 25, ""atr_stop"": 3.0, ""atr_target"": 1.5, ""confirmation_bars"": 1, ""leg_a_atr_target"": 1.0, ""pullback_rsi"": 30, ""session_filter"": ""London_NY""}",1.425912879426985,10.63296937523125,9.776273285403512,237.23052327652783,29.992416353617674,11.219042298795634,0.681383370125092,9513,11.219042298795634,9.516239815796613,8.494155297572345,A_if_A_hits_first_else_B
M5,trend_pullback,fixed_tp_plus_mr,"{""adx_threshold"": 20, ""atr_stop"": 1.0, ""atr_target"": 1.0, ""confirmation_bars"": 1, ""leg_a_atr_target"": 0.8, ""pullback_rsi"": 30, ""session_filter"": ""NY""}",1.80483805229679,21.860053352266473,35.09675127381457,364.601006925052,24.032959344599604,12.841877640102364,0.6023448949682462,10235,12.841877640102364,8.021364766151521,8.46523892926337,A_if_A_hits_first_else_B
M5,trend_pullback,fixed_tp_plus_mr,"{""adx_threshold"": 20, ""atr_stop"": 1.0, ""atr_target"": 1.0, ""confirmation_bars"": 2, ""leg_a_atr_target"": 0.8, ""pullback_rsi"": 30, ""session_filter"": ""NY""}",1.804143254230947,21.710461777287772,34.74118099198492,359.4829478864821,24.032959344599604,12.81182264700836,0.6027681660899654,10115,12.81182264700836,8.021364766151521,8.4545807220673,A_if_A_hits_first_else_B
M5,trend_pullback,fixed_tp_plus_mr,"{""adx_threshold"": 20, ""atr_stop"": 2.0, ""atr_target"": 1.5, ""confirmation_bars"": 2, ""leg_a_atr_target"": 0.8, ""pullback_rsi"": 35, ""session_filter"": ""NY""}",1.4377415647566836,12.45497797387219,14.690570270064471,353.18307996743283,20.44948537481314,9.884688268830473,0.6313868613138686,10960,9.884688268830473,10.455315857879743,8.452081343087887,A_if_A_hits_first_else_B
M5,trend_pullback,fixed_tp_plus_mr,"{""adx_threshold"": 20, ""atr_stop"": 2.5, ""atr_target"": 1.0, ""confirmation_bars"": 2, ""leg_a_atr_target"": 0.8, ""pullback_rsi"": 35, ""session_filter"": ""London""}",1.695048401796345,20.784502054454514,16.76105224796632,468.00730123980514,28.443817335417393,11.940364337834097,0.7505232314776057,16723,11.940364337834097,8.715546198274893,8.440132987824905,A_if_A_hits_first_else_B
M5,trend_pullback,fixed_tp_plus_mr,"{""adx_threshold"": 25, ""atr_stop"": 2.5, ""atr_target"": 1.5, ""confirmation_bars"": 2, ""leg_a_atr_target"": 0.8, ""pullback_rsi"": 30, ""session_filter"": ""London_NY""}",1.5207628148337433,13.239628791343229,12.557582356773255,436.04856874558453,18.66265444343938,11.208094425289447,0.6748691580203838,10891,11.208094425289447,9.305610853010347,8.414510495672712,A_if_A_hits_first_else_B
M5,trend_pullback,fixed_tp_plus_mr,"{""adx_threshold"": 20, ""atr_stop"": 2.5, ""atr_target"": 1.0, ""confirmation_bars"": 1, ""leg_a_atr_target"": 0.8, ""pullback_rsi"": 35, ""session_filter"": ""London""}",1.6879251200676562,20.82933894853728,16.872850463505436,451.92325869591815,29.66213758011651,11.838395532905098,0.7495437150426847,16985,11.838395532905098,8.715546198274893,8.403019249754017,A_if_A_hits_first_else_B
M5,trend_pullback,fixed_tp_plus_mr,"{""adx_threshold"": 25, ""atr_stop"": 2.0, ""atr_target"": 1.0, ""confirmation_bars"": 2, ""leg_a_atr_target"": 0.8, ""pullback_rsi"": 35, ""session_filter"": ""London""}",1.7514165232457168,19.092209750375464,17.40208743281248,336.7695582574871,28.801308901386168,12.572680706823267,0.7277048047010024,11572,12.572680706823267,8.112583601503417,8.401384172713826,A_if_A_hits_first_else_B
M5,trend_pullback,fixed_tp_plus_mr,"{""adx_threshold"": 20, ""atr_stop"": 2.0, ""atr_target"": 1.5, ""confirmation_bars"": 1, ""leg_a_atr_target"": 1.0, ""pullback_rsi"": 35, ""session_filter"": ""NY""}",1.3633719672455484,10.46108776362821,13.151111379100264,253.1541215182244,25.262227541176085,9.768691986934725,0.6118126272912424,9820,9.768691986934725,10.455315857879743,8.396608724922148,A_if_A_hits_first_else_B
M5,trend_pullback,fixed_tp_plus_mr,"{""adx_threshold"": 25, ""atr_stop"": 2.0, ""atr_target"": 1.0, ""confirmation_bars"": 1, ""leg_a_atr_target"": 0.8, ""pullback_rsi"": 35, ""session_filter"": ""London""}",1.7451561661981607,19.154227842058123,17.50682732224579,364.6980355916974,26.84400977045363,12.507398386877762,0.7279618431138745,11741,12.507398386877762,8.112583601503417,8.377283289323387,A_if_A_hits_first_else_B
M5,trend_pullback,fixed_tp_plus_mr,"{""adx_threshold"": 25, ""atr_stop"": 1.0, ""atr_target"": 1.0, ""confirmation_bars"": 1, ""leg_a_atr_target"": 1.0, ""pullback_rsi"": 30, ""session_filter"": ""NY""}",1.667106271042566,14.912712215701083,26.317659147239343,181.64286688483782,29.241803967621006,12.634550679265187,0.5559784332381859,6306,12.634550679265187,8.021364766151521,8.365128136719512,A_if_A_hits_first_else_B
M5,trend_pullback,fixed_tp_plus_mr,"{""adx_threshold"": 25, ""atr_stop"": 1.5, ""atr_target"": 1.0, ""confirmation_bars"": 1, ""leg_a_atr_target"": 0.8, ""pullback_rsi"": 30, ""session_filter"": ""London_NY""}",1.81685528924566,22.98113861687524,24.380251407513015,879.788124421092,13.065769463500773,13.528962899660696,0.6925853275794429,12745,13.528962899660696,7.240250699923929,8.356620887696144,A_if_A_hits_first_else_B
M5,trend_pullback,fixed_tp_plus_mr,"{""adx_threshold"": 25, ""atr_stop"": 1.5, ""atr_target"": 1.0, ""confirmation_bars"": 2, ""leg_a_atr_target"": 0.8, ""pullback_rsi"": 30, ""session_filter"": ""London_NY""}",1.8124030269617273,22.651319168644587,23.945372401257202,1026.4391232721212,10.982189019563409,13.521649502818109,0.6930027988804478,12505,13.521649502818109,7.240250699923929,8.353170746344452,A_if_A_hits_first_else_B
M5,trend_pullback,fixed_tp_plus_mr,"{""adx_threshold"": 25, ""atr_stop"": 2.0, ""atr_target"": 1.0, ""confirmation_bars"": 2, ""leg_a_atr_target"": 0.8, ""pullback_rsi"": 35, ""session_filter"": null}",1.704531473858064,26.717853025264237,26.839866266214916,740.7443919657791,28.08885978866213,12.403130806241997,0.7138258554226443,25163,12.403130806241997,8.04681547440955,8.303069040440608,A_if_A_hits_first_else_B
M5,trend_pullback,fixed_tp_plus_mr,"{""adx_threshold"": 25, ""atr_stop"": 2.5, ""atr_target"": 1.5, ""confirmation_bars"": 1, ""leg_a_atr_target"": 0.8, ""pullback_rsi"": 30, ""session_filter"": ""London_NY""}",1.504693051785413,13.02592094268826,12.339072171042073,490.56740184431357,16.361449262836306,10.892599731218432,0.6737537320184566,11053,10.892599731218432,9.305610853010347,8.30087340013819,A_if_A_hits_first_else_B
M5,trend_pullback,fixed_tp_plus_mr,"{""adx_threshold"": 25, ""atr_stop"": 2.0, ""atr_target"": 1.0, ""confirmation_bars"": 1, ""leg_a_atr_target"": 0.8, ""pullback_rsi"": 35, ""session_filter"": null}",1.6998914597171202,26.835260575909476,27.002522929626938,731.2830679721634,28.775286972896147,12.357326942402313,0.7139333672630467,25543,12.357326942402313,8.04681547440955,8.286109685268531,A_if_A_hits_first_else_B
M5,trend_pullback,fixed_tp_plus_mr,"{""adx_threshold"": 25, ""atr_stop"": 1.5, ""atr_target"": 1.5, ""confirmation_bars"": 2, ""leg_a_atr_target"": 0.8, ""pullback_rsi"": 30, ""session_filter"": ""NY""}",1.5410783286673602,11.15551749697828,15.604083975523588,342.7242512478018,13.029414765046909,11.564648876591223,0.6085980662983426,5792,11.564648876591223,8.70610176484228,8.273588566719427,A_if_A_hits_first_else_B
M5,trend_pullback,fixed_tp_plus_mr,"{""adx_threshold"": 20, ""atr_stop"": 2.0, ""atr_target"": 1.5, ""confirmation_bars"": 2, ""leg_a_atr_target"": 1.0, ""pullback_rsi"": 35, ""session_filter"": ""NY""}",1.3482271036559428,10.019239609592299,12.516571376830058,227.00680067356723,26.87267567497114,9.424678335328455,0.6111854979915542,9709,9.424678335328455,10.455315857879743,8.273174974142032,A_if_A_hits_first_else_B
M5,trend_pullback,fixed_tp_plus_mr,"{""adx_threshold"": 25, ""atr_stop"": 1.5, ""atr_target"": 1.5, ""confirmation_bars"": 1, ""leg_a_atr_target"": 0.8, ""pullback_rsi"": 30, ""session_filter"": ""NY""}",1.5441301235543796,11.298626156231705,15.760848432313697,401.8283617541612,11.281106012703155,11.534525058166743,0.6096692111959288,5895,11.534525058166743,8.70610176484228,8.263655589248263,A_if_A_hits_first_else_B
M5,trend_pullback,fixed_tp_plus_mr,"{""adx_threshold"": 20, ""atr_stop"": 3.0, ""atr_target"": 1.5, ""confirmation_bars"": 1, ""leg_a_atr_target"": 0.8, ""pullback_rsi"": 30, ""session_filter"": ""London_NY""}",1.4901455549733107,15.044343883149779,13.469213109786992,618.8321836488958,18.126627189546248,10.407626912132454,0.6841096059875054,16167,10.407626912132454,9.516239815796613,8.223006447349496,A_if_A_hits_first_else_B
M5,trend_pullback,fixed_tp_plus_mr,"{""adx_threshold"": 20, ""atr_stop"": 3.0, ""atr_target"": 1.5, ""confirmation_bars"": 2, ""leg_a_atr_target"": 0.8, ""pullback_rsi"": 30, ""session_filter"": ""London_NY""}",1.4875005638725343,14.857798730323266,13.28144441347765,554.5141252538723,19.857061449424553,10.385143102119022,0.6843561368209256,15904,10.385143102119022,9.516239815796613,8.21460811562464,A_if_A_hits_first_else_B
M5,trend_pullback,fixed_tp_plus_mr,"{""adx_threshold"": 25, ""atr_stop"": 3.0, ""atr_target"": 1.5, ""confirmation_bars"": 2, ""leg_a_atr_target"": 0.8, ""pullback_rsi"": 30, ""session_filter"": ""London""}",1.5573530123471073,11.315999513088457,9.563019012514644,236.03328947153668,24.89589788290438,11.140534640386862,0.6932507583417593,7912,11.140534640386862,8.886377819354099,8.209527745314167,A_if_A_hits_first_else_B
M5,trend_pullback,fixed_tp_plus_mr,"{""adx_threshold"": 20, ""atr_stop"": 2.0, ""atr_target"": 1.0, ""confirmation_bars"": 1, ""leg_a_atr_target"": 1.0, ""pullback_rsi"": 35, ""session_filter"": null}",1.5550629715521016,26.499668154450173,28.51137567482306,915.8625664601536,28.46317875274452,12.134601512274697,0.7054369414101291,32224,12.134601512274697,8.04681547440955,8.179190087090863,A_if_A_hits_first_else_B
M5,trend_pullback,fixed_tp_plus_mr,"{""adx_threshold"": 25, ""atr_stop"": 3.0, ""atr_target"": 1.5, ""confirmation_bars"": 1, ""leg_a_atr_target"": 0.8, ""pullback_rsi"": 30, ""session_filter"": ""London""}",1.5506460983846664,11.348904283707485,9.623421328567954,253.02717576417584,23.334988503153202,10.99786335050734,0.691295169502049,8053,10.99786335050734,8.886377819354099,8.158251411063846,A_if_A_hits_first_else_B
M5,trend_pullback,fixed_tp_plus_mr,"{""adx_threshold"": 25, ""atr_stop"": 2.5, ""atr_target"": 1.5, ""confirmation_bars"": 1, ""leg_a_atr_target"": 1.0, ""pullback_rsi"": 30, ""session_filter"": ""London_NY""}",1.4077692204440029,10.732742929082297,10.659555686478715,252.19120048055544,27.55154296652037,10.537240970303827,0.659488423819634,9891,10.537240970303827,9.305610853010347,8.157113067549796,A_if_A_hits_first_else_B
M5,trend_pullback,fixed_tp_plus_mr,"{""adx_threshold"": 20, ""atr_stop"": 1.5, ""atr_target"": 1.0, ""confirmation_bars"": 1, ""leg_a_atr_target"": 0.8, ""pullback_rsi"": 30, ""session_filter"": ""London_NY""}",1.794856881491578,27.962885319647565,30.242249048001174,1037.7494656737706,16.04570668168127,12.96503259948576,0.6899039709317415,19265,12.96503259948576,7.240250699923929,8.1548456010841,A_if_A_hits_first_else_B
M5,trend_pullback,fixed_tp_plus_mr,"{""adx_threshold"": 20, ""atr_stop"": 2.0, ""atr_target"": 1.0, ""confirmation_bars"": 1, ""leg_a_atr_target"": 0.8, ""pullback_rsi"": 35, ""session_filter"": ""London""}",1.7251098639956899,23.794602173050322,22.175039998700086,539.511392715089,26.35899808851444,11.883165090503722,0.7254191967021336,17951,11.883165090503722,8.112583601503417,8.154792375151978,A_if_A_hits_first_else_B
M5,trend_pullback,fixed_tp_plus_mr,"{""adx_threshold"": 20, ""atr_stop"": 2.0, ""atr_target"": 1.0, ""confirmation_bars"": 2, ""leg_a_atr_target"": 0.8, ""pullback_rsi"": 35, ""session_filter"": ""London""}",1.724070520569478,23.542214552659424,21.851402176219185,556.7112190162098,25.164735709350982,11.878489649799517,0.7253970945678594,17691,11.878489649799517,8.112583601503417,8.152948102220265,A_if_A_hits_first_else_B
M5,trend_pullback,fixed_tp_plus_mr,"{""adx_threshold"": 20, ""atr_stop"": 1.5, ""atr_target"": 1.0, ""confirmation_bars"": 2, ""leg_a_atr_target"": 0.8, ""pullback_rsi"": 30, ""session_filter"": ""London_NY""}",1.7925240142516567,27.664501857863247,29.770655630123724,1019.2631479921166,16.04570668168127,12.92256439959598,0.6904761904761905,18984,12.92256439959598,7.240250699923929,8.139515157674692,A_if_A_hits_first_else_B
M5,trend_pullback,fixed_tp_plus_mr,"{""adx_threshold"": 20, ""atr_stop"": 2.5, ""atr_target"": 1.5, ""confirmation_bars"": 2, ""leg_a_atr_target"": 0.8, ""pullback_rsi"": 30, ""session_filter"": ""London_NY""}",1.5004416242303817,15.881150034397617,15.132789169343635,522.7947184510019,21.846721924750785,10.424110895400764,0.672528141162154,16435,10.424110895400764,9.305610853010347,8.136052022090999,A_if_A_hits_first_else_B
M5,trend_pullback,fixed_tp_plus_mr,"{""adx_threshold"": 20, ""atr_stop"": 2.5, ""atr_target"": 1.5, ""confirmation_bars"": 1, ""leg_a_atr_target"": 0.8, ""pullback_rsi"": 30, ""session_filter"": ""London_NY""}",1.4983732215441963,15.968586071817692,15.275358786655573,525.5822277427353,21.99448845932635,10.388131059053421,0.671998562185478,16692,10.388131059053421,9.305610853010347,8.123045398832192,A_if_A_hits_first_else_B
M5,trend_pullback,fixed_tp_plus_mr,"{""adx_threshold"": 20, ""atr_stop"": 2.0, ""atr_target"": 1.0, ""confirmation_bars"": 1, ""leg_a_atr_target"": 0.8, ""pullback_rsi"": 35, ""session_filter"": null}",1.6822257386569772,32.53229670889193,32.573061210792424,1233.9187239073608,24.28787337355851,11.789020397379444,0.7110825553341026,38132,11.789020397379444,8.04681547440955,8.083669250298499,A_if_A_hits_first_else_B
M5,trend_pullback,fixed_tp_plus_mr,"{""adx_threshold"": 25, ""atr_stop"": 1.5, ""atr_target"": 1.0, ""confirmation_bars"": 2, ""leg_a_atr_target"": 0.8, ""pullback_rsi"": 30, ""session_filter"": ""London""}",1.872402458185411,20.427312387764445,21.138868497537437,678.9594956613445,12.243499759903683,13.280712145245475,0.6996485248695282,9389,13.280712145245475,6.786500606794842,8.076655015530678,A_if_A_hits_first_else_B
M5,trend_pullback,fixed_tp_plus_mr,"{""adx_threshold"": 25, ""atr_stop"": 1.5, ""atr_target"": 1.0, ""confirmation_bars"": 1, ""leg_a_atr_target"": 0.8, ""pullback_rsi"": 30, ""session_filter"": ""London""}",1.8745177229725565,20.728893524832294,21.573851230019727,653.7216765531367,12.992889911156908,13.267312989677938,0.6988441112152453,9603,13.267312989677938,6.786500606794842,8.072388364039469,A_if_A_hits_first_else_B
M5,trend_pullback,fixed_tp_plus_mr,"{""adx_threshold"": 20, ""atr_stop"": 2.0, ""atr_target"": 1.0, ""confirmation_bars"": 2, ""leg_a_atr_target"": 0.8, ""pullback_rsi"": 35, ""session_filter"": null}",1.6781303568100547,32.16063181105591,32.02310848546961,1152.334648375864,25.540541646106956,11.723729715222975,0.7112545145527938,37656,11.723729715222975,8.04681547440955,8.05999843517435,A_if_A_hits_first_else_B
M5,trend_pullback,fixed_tp_plus_mr,"{""adx_threshold"": 25, ""atr_stop"": 3.0, ""atr_target"": 1.5, ""confirmation_bars"": 2, ""leg_a_atr_target"": 0.8, ""pullback_rsi"": 30, ""session_filter"": null}",1.5005082105196184,15.012930183003224,13.671791142777396,482.3524057217146,25.30965779943942,10.599827211929554,0.68082889557768,17276,10.599827211929554,8.96138405641435,8.042663991665725,A_if_A_hits_first_else_B
M5,trend_pullback,fixed_tp_plus_mr,"{""adx_threshold"": 20, ""atr_stop"": 1.5, ""atr_target"": 1.5, ""confirmation_bars"": 1, ""leg_a_atr_target"": 0.8, ""pullback_rsi"": 30, ""session_filter"": ""NY""}",1.5149134854141248,13.267072592104542,17.781628042643824,577.1223353661524,10.99840864060415,10.817019904527552,0.6095205635082935,8802,10.817019904527552,8.70610176484228,8.006685457846494,A_if_A_hits_first_else_B
M5,trend_pullback,fixed_tp_plus_mr,"{""adx_threshold"": 25, ""atr_stop"": 1.5, ""atr_target"": 1.0, ""confirmation_bars"": 1, ""leg_a_atr_target"": 1.0, ""pullback_rsi"": 30, ""session_filter"": ""London_NY""}",1.616187985539054,18.067113645822644,20.686476798136002,454.7164894726248,21.190826506789143,12.63437706056459,0.6582167832167832,11440,12.63437706056459,7.240250699923929,8.003382383271186,A_if_A_hits_first_else_B
M5,trend_pullback,fixed_tp_plus_mr,"{""adx_threshold"": 25, ""atr_stop"": 2.5, ""atr_target"": 1.5, ""confirmation_bars"": 2, ""leg_a_atr_target"": 0.8, ""pullback_rsi"": 30, ""session_filter"": ""London""}",1.5478649478298099,11.656762287708728,10.494341583723436,277.64812670775467,21.104130633236437,10.77514221425859,0.6767193821257815,8157,10.77514221425859,8.715546198274893,8.002868553780171,A_if_A_hits_first_else_B
M5,trend_pullback,fixed_tp_plus_mr,"{""adx_threshold"": 25, ""atr_stop"": 1.5, ""atr_target"": 1.5, ""confirmation_bars"": 2, ""leg_a_atr_target"": 1.0, ""pullback_rsi"": 30, ""session_filter"": ""NY""}",1.4322233478538804,9.14983593833026,13.71554602319768,170.4290897918705,22.531477203828228,10.814924384664085,0.5719113781449493,5326,10.814924384664085,8.70610176484228,7.989413998382232,A_if_A_hits_first_else_B
M5,trend_pullback,fixed_tp_plus_mr,"{""adx_threshold"": 25, ""atr_stop"": 1.5, ""atr_target"": 1.0, ""confirmation_bars"": 2, ""leg_a_atr_target"": 1.0, ""pullback_rsi"": 30, ""session_filter"": ""London_NY""}",1.6100123080628796,17.743316541528976,20.245917467984434,516.0495505172004,18.243522899815478,12.581827056708825,0.6585887384176764,11224,12.581827056708825,7.240250699923929,7.983754746426433,A_if_A_hits_first_else_B
M5,trend_pullback,fixed_tp_plus_mr,"{""adx_threshold"": 25, ""atr_stop"": 1.5, ""atr_target"": 1.5, ""confirmation_bars"": 1, ""leg_a_atr_target"": 1.0, ""pullback_rsi"": 30, ""session_filter"": ""NY""}",1.432270123869228,9.226070970056314,13.824154966926699,184.90454443878082,20.992305257875977,10.764205880275608,0.5720096136069514,5409,10.764205880275608,8.70610176484228,7.971671877049334,A_if_A_hits_first_else_B
M5,trend_pullback,fixed_tp_plus_mr,"{""adx_threshold"": 20, ""atr_stop"": 1.5, ""atr_target"": 1.0, ""confirmation_bars"": 1, ""leg_a_atr_target"": 1.0, ""pullback_rsi"": 30, ""session_filter"": ""London_NY""}",1.6255600122155458,22.697909158617247,26.610601647311015,554.9785134844293,25.931735362891196,12.495562581415522,0.6579069228988191,17276,12.495562581415522,7.240250699923929,7.9566717209043105,A_if_A_hits_first_else_B
M5,trend_pullback,fixed_tp_plus_mr,"{""adx_threshold"": 20, ""atr_stop"": 1.5, ""atr_target"": 1.0, ""confirmation_bars"": 2, ""leg_a_atr_target"": 1.0, ""pullback_rsi"": 30, ""session_filter"": ""London_NY""}",1.626643471844925,22.536638194622682,26.261012859493388,546.7801288066071,25.931735362891196,12.49320747347906,0.6590695488721805,17024,12.49320747347906,7.240250699923929,7.956064125052424,A_if_A_hits_first_else_B
M5,trend_pullback,fixed_tp_plus_mr,"{""adx_threshold"": 25, ""atr_stop"": 2.5, ""atr_target"": 1.5, ""confirmation_bars"": 2, ""leg_a_atr_target"": 1.0, ""pullback_rsi"": 30, ""session_filter"": ""London""}",1.452235434389672,9.822762959822425,9.229971761692923,192.23069835695978,26.94426194812578,10.629732434671759,0.6649336434532768,7309,10.629732434671759,8.715546198274893,7.932849228236751,A_if_A_hits_first_else_B
M5,trend_pullback,fixed_tp_plus_mr,"{""adx_threshold"": 20, ""atr_stop"": 1.5, ""atr_target"": 1.5, ""confirmation_bars"": 2, ""leg_a_atr_target"": 0.8, ""pullback_rsi"": 30, ""session_filter"": ""NY""}",1.500933505826071,12.902850672920657,17.20598855716918,565.3901125971655,10.8544025068424,10.567624593362323,0.6084261278842842,8711,10.567624593362323,8.70610176484228,7.916601103021053,A_if_A_hits_first_else_B
M5,trend_pullback,fixed_tp_plus_mr,"{""adx_threshold"": 25, ""atr_stop"": 2.0, ""atr_target"": 1.5, ""confirmation_bars"": 2, ""leg_a_atr_target"": 0.8, ""pullback_rsi"": 30, ""session_filter"": ""London_NY""}",1.508930092984989,13.856565705029443,14.631383296797198,414.3086874934314,19.296897032438434,10.566841240028381,0.6502775574940524,11349,10.566841240028381,8.603643431062208,7.871819996584925,A_if_A_hits_first_else_B
M5,trend_pullback,fixed_tp_plus_mr,"{""adx_threshold"": 20, ""atr_stop"": 1.5, ""atr_target"": 1.5, ""confirmation_bars"": 1, ""leg_a_atr_target"": 1.0, ""pullback_rsi"": 30, ""session_filter"": ""NY""}",1.4286298757339218,11.244172307131,16.217270690586403,282.18351329662175,19.941043641629403,10.464357339938513,0.5748822216712125,8066,10.464357339938513,8.70610176484228,7.865996838304289,A_if_A_hits_first_else_B
M5,trend_pullback,fixed_tp_plus_mr,"{""adx_threshold"": 25, ""atr_stop"": 2.5, ""atr_target"": 1.5, ""confirmation_bars"": 1, ""leg_a_atr_target"": 0.8, ""pullback_rsi"": 30, ""session_filter"": ""London""}",1.5213907934953392,11.324270640571878,10.184854106493617,291.9214350960107,19.560807230319437,10.332121082589738,0.674788902291918,8290,10.332121082589738,8.715546198274893,7.842516326829179,A_if_A_hits_first_else_B
M5,trend_pullback,fixed_tp_plus_mr,"{""adx_threshold"": 20, ""atr_stop"": 1.5, ""atr_target"": 1.0, ""confirmation_bars"": 2, ""leg_a_atr_target"": 0.8, ""pullback_rsi"": 30, ""session_filter"": ""London""}",1.8319562855086609,24.932038820369815,26.327677328833634,850.2787783128304,14.26721920571476,12.480569666827718,0.6957475994513032,14580,12.480569666827718,6.786500606794842,7.788515913549112,A_if_A_hits_first_else_B
M5,trend_pullback,fixed_tp_plus_mr,"{""adx_threshold"": 25, ""atr_stop"": 2.5, ""atr_target"": 1.5, ""confirmation_bars"": 1, ""leg_a_atr_target"": 1.0, ""pullback_rsi"": 30, ""session_filter"": ""London""}",1.4320334785425817,9.567341245480957,8.975294452933896,236.82766231732612,21.35849547673834,10.177630894106857,0.6631790744466801,7455,10.177630894106857,8.715546198274893,7.770573297869618,A_if_A_hits_first_else_B
M5,trend_pullback,fixed_tp_plus_mr,"{""adx_threshold"": 20, ""atr_stop"": 1.5, ""atr_target"": 1.0, ""confirmation_bars"": 1, ""leg_a_atr_target"": 0.8, ""pullback_rsi"": 30, ""session_filter"": ""London""}",1.8256947856727157,25.042045655568153,26.578779874500228,860.6603580249694,14.26721920571476,12.42417874159652,0.6947723440134908,14825,12.42417874159652,6.786500606794842,7.767526789751004,A_if_A_hits_first_else_B
M5,trend_pullback,fixed_tp_plus_mr,"{""adx_threshold"": 25, ""atr_stop"": 2.0, ""atr_target"": 1.5, ""confirmation_bars"": 1, ""leg_a_atr_target"": 0.8, ""pullback_rsi"": 30, ""session_filter"": ""London_NY""}",1.4940160596681253,13.667550848018182,14.396521859528468,400.378942363157,19.741338782603624,10.268512483905612,0.6494890005196605,11546,10.268512483905612,8.603643431062208,7.764422125278583,A_if_A_hits_first_else_B
M5,trend_pullback,fixed_tp_plus_mr,"{""adx_threshold"": 20, ""atr_stop"": 1.5, ""atr_target"": 1.5, ""confirmation_bars"": 2, ""leg_a_atr_target"": 1.0, ""pullback_rsi"": 30, ""session_filter"": ""NY""}",1.4117930908897294,10.812379286438826,15.511997493362253,269.73821567604915,19.941043641629403,10.114444397539229,0.5735238811583302,7977,10.114444397539229,8.70610176484228,7.740159951495701,A_if_A_hits_first_else_B
M5,trend_pullback,fixed_tp_plus_mr,"{""adx_threshold"": 25, ""atr_stop"": 1.5, ""atr_target"": 1.0, ""confirmation_bars"": 1, ""leg_a_atr_target"": 1.0, ""pullback_rsi"": 30, ""session_filter"": ""London""}",1.6594336938320038,16.367489278983147,18.173916021078757,417.92956775274183,17.134333255154466,12.412083125245154,0.6655881673214699,8654,12.412083125245154,6.786500606794842,7.7300411056598834,A_if_A_hits_first_else_B
M5,trend_pullback,fixed_tp_plus_mr,"{""adx_threshold"": 25, ""atr_stop"": 1.5, ""atr_target"": 1.0, ""confirmation_bars"": 2, ""leg_a_atr_target"": 1.0, ""pullback_rsi"": 30, ""session_filter"": ""London""}",1.651683862244258,16.010511101473675,17.689442658347442,398.2845786452011,17.46795558483978,12.347167528219895,0.6661145291055371,8452,12.347167528219895,6.786500606794842,7.705770680383494,A_if_A_hits_first_else_B
M5,trend_pullback,fixed_tp_plus_mr,"{""adx_threshold"": 20, ""atr_stop"": 3.0, ""atr_target"": 1.5, ""confirmation_bars"": 2, ""leg_a_atr_target"": 0.8, ""pullback_rsi"": 30, ""session_filter"": null}",1.4684092028296605,17.58650358509909,16.07078308467365,618.0294871818149,26.6674072929405,9.596997702091208,0.6754658385093167,25760,9.596997702091208,8.96138405641435,7.685253861684312,A_if_A_hits_first_else_B
M5,trend_pullback,fixed_tp_plus_mr,"{""adx_threshold"": 20, ""atr_stop"": 3.0, ""atr_target"": 1.5, ""confirmation_bars"": 1, ""leg_a_atr_target"": 0.8, ""pullback_rsi"": 30, ""session_filter"": null}",1.4675582978215589,17.71474260066647,16.222493345310703,642.1789452541077,26.03038499731454,9.576171621295734,0.6748777879621143,26184,9.576171621295734,8.96138405641435,7.6777945524042766,A_if_A_hits_first_else_B
M5,trend_pullback,fixed_tp_plus_mr,"{""adx_threshold"": 25, ""atr_stop"": 1.5, ""atr_target"": 1.0, ""confirmation_bars"": 1, ""leg_a_atr_target"": 0.8, ""pullback_rsi"": 30, ""session_filter"": null}",1.7773488797320296,27.41242637115853,31.130974108732225,648.2852929507635,27.537190101752145,12.66275737846165,0.6830283255308082,21147,12.66275737846165,6.414378065091739,7.673904987699266,A_if_A_hits_first_else_B
M5,trend_pullback,fixed_tp_plus_mr,"{""adx_threshold"": 25, ""atr_stop"": 1.0, ""atr_target"": 1.0, ""confirmation_bars"": 2, ""leg_a_atr_target"": 0.8, ""pullback_rsi"": 30, ""session_filter"": ""London_NY""}",1.8279122641279206,24.846654935329596,37.3397903866402,605.9129677429792,18.80463029597498,12.260368740972437,0.6067431850789096,13940,12.260368740972437,6.684331330682401,7.664660610973017,A_if_A_hits_first_else_B
M5,trend_pullback,fixed_tp_plus_mr,"{""adx_threshold"": 25, ""atr_stop"": 1.5, ""atr_target"": 1.0, ""confirmation_bars"": 2, ""leg_a_atr_target"": 0.8, ""pullback_rsi"": 30, ""session_filter"": null}",1.7691482387264998,26.888270346724042,30.44190727787962,667.8357009910528,26.05604963314516,12.58703778642703,0.6829821092732796,20737,12.58703778642703,6.414378065091739,7.645763002286043,A_if_A_hits_first_else_B
M5,trend_pullback,fixed_tp_plus_mr,"{""adx_threshold"": 20, ""atr_stop"": 3.0, ""atr_target"": 1.5, ""confirmation_bars"": 2, ""leg_a_atr_target"": 0.8, ""pullback_rsi"": 30, ""session_filter"": ""London""}",1.4829220336086435,12.792073162162849,11.179840619977659,337.4613464905416,22.962552712174425,9.555623919488344,0.6846432094705689,12164,9.555623919488344,8.886377819354099,7.639922797251994,A_if_A_hits_first_else_B
M5,trend_pullback,fixed_tp_plus_mr,"{""adx_threshold"": 25, ""atr_stop"": 1.0, ""atr_target"": 1.0, ""confirmation_bars"": 1, ""leg_a_atr_target"": 0.8, ""pullback_rsi"": 30, ""session_filter"": ""London_NY""}",1.8241417958486514,25.007244950948472,37.73847904965659,714.3462054252905,16.148196806175402,12.18271116625239,0.6055058790396395,14203,12.18271116625239,6.684331330682401,7.6367263661651466,A_if_A_hits_first_else_B
M5,trend_pullback,fixed_tp_plus_mr,"{""adx_threshold"": 20, ""atr_stop"": 1.5, ""atr_target"": 1.0, ""confirmation_bars"": 2, ""leg_a_atr_target"": 1.0, ""pullback_rsi"": 30, ""session_filter"": ""London""}",1.6585998107859201,20.39486332187208,23.10152091301728,525.6643789840101,20.117314859633133,12.093956796105775,0.6655992680695334,13116,12.093956796105775,6.786500606794842,7.618530113851884,A_if_A_hits_first_else_B
M5,trend_pullback,fixed_tp_plus_mr,"{""adx_threshold"": 25, ""atr_stop"": 2.0, ""atr_target"": 1.5, ""confirmation_bars"": 2, ""leg_a_atr_target"": 0.8, ""pullback_rsi"": 30, ""session_filter"": ""London""}",1.5474422047477698,12.547484838436576,12.773084231934298,280.2326912965656,21.039871101051,10.395027685437865,0.6524447578749413,8508,10.395027685437865,8.112583601503417,7.598410751529345,A_if_A_hits_first_else_B
M5,trend_pullback,fixed_tp_plus_mr,"{""adx_threshold"": 20, ""atr_stop"": 3.0, ""atr_target"": 1.5, ""confirmation_bars"": 1, ""leg_a_atr_target"": 0.8, ""pullback_rsi"": 30, ""session_filter"": ""London""}",1.4763251168915814,12.762979302200002,11.162482728394636,302.4068279563537,25.733773717447818,9.4251944463948,0.6838918046023416,12385,9.4251944463948,8.886377819354099,7.592953098325841,A_if_A_hits_first_else_B
M5,trend_pullback,fixed_tp_plus_mr,"{""adx_threshold"": 20, ""atr_stop"": 1.5, ""atr_target"": 1.0, ""confirmation_bars"": 1, ""leg_a_atr_target"": 1.0, ""pullback_rsi"": 30, ""session_filter"": ""London""}",1.6475866383611326,20.328773563916357,23.178312798413767,528.2910580794246,20.117314859633133,11.957467993826016,0.6638163816381638,13332,11.957467993826016,6.786500606794842,7.568556398569011,A_if_A_hits_first_else_B
M5,trend_pullback,fixed_tp_plus_mr,"{""adx_threshold"": 25, ""atr_stop"": 2.0, ""atr_target"": 1.5, ""confirmation_bars"": 2, ""leg_a_atr_target"": 1.0, ""pullback_rsi"": 30, ""session_filter"": ""London_NY""}",1.3921811203350272,10.948833756739253,12.035984715294068,241.8463357870711,27.492091848685305,9.750017122973105,0.6269430051813472,10229,9.750017122973105,8.603643431062208,7.562581761085585,A_if_A_hits_first_else_B
M5,trend_pullback,fixed_tp_plus_mr,"{""adx_threshold"": 20, ""atr_stop"": 2.5, ""atr_target"": 1.5, ""confirmation_bars"": 2, ""leg_a_atr_target"": 0.8, ""pullback_rsi"": 30, ""session_filter"": ""London""}",1.4933337169966594,13.536373690525751,12.431918717573364,267.73578148347286,29.82224066728544,9.51817640146691,0.6723356910116824,12583,9.51817640146691,8.715546198274893,7.552024273136452,A_if_A_hits_first_else_B
M5,trend_pullback,fixed_tp_plus_mr,"{""adx_threshold"": 20, ""atr_stop"": 1.0, ""atr_target"": 1.0, ""confirmation_bars"": 1, ""leg_a_atr_target"": 0.8, ""pullback_rsi"": 35, ""session_filter"": ""NY""}",1.5970320620492269,20.00653207971607,32.031501122049434,328.58486872050236,29.163368535170658,10.321673439871446,0.5781272440040213,13926,10.321673439871446,8.021364766151521,7.541606261133037,A_if_A_hits_first_else_B
M5,trend_pullback,fixed_tp_plus_mr,"{""adx_threshold"": 20, ""atr_stop"": 1.0, ""atr_target"": 1.0, ""confirmation_bars"": 2, ""leg_a_atr_target"": 0.8, ""pullback_rsi"": 35, ""session_filter"": ""NY""}",1.5977644442953682,19.905405328399326,31.758100053960828,324.6804965898306,29.163368535170658,10.317568986885906,0.5788900188871132,13766,10.317568986885906,8.021364766151521,7.540316179037324,A_if_A_hits_first_else_B
M5,trend_pullback,fixed_tp_plus_mr,"{""adx_threshold"": 20, ""atr_stop"": 2.0, ""atr_target"": 1.5, ""confirmation_bars"": 1, ""leg_a_atr_target"": 0.8, ""pullback_rsi"": 30, ""session_filter"": ""London_NY""}",1.4753871720093727,16.414596539052308,17.555564054373782,472.60755319756777,23.5683789069024,9.631018464397318,0.6464145722849897,17348,9.631018464397318,8.603643431062208,7.537573440918929,A_if_A_hits_first_else_B
M5,trend_pullback,fixed_tp_plus_mr,"{""adx_threshold"": 20, ""atr_stop"": 2.0, ""atr_target"": 1.5, ""confirmation_bars"": 2, ""leg_a_atr_target"": 0.8, ""pullback_rsi"": 30, ""session_filter"": ""London_NY""}",1.4659177308222764,16.026917881686128,17.082029970101605,447.2471261344473,24.205123722347416,9.491208155837809,0.6455666608217897,17109,9.491208155837809,8.603643431062208,7.486745944685682,A_if_A_hits_first_else_B
M5,trend_pullback,fixed_tp_plus_mr,"{""adx_threshold"": 25, ""atr_stop"": 2.0, ""atr_target"": 1.5, ""confirmation_bars"": 1, ""leg_a_atr_target"": 0.8, ""pullback_rsi"": 30, ""session_filter"": ""London""}",1.5276824459660114,12.340198208836942,12.515535278656245,277.1069043924428,20.981755675730557,10.049877905082267,0.65141737727587,8678,10.049877905082267,8.112583601503417,7.473656376648534,A_if_A_hits_first_else_B
M5,trend_pullback,fixed_tp_plus_mr,"{""adx_threshold"": 20, ""atr_stop"": 1.5, ""atr_target"": 1.0, ""confirmation_bars"": 2, ""leg_a_atr_target"": 0.8, ""pullback_rsi"": 30, ""session_filter"": null}",1.7586448522989941,33.17756596301072,37.666840787072914,1039.4717290408964,24.207858348692348,12.05720382083965,0.6807858169621466,31305,12.05720382083965,6.414378065091739,7.458220437044959,A_if_A_hits_first_else_B
M5,trend_pullback,fixed_tp_plus_mr,"{""adx_threshold"": 25, ""atr_stop"": 1.5, ""atr_target"": 1.0, ""confirmation_bars"": 2, ""leg_a_atr_target"": 1.0, ""pullback_rsi"": 30, ""session_filter"": null}",1.6046780158651268,21.69449198027724,26.546865147057915,534.1471291387445,28.056435046981726,12.144460481533947,0.650783360345759,18510,12.144460481533947,6.414378065091739,7.45796690100119,A_if_A_hits_first_else_B
M5,trend_pullback,fixed_tp_plus_mr,"{""adx_threshold"": 25, ""atr_stop"": 2.0, ""atr_target"": 1.5, ""confirmation_bars"": 1, ""leg_a_atr_target"": 1.0, ""pullback_rsi"": 30, ""session_filter"": ""London_NY""}",1.3796466686957947,10.765299385446276,11.801014636188171,248.77139267880636,26.33353177475266,9.423229824161089,0.6263904871499808,10428,9.423229824161089,8.603643431062208,7.445699316173533,A_if_A_hits_first_else_B
M5,trend_pullback,fixed_tp_plus_mr,"{""adx_threshold"": 20, ""atr_stop"": 1.5, ""atr_target"": 1.5, ""confirmation_bars"": 1, ""leg_a_atr_target"": 0.8, ""pullback_rsi"": 35, ""session_filter"": ""NY""}",1.4334404316582336,13.225486599465645,18.431705678372893,250.48968053848668,29.099455594245384,9.24545070477729,0.5921697953661424,11826,9.24545070477729,8.70610176484228,7.4403416271827245,A_if_A_hits_first_else_B
M5,trend_pullback,fixed_tp_plus_mr,"{""adx_threshold"": 20, ""atr_stop"": 1.5, ""atr_target"": 1.0, ""confirmation_bars"": 1, ""leg_a_atr_target"": 0.8, ""pullback_rsi"": 30, ""session_filter"": null}",1.751762550707884,33.21876495532013,37.84539270977586,1049.8834017981176,24.1696950406199,11.986472201071852,0.6795780192095733,31755,11.986472201071852,6.414378065091739,7.432087909808008,A_if_A_hits_first_else_B
M5,trend_pullback,fixed_tp_plus_mr,"{""adx_threshold"": 20, ""atr_stop"": 1.5, ""atr_target"": 1.0, ""confirmation_bars"": 2, ""leg_a_atr_target"": 1.0, ""pullback_rsi"": 30, ""session_filter"": null}",1.6177504931572375,27.503951060358734,33.782521506014,796.530916704987,27.907666892251093,11.931574908456827,0.651685393258427,27946,11.931574908456827,6.414378065091739,7.38607144588262,A_if_A_hits_first_else_B
M5,trend_pullback,fixed_tp_plus_mr,"{""adx_threshold"": 20, ""atr_stop"": 1.5, ""atr_target"": 1.5, ""confirmation_bars"": 2, ""leg_a_atr_target"": 0.8, ""pullback_rsi"": 35, ""session_filter"": ""NY""}",1.4253094213364952,12.951225431750803,17.92322110999409,244.12798160621224,29.099455594245384,9.09369093710029,0.592336576207544,11718,9.09369093710029,8.70610176484228,7.385599506431427,A_if_A_hits_first_else_B
M5,trend_pullback,fixed_tp_plus_mr,"{""adx_threshold"": 25, ""atr_stop"": 1.0, ""atr_target"": 1.0, ""confirmation_bars"": 2, ""leg_a_atr_target"": 0.8, ""pullback_rsi"": 30, ""session_filter"": ""London""}",1.8744541421254959,22.194263984249673,33.11681338150953,589.581948482225,14.144021491345377,11.959642055036612,0.6129649106033082,10459,11.959642055036612,6.255537313903666,7.375757338944562,A_if_A_hits_first_else_B
M5,trend_pullback,fixed_tp_plus_mr,"{""adx_threshold"": 20, ""atr_stop"": 1.0, ""atr_target"": 1.0, ""confirmation_bars"": 2, ""leg_a_atr_target"": 0.8, ""pullback_rsi"": 30, ""session_filter"": ""London_NY""}",1.778862059801211,29.648004928424644,45.12438500770554,681.134608772962,23.708594462493284,11.383043383764486,0.6015037593984962,21280,11.383043383764486,6.684331330682401,7.347786695084892,A_if_A_hits_first_else_B
M5,trend_pullback,fixed_tp_plus_mr,"{""adx_threshold"": 20, ""atr_stop"": 1.5, ""atr_target"": 1.0, ""confirmation_bars"": 1, ""leg_a_atr_target"": 1.0, ""pullback_rsi"": 30, ""session_filter"": null}",1.6097471404644823,27.444366358295007,33.84030621691057,801.5716118843626,27.870282312857174,11.818452661276686,0.6502786203004867,28354,11.818452661276686,6.414378065091739,7.344877988831018,A_if_A_hits_first_else_B
M5,trend_pullback,fixed_tp_plus_mr,"{""adx_threshold"": 25, ""atr_stop"": 2.0, ""atr_target"": 1.5, ""confirmation_bars"": 2, ""leg_a_atr_target"": 1.0, ""pullback_rsi"": 30, ""session_filter"": ""London""}",1.428316468370099,10.055402552636668,10.527966161583008,167.02409575986036,29.8222807370555,9.734930567303033,0.6312703583061889,7675,9.734930567303033,8.112583601503417,7.343551612906619,A_if_A_hits_first_else_B
M5,trend_pullback,fixed_tp_plus_mr,"{""adx_threshold"": 25, ""atr_stop"": 1.0, ""atr_target"": 1.0, ""confirmation_bars"": 1, ""leg_a_atr_target"": 0.8, ""pullback_rsi"": 30, ""session_filter"": ""London""}",1.862837182573202,22.240449452246004,33.40688214610554,734.3310668597585,11.470634154995595,11.819330706168222,0.6107577174929841,10690,11.819330706168222,6.255537313903666,7.324324974930168,A_if_A_hits_first_else_B
M5,trend_pullback,fixed_tp_plus_mr,"{""adx_threshold"": 20, ""atr_stop"": 1.0, ""atr_target"": 1.0, ""confirmation_bars"": 1, ""leg_a_atr_target"": 0.8, ""pullback_rsi"": 30, ""session_filter"": ""London_NY""}",1.7678678641633265,29.56933458906005,45.05964978626803,614.5299246932663,26.400459215398904,11.264491909026198,0.6000277726346973,21604,11.264491909026198,6.684331330682401,7.304094839798915,A_if_A_hits_first_else_B
M5,trend_pullback,fixed_tp_plus_mr,"{""adx_threshold"": 25, ""atr_stop"": 1.5, ""atr_target"": 1.0, ""confirmation_bars"": 2, ""leg_a_atr_target"": 0.8, ""pullback_rsi"": 35, ""session_filter"": ""London""}",1.6785301030914666,18.99180844182261,20.432895772254764,373.28945994567204,24.84735712782878,11.154401334872668,0.6753788182474144,12473,11.154401334872668,6.786500606794842,7.293671760881406,A_if_A_hits_first_else_B
M5,trend_pullback,fixed_tp_plus_mr,"{""adx_threshold"": 25, ""atr_stop"": 1.0, ""atr_target"": 1.5, ""confirmation_bars"": 2, ""leg_a_atr_target"": 0.8, ""pullback_rsi"": 30, ""session_filter"": ""NY""}",1.5092570870140272,11.265071095622416,20.678712112989587,154.11791131295396,26.873293838328422,9.648212260744943,0.5289641248641094,6439,9.648212260744943,8.021364766151521,7.28833985343172,A_if_A_hits_first_else_B
M5,trend_pullback,fixed_tp_plus_mr,"{""adx_threshold"": 25, ""atr_stop"": 1.0, ""atr_target"": 1.0, ""confirmation_bars"": 2, ""leg_a_atr_target"": 1.0, ""pullback_rsi"": 30, ""session_filter"": ""London_NY""}",1.6408920068541797,19.84679823325223,31.708242486145508,331.9821371087389,29.012083004056617,11.225516687252696,0.558041958041958,12870,11.225516687252696,6.684331330682401,7.26505834071636,A_if_A_hits_first_else_B
M5,trend_pullback,fixed_tp_plus_mr,"{""adx_threshold"": 25, ""atr_stop"": 1.0, ""atr_target"": 1.5, ""confirmation_bars"": 1, ""leg_a_atr_target"": 0.8, ""pullback_rsi"": 30, ""session_filter"": ""NY""}",1.5075272579896901,11.328642669632336,20.738038801633273,154.88132114953092,26.934028626254964,9.556149826314108,0.529627367135003,6548,9.556149826314108,8.021364766151521,7.255772035576061,A_if_A_hits_first_else_B
M5,trend_pullback,fixed_tp_plus_mr,"{""adx_threshold"": 25, ""atr_stop"": 1.0, ""atr_target"": 1.0, ""confirmation_bars"": 1, ""leg_a_atr_target"": 1.0, ""pullback_rsi"": 30, ""session_filter"": ""London_NY""}",1.6368793586167658,19.936481568637582,31.995399567287958,407.01104117811934,23.91440239836895,11.138342026982741,0.5564540738480317,13108,11.138342026982741,6.684331330682401,7.233744679974393,A_if_A_hits_first_else_B
M5,trend_pullback,fixed_tp_plus_mr,"{""adx_threshold"": 25, ""atr_stop"": 1.5, ""atr_target"": 1.0, ""confirmation_bars"": 1, ""leg_a_atr_target"": 0.8, ""pullback_rsi"": 35, ""session_filter"": ""London""}",1.6653220593773432,18.89904883314212,20.437561769040467,427.2723613458003,21.74323010505653,10.98488247312699,0.6735771716853224,12686,10.98488247312699,6.786500606794842,7.231698550527595,A_if_A_hits_first_else_B
M5,trend_pullback,fixed_tp_plus_mr,"{""adx_threshold"": 25, ""atr_stop"": 2.0, ""atr_target"": 1.5, ""confirmation_bars"": 1, ""leg_a_atr_target"": 1.0, ""pullback_rsi"": 30, ""session_filter"": ""London""}",1.4141914341326156,9.907765687581938,10.326488881222408,182.66253316667357,26.929468832526197,9.390998460828945,0.6306478299605447,7857,9.390998460828945,8.112583601503417,7.220350368793191,A_if_A_hits_first_else_B
M5,trend_pullback,fixed_tp_plus_mr,"{""adx_threshold"": 25, ""atr_stop"": 1.0, ""atr_target"": 1.0, ""confirmation_bars"": 2, ""leg_a_atr_target"": 1.0, ""pullback_rsi"": 30, ""session_filter"": ""London""}",1.6890058132266519,18.06590464831393,28.342427765754834,429.4623474192891,16.717630515237307,11.111627390160123,0.5672719768881552,9692,11.111627390160123,6.255537313903666,7.041862540458023,A_if_A_hits_first_else_B
M5,trend_pullback,fixed_tp_plus_mr,"{""adx_threshold"": 20, ""atr_stop"": 1.0, ""atr_target"": 1.5, ""confirmation_bars"": 2, ""leg_a_atr_target"": 0.8, ""pullback_rsi"": 30, ""session_filter"": ""NY""}",1.4761601249909757,13.241795854662575,23.395408523538784,245.2189073749604,23.447351111254644,8.879440677965999,0.5268197261402244,9713,8.879440677965999,8.021364766151521,7.012650407054479,A_if_A_hits_first_else_B
M5,trend_pullback,fixed_tp_plus_mr,"{""adx_threshold"": 25, ""atr_stop"": 1.0, ""atr_target"": 1.0, ""confirmation_bars"": 1, ""leg_a_atr_target"": 1.0, ""pullback_rsi"": 30, ""session_filter"": ""London""}",1.6790896403637217,18.07437392312174,28.54899389448264,449.7281263202753,16.101704243350618,10.960730494336936,0.5646821392532795,9910,10.960730494336936,6.255537313903666,6.987065392347322,A_if_A_hits_first_else_B
M5,trend_pullback,fixed_tp_plus_mr,"{""adx_threshold"": 20, ""atr_stop"": 1.0, ""atr_target"": 1.5, ""confirmation_bars"": 1, ""leg_a_atr_target"": 0.8, ""pullback_rsi"": 30, ""session_filter"": ""NY""}",1.4692031008645055,13.149867591135294,23.30121197947969,245.15028478801938,23.447351111254644,8.781125576609758,0.5261228230980751,9819,8.781125576609758,8.021364766151521,6.9768487167545015,A_if_A_hits_first_else_B
M5,trend_pullback,fixed_tp_plus_mr,"{""adx_threshold"": 25, ""atr_stop"": 1.5, ""atr_target"": 1.5, ""confirmation_bars"": 2, ""leg_a_atr_target"": 0.8, ""pullback_rsi"": 30, ""session_filter"": ""London_NY""}",1.496491429096285,14.365494238249061,17.9921671032817,466.82760862681874,16.6955227485883,9.732681018354306,0.6062271062271062,12012,9.732681018354306,7.240250699923929,6.963849457209031,A_if_A_hits_first_else_B
M5,trend_pullback,fixed_tp_plus_mr,"{""adx_threshold"": 20, ""atr_stop"": 1.0, ""atr_target"": 1.0, ""confirmation_bars"": 2, ""leg_a_atr_target"": 0.8, ""pullback_rsi"": 30, ""session_filter"": ""London""}",1.7941323012829027,26.206854099587396,39.407307271485934,668.1486506982462,17.63293601363226,10.821882184957337,0.6061236987140233,16330,10.821882184957337,6.255537313903666,6.961477016248298,A_if_A_hits_first_else_B
M5,trend_pullback,fixed_tp_plus_mr,"{""adx_threshold"": 20, ""atr_stop"": 1.0, ""atr_target"": 1.0, ""confirmation_bars"": 1, ""leg_a_atr_target"": 0.8, ""pullback_rsi"": 30, ""session_filter"": ""London""}",1.7796556782865107,26.096001554247643,39.24873487545356,586.9676019108343,20.12866176711539,10.67094682723809,0.604407514450867,16608,10.67094682723809,6.255537313903666,6.905754316447283,A_if_A_hits_first_else_B
M5,trend_pullback,fixed_tp_plus_mr,"{""adx_threshold"": 25, ""atr_stop"": 1.5, ""atr_target"": 1.5, ""confirmation_bars"": 1, ""leg_a_atr_target"": 0.8, ""pullback_rsi"": 30, ""session_filter"": ""London_NY""}",1.4837846896795073,14.22864320885198,17.77011774181707,566.1650293692581,13.657503257252445,9.475207171905573,0.6049342373989053,12241,9.475207171905573,7.240250699923929,6.87119226306862,A_if_A_hits_first_else_B
M5,trend_pullback,fixed_tp_plus_mr,"{""adx_threshold"": 25, ""atr_stop"": 1.5, ""atr_target"": 1.5, ""confirmation_bars"": 2, ""leg_a_atr_target"": 0.8, ""pullback_rsi"": 30, ""session_filter"": ""London""}",1.5343073668920357,13.048745654938731,16.15446403137635,299.10975141198605,19.36192121862779,9.65008794028364,0.6081981781826261,9002,9.65008794028364,6.786500606794842,6.7383175255353605,A_if_A_hits_first_else_B
M5,trend_pullback,fixed_tp_plus_mr,"{""adx_threshold"": 20, ""atr_stop"": 1.0, ""atr_target"": 1.0, ""confirmation_bars"": 2, ""leg_a_atr_target"": 1.0, ""pullback_rsi"": 30, ""session_filter"": ""London""}",1.6408359516112112,21.63317837979372,34.48319640736649,566.9511237512984,18.145896129939754,10.1953979277983,0.5614429175475687,15136,10.1953979277983,6.255537313903666,6.711548256308297,A_if_A_hits_first_else_B
M5,trend_pullback,fixed_tp_plus_mr,"{""adx_threshold"": 20, ""atr_stop"": 1.0, ""atr_target"": 1.0, ""confirmation_bars"": 1, ""leg_a_atr_target"": 1.0, ""pullback_rsi"": 30, ""session_filter"": ""London""}",1.6247394188033042,21.405446305952673,34.158127383492534,493.14955831249625,20.78532957354607,9.993119815326173,0.5590796828285455,15386,9.993119815326173,6.255537313903666,6.637531610381471,A_if_A_hits_first_else_B
M5,trend_pullback,fixed_tp_plus_mr,"{""adx_threshold"": 25, ""atr_stop"": 1.5, ""atr_target"": 1.5, ""confirmation_bars"": 1, ""leg_a_atr_target"": 0.8, ""pullback_rsi"": 30, ""session_filter"": ""London""}",1.514257836984881,12.841946192669848,15.850427695481656,304.1199351144153,18.780273753035615,9.305075977849713,0.6058433800369284,9207,9.305075977849713,6.786500606794842,6.613553432702055,A_if_A_hits_first_else_B
M5,trend_pullback,fixed_tp_plus_mr,"{""adx_threshold"": 20, ""atr_stop"": 1.5, ""atr_target"": 1.5, ""confirmation_bars"": 2, ""leg_a_atr_target"": 0.8, ""pullback_rsi"": 30, ""session_filter"": ""London_NY""}",1.4517297482009381,16.590265182862623,20.782374908242886,551.3598402958321,19.236423446042693,8.727938906413046,0.6026442835198595,18228,8.727938906413046,7.240250699923929,6.603237381850521,A_if_A_hits_first_else_B
M5,trend_pullback,fixed_tp_plus_mr,"{""adx_threshold"": 20, ""atr_stop"": 1.5, ""atr_target"": 1.5, ""confirmation_bars"": 1, ""leg_a_atr_target"": 0.8, ""pullback_rsi"": 30, ""session_filter"": ""London_NY""}",1.4497363324290236,16.65233312089336,20.942901198391226,577.9398028053051,18.55239723922332,8.69835219199766,0.602217414818821,18490,8.69835219199766,7.240250699923929,6.592483348650754,A_if_A_hits_first_else_B
M5,trend_pullback,fixed_tp_plus_mr,"{""adx_threshold"": 25, ""atr_stop"": 1.5, ""atr_target"": 1.5, ""confirmation_bars"": 2, ""leg_a_atr_target"": 1.0, ""pullback_rsi"": 30, ""session_filter"": ""London_NY""}",1.3771052945558357,11.239812172788088,14.797968311943453,242.59104847842787,26.271329784352805,8.707335964990445,0.5700883504872939,10979,8.707335964990445,7.240250699923929,6.581101461623591,A_if_A_hits_first_else_B
M5,trend_pullback,fixed_tp_plus_mr,"{""adx_threshold"": 25, ""atr_stop"": 1.5, ""atr_target"": 1.5, ""confirmation_bars"": 1, ""leg_a_atr_target"": 1.0, ""pullback_rsi"": 30, ""session_filter"": ""London_NY""}",1.3636123589542137,11.021614605378348,14.47748118113433,212.88284225368298,29.405404983990664,8.39279521444297,0.5685555952806578,11188,8.39279521444297,7.240250699923929,6.46831361181165,A_if_A_hits_first_else_B
M5,trend_pullback,fixed_tp_plus_mr,"{""adx_threshold"": 25, ""atr_stop"": 1.5, ""atr_target"": 1.5, ""confirmation_bars"": 2, ""leg_a_atr_target"": 1.0, ""pullback_rsi"": 30, ""session_filter"": ""London""}",1.4081993215046709,10.29508572413091,13.255649472338973,165.22491383153664,28.93057344783249,8.703662609277217,0.57319737800437,8238,8.703662609277217,6.786500606794842,6.381847050605638,A_if_A_hits_first_else_B
M5,trend_pullback,fixed_tp_plus_mr,"{""adx_threshold"": 20, ""atr_stop"": 1.5, ""atr_target"": 1.5, ""confirmation_bars"": 2, ""leg_a_atr_target"": 0.8, ""pullback_rsi"": 30, ""session_filter"": ""London""}",1.4736668208310135,15.016942363810724,18.641402339912382,425.54038351150234,18.488473557312087,8.447665133988068,0.6037222619899785,13970,8.447665133988068,6.786500606794842,6.305341434119705,A_if_A_hits_first_else_B
M5,trend_pullback,fixed_tp_plus_mr,"{""adx_threshold"": 20, ""atr_stop"": 1.5, ""atr_target"": 1.5, ""confirmation_bars"": 1, ""leg_a_atr_target"": 0.8, ""pullback_rsi"": 30, ""session_filter"": ""London""}",1.4656829033378553,14.947106479893167,18.61355654936653,455.9552976167551,17.294570561135895,8.32804801875313,0.6027599802858551,14203,8.32804801875313,6.786500606794842,6.261878660288845,A_if_A_hits_first_else_B
M5,trend_pullback,fixed_tp_plus_mr,"{""adx_threshold"": 25, ""atr_stop"": 1.5, ""atr_target"": 1.5, ""confirmation_bars"": 1, ""leg_a_atr_target"": 1.0, ""pullback_rsi"": 30, ""session_filter"": ""London""}",1.3894636277018464,10.041431042763794,12.88983935143366,173.00664002896164,27.001583675204227,8.309237401472643,0.5708526028696786,8433,8.309237401472643,6.786500606794842,6.240051089113474,A_if_A_hits_first_else_B
M5,trend_pullback,fixed_tp_plus_mr,"{""adx_threshold"": 25, ""atr_stop"": 1.0, ""atr_target"": 1.5, ""confirmation_bars"": 2, ""leg_a_atr_target"": 0.8, ""pullback_rsi"": 30, ""session_filter"": ""London_NY""}",1.4830388907056036,15.014056367542143,25.04174296579198,266.94681547862484,27.85715104496002,8.372413600269226,0.5272836448247392,13323,8.372413600269226,6.684331330682401,6.23490163704243,A_if_A_hits_first_else_B
M5,trend_pullback,fixed_tp_plus_mr,"{""adx_threshold"": 25, ""atr_stop"": 1.0, ""atr_target"": 1.5, ""confirmation_bars"": 1, ""leg_a_atr_target"": 0.8, ""pullback_rsi"": 30, ""session_filter"": ""London_NY""}",1.4674038898185782,14.76153126438911,24.53661862227533,274.7161177370316,26.73482691745947,8.11545619794028,0.5257458563535912,13575,8.11545619794028,6.684331330682401,6.141839546049893,A_if_A_hits_first_else_B
M5,trend_pullback,fixed_tp_plus_mr,"{""adx_threshold"": 25, ""atr_stop"": 1.0, ""atr_target"": 1.5, ""confirmation_bars"": 2, ""leg_a_atr_target"": 0.8, ""pullback_rsi"": 30, ""session_filter"": ""London""}",1.4992611412243402,13.258916077958624,21.82139099559292,317.71301574201874,16.831413656757594,8.055170504252647,0.5277164089174533,9958,8.055170504252647,6.255537313903666,5.934153695989944,A_if_A_hits_first_else_B
M5,trend_pullback,fixed_tp_plus_mr,"{""adx_threshold"": 20, ""atr_stop"": 1.0, ""atr_target"": 1.5, ""confirmation_bars"": 2, ""leg_a_atr_target"": 0.8, ""pullback_rsi"": 30, ""session_filter"": ""London_NY""}",1.4413926473264835,17.46279859930599,29.052088175111855,401.18993672649646,25.39484148366044,7.523375312368297,0.5232609658839167,20313,7.523375312368297,6.684331330682401,5.929408987601281,A_if_A_hits_first_else_B
M5,trend_pullback,fixed_tp_plus_mr,"{""adx_threshold"": 20, ""atr_stop"": 1.0, ""atr_target"": 1.5, ""confirmation_bars"": 1, ""leg_a_atr_target"": 0.8, ""pullback_rsi"": 30, ""session_filter"": ""London_NY""}",1.4273203823114542,17.125791941836557,28.484012941728498,354.29465528205424,28.375782069948713,7.31900693566627,0.5217433508056688,20604,7.31900693566627,6.684331330682401,5.855065602752565,A_if_A_hits_first_else_B
M5,trend_pullback,fixed_tp_plus_mr,"{""adx_threshold"": 25, ""atr_stop"": 1.0, ""atr_target"": 1.5, ""confirmation_bars"": 1, ""leg_a_atr_target"": 0.8, ""pullback_rsi"": 30, ""session_filter"": ""London""}",1.4757199272009263,12.903629811674334,21.158331561009216,342.79217848136335,15.286220120991281,7.721016742662441,0.525147347740668,10180,7.721016742662441,6.255537313903666,5.81249163662869,A_if_A_hits_first_else_B
M5,trend_pullback,fixed_tp_plus_mr,"{""adx_threshold"": 25, ""atr_stop"": 1.0, ""atr_target"": 1.5, ""confirmation_bars"": 2, ""leg_a_atr_target"": 1.0, ""pullback_rsi"": 30, ""session_filter"": ""London""}",1.402877268368026,10.845145691268575,19.10240539141875,197.9357316414416,23.15866698964042,7.3918421217506465,0.48269189421629755,9302,7.3918421217506465,6.255537313903666,5.682711987542981,A_if_A_hits_first_else_B
M5,trend_pullback,fixed_tp_plus_mr,"{""adx_threshold"": 25, ""atr_stop"": 1.0, ""atr_target"": 1.5, ""confirmation_bars"": 1, ""leg_a_atr_target"": 1.0, ""pullback_rsi"": 30, ""session_filter"": ""London""}",1.3804428309246513,10.459138336550986,18.358399121376227,199.70743716230248,22.287319637134033,7.015989101432976,0.47992854140395125,9516,7.015989101432976,6.255537313903666,5.546676542943122,A_if_A_hits_first_else_B
M5,trend_pullback,fixed_tp_plus_mr,"{""adx_threshold"": 20, ""atr_stop"": 1.0, ""atr_target"": 1.5, ""confirmation_bars"": 2, ""leg_a_atr_target"": 0.8, ""pullback_rsi"": 30, ""session_filter"": ""London""}",1.428199286898259,14.862979263019145,24.283639225648955,459.41845715260865,15.435004742475547,6.846478564235938,0.5227857878475798,15536,6.846478564235938,6.255537313903666,5.49689914611888,A_if_A_hits_first_else_B
M5,trend_pullback,fixed_tp_plus_mr,"{""adx_threshold"": 20, ""atr_stop"": 1.0, ""atr_target"": 1.5, ""confirmation_bars"": 1, ""leg_a_atr_target"": 0.8, ""pullback_rsi"": 30, ""session_filter"": ""London""}",1.4112181491459048,14.508529255676875,23.649066162791925,386.9891724322658,17.97876820154576,6.610326160059289,0.520965290093742,15788,6.610326160059289,6.255537313903666,5.410849577106582,A_if_A_hits_first_else_B
M5,trend_pullback,fixed_tp_plus_mr,"{""adx_threshold"": 20, ""atr_stop"": 1.0, ""atr_target"": 1.5, ""confirmation_bars"": 2, ""leg_a_atr_target"": 1.0, ""pullback_rsi"": 30, ""session_filter"": ""London""}",1.3450038737316363,12.09404466888631,21.08265925363639,307.29485265260575,19.64979422907548,6.235745909409027,0.479104991394148,14525,6.235745909409027,6.255537313903666,5.2665036342961375,A_if_A_hits_first_else_B
M5,trend_pullback,fixed_tp_plus_mr,"{""adx_threshold"": 20, ""atr_stop"": 1.0, ""atr_target"": 1.5, ""confirmation_bars"": 1, ""leg_a_atr_target"": 1.0, ""pullback_rsi"": 30, ""session_filter"": ""London""}",1.3257418655995876,11.614430323659064,20.22066071118582,300.32559188443315,19.402047181258453,5.928506379449022,0.47636166316217865,14743,5.928506379449022,6.255537313903666,5.155117397183725,A_if_A_hits_first_else_B
M15,trend_pullback,partial_tp_mr_time_stop,"{""adx_threshold"": 25.0, ""atr_stop"": 3.0, ""atr_target"": 2.5, ""confirmation_bars"": 2, ""leg_a_atr_target"": 1.0, ""pullback_rsi"": 35.0, ""session_filter"": ""London"", ""time_stop_minutes"": 180, ""trail_mult"": 1.5}",3.6983232768952465,0.9546455839962745,51.97230288760697,17.671919678335314,152.31416868197496,53.40642370675154,0.4351851851851852,756,53.40642370675154,-15.569943619959934,12.425438323760117,A_if_A_hits_first_else_B
M15,trend_pullback,partial_tp_mr_time_stop,"{""adx_threshold"": 25.0, ""atr_stop"": 3.0, ""atr_target"": 3.0, ""confirmation_bars"": 2, ""leg_a_atr_target"": 1.0, ""pullback_rsi"": 35.0, ""session_filter"": ""London"", ""time_stop_minutes"": 120, ""trail_mult"": 1.5}",3.6983232768952465,0.9546455839962745,51.97230288760697,17.671919678335314,152.31416868197496,53.40642370675154,0.4351851851851852,756,53.40642370675154,-15.569943619959933,12.425438323760117,A_if_A_hits_first_else_B
M15,trend_pullback,partial_tp_mr_time_stop,"{""adx_threshold"": 25.0, ""atr_stop"": 3.0, ""atr_target"": 3.0, ""confirmation_bars"": 2, ""leg_a_atr_target"": 1.0, ""pullback_rsi"": 35.0, ""session_filter"": ""London"", ""time_stop_minutes"": 180, ""trail_mult"": 1.5}",3.6983232768952465,0.9546455839962745,51.97230288760697,17.671919678335314,152.31416868197496,53.40642370675154,0.4351851851851852,756,53.40642370675154,-15.569943619959933,12.425438323760117,A_if_A_hits_first_else_B
M15,trend_pullback,partial_tp_mr_time_stop,"{""adx_threshold"": 25.0, ""atr_stop"": 3.0, ""atr_target"": 3.0, ""confirmation_bars"": 2, ""leg_a_atr_target"": 1.0, ""pullback_rsi"": 35.0, ""session_filter"": ""London"", ""time_stop_minutes"": 240, ""trail_mult"": 1.5}",3.6983232768952465,0.9546455839962745,51.97230288760697,17.671919678335314,152.31416868197496,53.40642370675154,0.4351851851851852,756,53.40642370675154,-15.569943619959933,12.425438323760117,A_if_A_hits_first_else_B
M15,trend_pullback,partial_tp_mr_time_stop,"{""adx_threshold"": 25.0, ""atr_stop"": 3.0, ""atr_target"": 2.0, ""confirmation_bars"": 2, ""leg_a_atr_target"": 1.0, ""pullback_rsi"": 35.0, ""session_filter"": ""London"", ""time_stop_minutes"": 120, ""trail_mult"": 1.5}",3.6983232768952465,0.9546455839962745,51.97230288760697,17.671919678335314,152.31416868197496,53.40642370675154,0.4351851851851852,756,53.40642370675154,-15.569943619959936,12.425438323760115,A_if_A_hits_first_else_B
M15,trend_pullback,partial_tp_mr_time_stop,"{""adx_threshold"": 25.0, ""atr_stop"": 3.0, ""atr_target"": 2.0, ""confirmation_bars"": 2, ""leg_a_atr_target"": 1.0, ""pullback_rsi"": 35.0, ""session_filter"": ""London"", ""time_stop_minutes"": 180, ""trail_mult"": 1.5}",3.6983232768952465,0.9546455839962745,51.97230288760697,17.671919678335314,152.31416868197496,53.40642370675154,0.4351851851851852,756,53.40642370675154,-15.569943619959936,12.425438323760115,A_if_A_hits_first_else_B
M15,trend_pullback,partial_tp_mr_time_stop,"{""adx_threshold"": 25.0, ""atr_stop"": 3.0, ""atr_target"": 2.0, ""confirmation_bars"": 2, ""leg_a_atr_target"": 1.0, ""pullback_rsi"": 35.0, ""session_filter"": ""London"", ""time_stop_minutes"": 240, ""trail_mult"": 1.5}",3.6983232768952465,0.9546455839962745,51.97230288760697,17.671919678335314,152.31416868197496,53.40642370675154,0.4351851851851852,756,53.40642370675154,-15.569943619959936,12.425438323760115,A_if_A_hits_first_else_B
M15,trend_pullback,partial_tp_mr_time_stop,"{""adx_threshold"": 25.0, ""atr_stop"": 3.0, ""atr_target"": 2.5, ""confirmation_bars"": 2, ""leg_a_atr_target"": 1.0, ""pullback_rsi"": 35.0, ""session_filter"": ""London"", ""time_stop_minutes"": 120, ""trail_mult"": 1.5}",3.6983232768952465,0.9546455839962745,51.97230288760697,17.671919678335314,152.31416868197496,53.40642370675154,0.4351851851851852,756,53.40642370675154,-15.569943619959936,12.425438323760115,A_if_A_hits_first_else_B
M15,trend_pullback,partial_tp_mr_time_stop,"{""adx_threshold"": 25.0, ""atr_stop"": 3.0, ""atr_target"": 2.5, ""confirmation_bars"": 2, ""leg_a_atr_target"": 1.0, ""pullback_rsi"": 35.0, ""session_filter"": ""London"", ""time_stop_minutes"": 240, ""trail_mult"": 1.5}",3.6983232768952465,0.9546455839962745,51.97230288760697,17.671919678335314,152.31416868197496,53.40642370675154,0.4351851851851852,756,53.40642370675154,-15.569943619959936,12.425438323760115,A_if_A_hits_first_else_B
M15,trend_pullback,partial_tp_mr_time_stop,"{""adx_threshold"": 25.0, ""atr_stop"": 3.0, ""atr_target"": 2.5, ""confirmation_bars"": 1, ""leg_a_atr_target"": 1.0, ""pullback_rsi"": 35.0, ""session_filter"": ""London"", ""time_stop_minutes"": 180, ""trail_mult"": 1.5}",3.479544894727489,0.943801839130928,45.958988406494015,14.083360942103136,188.97277785571148,50.854238957462286,0.42929936305732486,785,50.854238957462286,-15.569943619959934,11.488417985075328,A_if_A_hits_first_else_B
M15,trend_pullback,partial_tp_mr_time_stop,"{""adx_threshold"": 25.0, ""atr_stop"": 3.0, ""atr_target"": 3.0, ""confirmation_bars"": 1, ""leg_a_atr_target"": 1.0, ""pullback_rsi"": 35.0, ""session_filter"": ""London"", ""time_stop_minutes"": 120, ""trail_mult"": 1.5}",3.479544894727489,0.943801839130928,45.958988406494015,14.083360942103136,188.97277785571148,50.854238957462286,0.42929936305732486,785,50.854238957462286,-15.569943619959933,11.488417985075328,A_if_A_hits_first_else_B
M15,trend_pullback,partial_tp_mr_time_stop,"{""adx_threshold"": 25.0, ""atr_stop"": 3.0, ""atr_target"": 3.0, ""confirmation_bars"": 1, ""leg_a_atr_target"": 1.0, ""pullback_rsi"": 35.0, ""session_filter"": ""London"", ""time_stop_minutes"": 180, ""trail_mult"": 1.5}",3.479544894727489,0.943801839130928,45.958988406494015,14.083360942103136,188.97277785571148,50.854238957462286,0.42929936305732486,785,50.854238957462286,-15.569943619959933,11.488417985075328,A_if_A_hits_first_else_B
M15,trend_pullback,partial_tp_mr_time_stop,"{""adx_threshold"": 25.0, ""atr_stop"": 3.0, ""atr_target"": 3.0, ""confirmation_bars"": 1, ""leg_a_atr_target"": 1.0, ""pullback_rsi"": 35.0, ""session_filter"": ""London"", ""time_stop_minutes"": 240, ""trail_mult"": 1.5}",3.479544894727489,0.943801839130928,45.958988406494015,14.083360942103136,188.97277785571148,50.854238957462286,0.42929936305732486,785,50.854238957462286,-15.569943619959933,11.488417985075328,A_if_A_hits_first_else_B
M15,trend_pullback,partial_tp_mr_time_stop,"{""adx_threshold"": 25.0, ""atr_stop"": 3.0, ""atr_target"": 2.0, ""confirmation_bars"": 1, ""leg_a_atr_target"": 1.0, ""pullback_rsi"": 35.0, ""session_filter"": ""London"", ""time_stop_minutes"": 120, ""trail_mult"": 1.5}",3.479544894727489,0.943801839130928,45.958988406494015,14.083360942103136,188.97277785571148,50.854238957462286,0.42929936305732486,785,50.854238957462286,-15.569943619959936,11.488417985075326,A_if_A_hits_first_else_B
M15,trend_pullback,partial_tp_mr_time_stop,"{""adx_threshold"": 25.0, ""atr_stop"": 3.0, ""atr_target"": 2.0, ""confirmation_bars"": 1, ""leg_a_atr_target"": 1.0, ""pullback_rsi"": 35.0, ""session_filter"": ""London"", ""time_stop_minutes"": 180, ""trail_mult"": 1.5}",3.479544894727489,0.943801839130928,45.958988406494015,14.083360942103136,188.97277785571148,50.854238957462286,0.42929936305732486,785,50.854238957462286,-15.569943619959936,11.488417985075326,A_if_A_hits_first_else_B
M15,trend_pullback,partial_tp_mr_time_stop,"{""adx_threshold"": 25.0, ""atr_stop"": 3.0, ""atr_target"": 2.0, ""confirmation_bars"": 1, ""leg_a_atr_target"": 1.0, ""pullback_rsi"": 35.0, ""session_filter"": ""London"", ""time_stop_minutes"": 240, ""trail_mult"": 1.5}",3.479544894727489,0.943801839130928,45.958988406494015,14.083360942103136,188.97277785571148,50.854238957462286,0.42929936305732486,785,50.854238957462286,-15.569943619959936,11.488417985075326,A_if_A_hits_first_else_B
M15,trend_pullback,partial_tp_mr_time_stop,"{""adx_threshold"": 25.0, ""atr_stop"": 3.0, ""atr_target"": 2.5, ""confirmation_bars"": 1, ""leg_a_atr_target"": 1.0, ""pullback_rsi"": 35.0, ""session_filter"": ""London"", ""time_stop_minutes"": 120, ""trail_mult"": 1.5}",3.479544894727489,0.943801839130928,45.958988406494015,14.083360942103136,188.97277785571148,50.854238957462286,0.42929936305732486,785,50.854238957462286,-15.569943619959936,11.488417985075326,A_if_A_hits_first_else_B
M15,trend_pullback,partial_tp_mr_time_stop,"{""adx_threshold"": 25.0, ""atr_stop"": 3.0, ""atr_target"": 2.5, ""confirmation_bars"": 1, ""leg_a_atr_target"": 1.0, ""pullback_rsi"": 35.0, ""session_filter"": ""London"", ""time_stop_minutes"": 240, ""trail_mult"": 1.5}",3.479544894727489,0.943801839130928,45.958988406494015,14.083360942103136,188.97277785571148,50.854238957462286,0.42929936305732486,785,50.854238957462286,-15.569943619959936,11.488417985075326,A_if_A_hits_first_else_B
M15,trend_pullback,partial_tp_mr_time_stop,"{""adx_threshold"": 25.0, ""atr_stop"": 2.5, ""atr_target"": 2.0, ""confirmation_bars"": 2, ""leg_a_atr_target"": 1.5, ""pullback_rsi"": 35.0, ""session_filter"": ""London"", ""time_stop_minutes"": 120, ""trail_mult"": 2.0}",2.795525869088278,1.013094145614376,46.66615708859058,34.205726463527455,83.58700294223848,49.523455402106364,0.40877598152424943,866,49.523455402106364,-13.670385390301128,11.740641138919376,A_if_A_hits_first_else_B
M15,trend_pullback,partial_tp_mr_time_stop,"{""adx_threshold"": 25.0, ""atr_stop"": 2.5, ""atr_target"": 2.0, ""confirmation_bars"": 2, ""leg_a_atr_target"": 1.5, ""pullback_rsi"": 35.0, ""session_filter"": ""London"", ""time_stop_minutes"": 180, ""trail_mult"": 2.0}",2.795525869088278,1.013094145614376,46.66615708859058,34.205726463527455,83.58700294223848,49.523455402106364,0.40877598152424943,866,49.523455402106364,-13.670385390301128,11.740641138919376,A_if_A_hits_first_else_B
M15,trend_pullback,partial_tp_mr_time_stop,"{""adx_threshold"": 25.0, ""atr_stop"": 2.5, ""atr_target"": 2.0, ""confirmation_bars"": 2, ""leg_a_atr_target"": 1.5, ""pullback_rsi"": 35.0, ""session_filter"": ""London"", ""time_stop_minutes"": 240, ""trail_mult"": 2.0}",2.795525869088278,1.013094145614376,46.66615708859058,34.205726463527455,83.58700294223848,49.523455402106364,0.40877598152424943,866,49.523455402106364,-13.670385390301128,11.740641138919376,A_if_A_hits_first_else_B
M15,trend_pullback,partial_tp_mr_time_stop,"{""adx_threshold"": 25.0, ""atr_stop"": 2.5, ""atr_target"": 2.5, ""confirmation_bars"": 2, ""leg_a_atr_target"": 1.5, ""pullback_rsi"": 35.0, ""session_filter"": ""London"", ""time_stop_minutes"": 120, ""trail_mult"": 2.0}",2.795525869088278,1.013094145614376,46.66615708859058,34.205726463527455,83.58700294223848,49.523455402106364,0.40877598152424943,866,49.523455402106364,-13.670385390301128,11.740641138919376,A_if_A_hits_first_else_B
M15,trend_pullback,partial_tp_mr_time_stop,"{""adx_threshold"": 25.0, ""atr_stop"": 2.5, ""atr_target"": 2.5, ""confirmation_bars"": 2, ""leg_a_atr_target"": 1.5, ""pullback_rsi"": 35.0, ""session_filter"": ""London"", ""time_stop_minutes"": 180, ""trail_mult"": 2.0}",2.795525869088278,1.013094145614376,46.66615708859058,34.205726463527455,83.58700294223848,49.523455402106364,0.40877598152424943,866,49.523455402106364,-13.670385390301128,11.740641138919376,A_if_A_hits_first_else_B
M15,trend_pullback,partial_tp_mr_time_stop,"{""adx_threshold"": 25.0, ""atr_stop"": 2.5, ""atr_target"": 2.5, ""confirmation_bars"": 2, ""leg_a_atr_target"": 1.5, ""pullback_rsi"": 35.0, ""session_filter"": ""London"", ""time_stop_minutes"": 240, ""trail_mult"": 2.0}",2.795525869088278,1.013094145614376,46.66615708859058,34.205726463527455,83.58700294223848,49.523455402106364,0.40877598152424943,866,49.523455402106364,-13.670385390301128,11.740641138919376,A_if_A_hits_first_else_B
M15,trend_pullback,partial_tp_mr_time_stop,"{""adx_threshold"": 25.0, ""atr_stop"": 2.5, ""atr_target"": 3.0, ""confirmation_bars"": 2, ""leg_a_atr_target"": 1.5, ""pullback_rsi"": 35.0, ""session_filter"": ""London"", ""time_stop_minutes"": 120, ""trail_mult"": 2.0}",2.795525869088278,1.013094145614376,46.66615708859058,34.205726463527455,83.58700294223848,49.523455402106364,0.40877598152424943,866,49.523455402106364,-13.670385390301128,11.740641138919376,A_if_A_hits_first_else_B
M15,trend_pullback,partial_tp_mr_time_stop,"{""adx_threshold"": 25.0, ""atr_stop"": 2.5, ""atr_target"": 3.0, ""confirmation_bars"": 2, ""leg_a_atr_target"": 1.5, ""pullback_rsi"": 35.0, ""session_filter"": ""London"", ""time_stop_minutes"": 180, ""trail_mult"": 2.0}",2.795525869088278,1.013094145614376,46.66615708859058,34.205726463527455,83.58700294223848,49.523455402106364,0.40877598152424943,866,49.523455402106364,-13.670385390301128,11.740641138919376,A_if_A_hits_first_else_B
M15,trend_pullback,partial_tp_mr_time_stop,"{""adx_threshold"": 25.0, ""atr_stop"": 2.5, ""atr_target"": 3.0, ""confirmation_bars"": 2, ""leg_a_atr_target"": 1.5, ""pullback_rsi"": 35.0, ""session_filter"": ""London"", ""time_stop_minutes"": 240, ""trail_mult"": 2.0}",2.795525869088278,1.013094145614376,46.66615708859058,34.205726463527455,83.58700294223848,49.523455402106364,0.40877598152424943,866,49.523455402106364,-13.670385390301128,11.740641138919376,A_if_A_hits_first_else_B
M15,trend_pullback,partial_tp_mr_time_stop,"{""adx_threshold"": 25.0, ""atr_stop"": 2.0, ""atr_target"": 2.0, ""confirmation_bars"": 2, ""leg_a_atr_target"": 1.0, ""pullback_rsi"": 35.0, ""session_filter"": ""London"", ""time_stop_minutes"": 120, ""trail_mult"": 1.5}",3.5194003659386555,0.9363830112892184,61.39893509999285,14.311090151516483,184.49242099796712,49.19790687900819,0.4012422360248447,805,49.19790687900819,-16.2410511392133,10.61467446819461,A_if_A_hits_first_else_B
M15,trend_pullback,partial_tp_mr_time_stop,"{""adx_threshold"": 25.0, ""atr_stop"": 2.0, ""atr_target"": 2.0, ""confirmation_bars"": 2, ""leg_a_atr_target"": 1.0, ""pullback_rsi"": 35.0, ""session_filter"": ""London"", ""time_stop_minutes"": 180, ""trail_mult"": 1.5}",3.5194003659386555,0.9363830112892184,61.39893509999285,14.311090151516483,184.49242099796712,49.19790687900819,0.4012422360248447,805,49.19790687900819,-16.2410511392133,10.61467446819461,A_if_A_hits_first_else_B
M15,trend_pullback,partial_tp_mr_time_stop,"{""adx_threshold"": 25.0, ""atr_stop"": 2.0, ""atr_target"": 2.0, ""confirmation_bars"": 2, ""leg_a_atr_target"": 1.0, ""pullback_rsi"": 35.0, ""session_filter"": ""London"", ""time_stop_minutes"": 240, ""trail_mult"": 1.5}",3.5194003659386555,0.9363830112892184,61.39893509999285,14.311090151516483,184.49242099796712,49.19790687900819,0.4012422360248447,805,49.19790687900819,-16.2410511392133,10.61467446819461,A_if_A_hits_first_else_B
