timeframe,scenario,xgb_threshold,score,win_rate,profit_factor,max_drawdown_pct,n_trades,ending_balance_cents,net_return_pct,relative_score_drop_is_to_oos
M15,IS,0.15,5.342373924114968,0.5440210249671484,2.5424522917582046,23.193495590597205,761,22749.957737293375,1416.663849152892,0.7398416260701863
M15,OOS,0.15,1.3898633122829465,0.47692307692307695,7.0717261507226885,11.386828893168513,65,14502.293382262333,866.8195588174889,0.7398416260701863
M5,IS,0.15,9.423663029521828,0.5858823529411765,2.8000027386925237,6.412389959357909,2125,44104.64031500525,2840.3093543336777,0.5404117386335194
M5,OOS,0.15,4.331004906901106,0.6012024048096193,3.20577513935103,24.391259927559066,499,36401.89486170442,2326.7929907802936,0.5404117386335194
