timeframe,scenario,xgb_threshold,score,win_rate,profit_factor,max_drawdown_pct,n_trades,ending_balance_cents,net_return_pct,net_profit_cents,profit_per_trade_cents,profit_per_trade_usd,relative_score_drop_is_to_oos
M15,IS,0.15,44.34202283540546,0.9499389499389499,22.57232227412888,4.93391635581856,1638,53605.64080236851,3473.709386824572,52105.64080236851,31.810525520371495,0.31810525520371496,0.604016450327139
M15,OOS,0.15,17.5587116014349,0.9704433497536946,42.49817389343551,2.032730833926577,406,43470.547421797826,2798.036494786524,41970.547421797826,103.3757325660045,1.033757325660045,0.604016450327139
M5,IS,0.15,116.08876395674649,0.9871037911746426,72.84191489489025,2.485003240800081,6436,80702.94541820807,5280.196361213859,79202.94541820807,12.306237634898705,0.12306237634898705,0.6280945785052012
M5,OOS,0.15,43.1740406895159,0.988265306122449,78.13501531670059,1.6619108934482798,1960,78493.86546831821,5132.924364554548,76993.86546831821,39.28258442261133,0.3928258442261133,0.6280945785052012
