{"timestamp": 1775749655.5421815, "tf": "M5", "best_score": 5.150384458557411}