{"timestamp": 1775754958.6410613, "tf": "M5", "best_score": 4.882846936049799}