{"timestamp": 1775558211.952762, "tf": "M5", "best_score": 4.4939691003534685}