{"timestamp": 1776092348.3391533, "tf": "M5", "best_score": 2.4810574957119442}