{"timestamp": 1775067111.8373868, "tf": "M5", "best_score": 5.844838514347124}