{
  "params": {
    "obs_cov": 3.594379331219064,
    "trans_cov": 0.0259106338456095,
    "n_states": 4,
    "max_depth": 4,
    "reg_alpha": 0.000533802880418782,
    "reg_lambda": 0.0018901537169766392,
    "min_child_weight": 16,
    "learning_rate": 0.049304400460198856,
    "n_estimators": 500,
    "subsample": 0.5839667253952701,
    "colsample_bytree": 0.8082948169265645,
    "gamma": 0.012143906946947445,
    "scale_pos_weight": 0.7697768871601046
  },
  "score": -0.7608099427498621,
  "tf": "M15",
  "broker": "headway_cent"
}