{
  "params": {
    "obs_cov": 0.5046336688817099,
    "trans_cov": 0.0010795911916802235,
    "n_states": 3,
    "max_depth": 6,
    "reg_alpha": 0.3347784597303453,
    "reg_lambda": 0.013215525381916495,
    "min_child_weight": 32,
    "learning_rate": 0.006952810660356771,
    "n_estimators": 250,
    "subsample": 0.7153338228026468,
    "colsample_bytree": 0.4343130572277933,
    "gamma": 0.0007865387312623755,
    "scale_pos_weight": 1.0444078625439002
  },
  "score": 2.5254957510520817,
  "tf": "H1",
  "broker": "headway_cent"
}