{
  "params": {
    "obs_cov": 1.9595047037103188,
    "trans_cov": 0.005723189136576286,
    "n_states": 4,
    "max_depth": 7,
    "reg_alpha": 0.08701971343175365,
    "reg_lambda": 1.0712884470024058,
    "min_child_weight": 5,
    "learning_rate": 0.021932000898922676,
    "n_estimators": 250,
    "subsample": 0.7255944703487948,
    "colsample_bytree": 0.9657220160019852,
    "gamma": 0.00218100599957278,
    "scale_pos_weight": 0.881442928255232
  },
  "score": 0.19231134469554875,
  "tf": "M15",
  "broker": "headway_cent"
}